ticket_id,created_at,first_response_at,resolved_at,status,channel,customer_id,order_id,product_sku,category,priority,assigned_team,agent_id,transfers,csat_score,refund_amount_inr,refund_reason_code,replacement_issued,customer_message,agent_notes,source_system
TK-240001,2025-01-01 09:48,2025-01-01 11:34,2025-01-01 11:49,resolved,email,C106340,,VA-EB-AIR,Account & Login,Low,Email Frontline,A3027,2,5.0,,,N,"hii
cannot login to my account
hello??","Contact re login issue. Checked OTP logs. xfer to Logistics. Number updated, rslvd.",helpdesk
TK-240001,2025-01-01 09:48,2025-01-01 11:34,2025-01-01 06:19,resolved,email,C106340,,VA-EB-AIR,Account & Login,Low,Email Frontline,A3027,2,5.0,,,N,"hii
cannot login to my account
hello??","Contact re login issue. Checked OTP logs. xfer to Logistics. Number updated, rslvd.",legacy_fd
TK-240005,2025-01-01 20:24,2025-01-01 20:37,2025-01-03 20:52,resolved,voice,C102389,,VA-EB-PL1,Delivery & Shipping,High,Logistics,A3029,0,4.0,1250.0,DOA-REPL,N,"[IVR transcript] hi the parcel looked like it was kiked here from the warehouse, and the unit has a crack my pulse","damaged in transit | chk w/ crr for damage claim -> rfnd approved, rs 1250, 5-7 working days [closed]",helpdesk
TK-240005,2025-01-01 20:24,2025-01-01 20:37,2025-01-03 15:22,resolved,voice,C102389,,VA-EB-PL1,Delivery & Shipping,High,Logistics,A3029,0,4.0,1250.0,DOA-REPL,N,"[IVR transcript] hi the parcel looked like it was kiked here from the warehouse, and the unit has a crack my pulse","damaged in transit | chk w/ crr for damage claim -> rfnd approved, rs 1250, 5-7 working days [closed]",legacy_fd
TK-240013,2025-01-02 20:23,2025-01-02 20:24,2025-01-02 20:57,resolved,chat,C109161,,VA-SW-NX1,Connectivity,Normal,Chat Frontline,A3010,0,,,,N,"helo
bluetooth pairing fails every time
nexa watch",see prev,helpdesk
TK-240013,2025-01-02 20:23,2025-01-02 20:24,2025-01-02 15:27,resolved,chat,C109161,,VA-SW-NX1,Connectivity,Normal,Chat Frontline,A3010,0,0.0,,,N,"helo
bluetooth pairing fails every time
nexa watch",see prev,legacy_fd
TK-240014,2025-01-02 21:36,2025-01-02 22:48,,open,social,C100732,VR901926,VA-SW-FIT,Delivery & Shipping,Normal,Logistics,A3037,1,3.0,,,N,"hello ji
tracking has said out for delivery for a week now
a month ago se
my nexa fit band VR901926
help","1. Shipment not rcvd
2. Raised ticket w/ courier partner
3. Transferred to Returns Desk
4. Refund initiated as lost in transit",helpdesk
TK-240014,2025-01-02 21:36,2025-01-02 22:48,,open,social,C100732,VR901926,VA-SW-FIT,Delivery & Shipping,Normal,Logistics,A3037,1,3.0,,,N,"hello ji
tracking has said out for delivery for a week now
a month ago se
my nexa fit band VR901926
help","1. Shipment not rcvd
2. Raised ticket w/ courier partner
3. Transferred to Returns Desk
4. Refund initiated as lost in transit",legacy_fd
TK-240023,2025-01-03 10:01,2025-01-03 10:01,2025-01-03 10:11,closed,chat,C104851,VR887990,VA-SP-ORB,Product Enquiry,Low,Chat Frontline,A3011,0,3.0,,,N,honsetly regretting this purchase. tis is regardding my orbit. before i buy - will this talk to a 2019 samsung. escalate this to someone senior.,as discussed,helpdesk
TK-240023,2025-01-03 10:01,2025-01-03 10:01,2025-01-03 04:41,closed,chat,C104851,VR887990,VA-SP-ORB,Product Enquiry,Low,Chat Frontline,A3011,0,3.0,,,N,honsetly regretting this purchase. tis is regardding my orbit. before i buy - will this talk to a 2019 samsung. escalate this to someone senior.,as discussed,legacy_fd
TK-240028,2025-01-03 12:34,2025-01-03 14:03,2025-01-03 14:12,resolved,voice,C100546,VR904448,VA-NB-ARC,Billing & Payments,Normal,Billing,A3033,0,4.0,,,N,"[IVR transcript] Pathetic experience honestly.  the neckband purchased recently, order VR904448. invoice not downloading. I already checked orders page. Fix this or I am posting on twitter.",sorted ~Diya,helpdesk
TK-240028,2025-01-03 12:34,2025-01-03 14:03,2025-01-03 08:42,resolved,voice,C100546,VR904448,VA-NB-ARC,Billing & Payments,Normal,Billing,A3033,0,4.0,,,N,"[IVR transcript] Pathetic experience honestly.  the neckband purchased recently, order VR904448. invoice not downloading. I already checked orders page. Fix this or I am posting on twitter.",sorted ~Diya,legacy_fd
TK-240030,2025-01-03 13:05,2025-01-03 19:29,2025-01-03 20:03,resolved,email,C101008,,VA-AC-CBL,Billing & Payments,High,Billing,A3033,0,,379.0,RETURN-QC-OK,N,"bhai
refund not received yet
usb-c cable
urgent",as discussed ~Diya,helpdesk
TK-240030,2025-01-03 13:05,2025-01-03 19:29,2025-01-03 14:33,resolved,email,C101008,,VA-AC-CBL,Billing & Payments,High,Billing,A3033,0,0.0,379.0,RETURN-QC-OK,N,"bhai
refund not received yet
usb-c cable
urgent",as discussed ~Diya,legacy_fd
TK-240045,2025-01-04 21:58,2025-01-04 22:36,2025-01-04 22:58,resolved,chat,C104495,VR883431,VA-EB-AIR,Billing & Payments,High,Billing,A3035,0,,,,N,"hello vireo,
i bought airlite on december 29.  invoice not downloading.
i checked orders page. nohing changed.
i want my money back.
regards diya d'souza",cx: gst invoice request | regenerated invoice -> gst invoice regenerated and shared,helpdesk
TK-240045,2025-01-04 21:58,2025-01-04 22:36,2025-01-04 17:28,resolved,chat,C104495,VR883431,VA-EB-AIR,Billing & Payments,High,Billing,A3035,0,0.0,,,N,"hello vireo,
i bought airlite on december 29.  invoice not downloading.
i checked orders page. nohing changed.
i want my money back.
regards diya d'souza",cx: gst invoice request | regenerated invoice -> gst invoice regenerated and shared,legacy_fd
TK-240046,2025-01-05 07:24,2025-01-05 07:24,2025-01-05 07:58,resolved,chat,C109397,VR885139,VA-NB-ARC,Charging & Battery,Normal,Chat Frontline,A3011,0,4.0,260.0,WTY-BUYBACK,N,"Hi there, I bought the neckband on December 30. The promised 40 hours is nowhere close, I get maybe 2. I updated the app. Need this sorted this week. Regards, Rajat","refund approved, Rs 260, 5-7 working days",helpdesk
TK-240046,2025-01-05 07:24,2025-01-05 07:24,2025-01-05 02:28,resolved,chat,C109397,VR885139,VA-NB-ARC,Charging & Battery,Normal,Chat Frontline,A3011,0,4.0,260.0,WTY-BUYBACK,N,"Hi there, I bought the neckband on December 30. The promised 40 hours is nowhere close, I get maybe 2. I updated the app. Need this sorted this week. Regards, Rajat","refund approved, Rs 260, 5-7 working days",legacy_fd
TK-240048,2025-01-05 10:02,2025-01-05 11:06,2025-01-05 11:19,resolved,voice,C107918,VR892164,VA-EB-PL1,Account & Login,Normal,Voice Frontline,A3023,0,,,,N,[IVR transcript] locked out of my own account since recently VR892164 what do i do now?,"Number updated, rslvd. Issue: unable to log in. Checked number on account. (SOP 5.4) ~Farah",helpdesk
TK-240048,2025-01-05 10:02,2025-01-05 11:06,2025-01-05 05:49,resolved,voice,C107918,VR892164,VA-EB-PL1,Account & Login,Normal,Voice Frontline,A3023,0,0.0,,,N,[IVR transcript] locked out of my own account since recently VR892164 what do i do now?,"Number updated, rslvd. Issue: unable to log in. Checked number on account. (SOP 5.4) ~Farah",legacy_fd
TK-240050,2025-01-05 11:59,2025-01-05 12:49,,open,voice,C103850,,VA-HP-ST3,Warranty & Repair,Normal,Escalations & Warranty,A3043,0,3.0,5599.0,DOA-REPL,N,Really frustrating.  Ordered the strata 3 3 weeks back. warranty claim pending for 5 days. I already emailed twice. Fix this or I am posting on twitter.,re: repair status follow-up | followed up w/ service centre -> full rfnd processed (5599),helpdesk
TK-240050,2025-01-05 11:59,2025-01-05 12:49,,open,voice,C103850,,VA-HP-ST3,Warranty & Repair,Normal,Escalations & Warranty,A3043,0,3.0,5599.0,DOA-REPL,N,Really frustrating.  Ordered the strata 3 3 weeks back. warranty claim pending for 5 days. I already emailed twice. Fix this or I am posting on twitter.,re: repair status follow-up | followed up w/ service centre -> full rfnd processed (5599),legacy_fd
TK-240056,2025-01-05 17:07,2025-01-05 17:14,2025-01-05 17:36,resolved,voice,C106420,VR898112,VA-EB-PL1,Billing & Payments,Normal,Billing,A3033,0,4.0,225.0,PRICE-ADJ,N,[IVR transcript] Honestly regretting thhis purchase. Ordered pulse 1 3 weeks back. promo code shows invalid. I already tried in caps. ESCALATE THIS TO SOMEONE SENIOR.,closed ~Diya,helpdesk
TK-240056,2025-01-05 17:07,2025-01-05 17:14,2025-01-05 12:06,resolved,voice,C106420,VR898112,VA-EB-PL1,Billing & Payments,Normal,Billing,A3033,0,4.0,225.0,PRICE-ADJ,N,[IVR transcript] Honestly regretting thhis purchase. Ordered pulse 1 3 weeks back. promo code shows invalid. I already tried in caps. ESCALATE THIS TO SOMEONE SENIOR.,closed ~Diya,legacy_fd
TK-240067,2025-01-06 16:12,2025-01-06 16:20,2025-01-06 16:39,resolved,chat,C102331,VR895621,VA-HP-ST3,Delivery & Shipping,Normal,Logistics,A3029,0,,,,N,"Dear team,
Order VR895621 (the strata 3). TRACKING HAS SAID OUT FOR DELIVERY FOR A WEEK NOW.
HOW DO I GET THIS FIXED?
AWAITING RESPONSE, RIYA GHOSH","cx states dlvry delayed. chk awb w/ crr. rto conf, reshipped. cx satisfied on chat. [closed]",helpdesk
TK-240067,2025-01-06 16:12,2025-01-06 16:20,2025-01-06 11:09,resolved,chat,C102331,VR895621,VA-HP-ST3,Delivery & Shipping,Normal,Logistics,A3029,0,0.0,,,N,"Dear team,
Order VR895621 (the strata 3). TRACKING HAS SAID OUT FOR DELIVERY FOR A WEEK NOW.
HOW DO I GET THIS FIXED?
AWAITING RESPONSE, RIYA GHOSH","cx states dlvry delayed. chk awb w/ crr. rto conf, reshipped. cx satisfied on chat. [closed]",legacy_fd
TK-240069,2025-01-06 22:50,2025-01-06 23:37,2025-01-06 23:45,resolved,social,C105299,VR880965,VA-EB-AIR,Product Enquiry,Low,Chat Frontline,A3001,0,5.0,,,N,"Hello,
Order VR880965 (AirLite).  My dad has an old Nokia, wll the watch app run.
Please call me on my registered number.
Reagrds Varun George",cx: product enquiry | shared spec sheet -> cx satisfied -SK,helpdesk
TK-240069,2025-01-06 22:50,2025-01-06 23:37,2025-01-06 18:15,resolved,social,C105299,VR880965,VA-EB-AIR,Product Enquiry,Low,Chat Frontline,A3001,0,5.0,,,N,"Hello,
Order VR880965 (AirLite).  My dad has an old Nokia, wll the watch app run.
Please call me on my registered number.
Reagrds Varun George",cx: product enquiry | shared spec sheet -> cx satisfied -SK,legacy_fd
TK-240071,2025-01-07 02:48,2025-01-07 03:17,2025-01-09 04:55,closed,email,C107165,VR899198,VA-EB-AIR,App & Firmware,Normal,Email Frontline,A3041,1,,,,Y,"Namaste,
This is regarding airlite earbuds. I have to charge it twice a day now, it used to last days.
I fully charged & discharged twice.
Kindly look into it.
Awaiting response Rahul Iyer","1. Poor battery backup
2. Checked usage pattern with cx
3. Transferred to Escalations & Warranty
4. Replacement raised, RMA shared with cx",helpdesk
TK-240071,2025-01-07 02:48,2025-01-07 03:17,2025-01-08 23:25,closed,email,C107165,VR899198,VA-EB-AIR,App & Firmware,Normal,Email Frontline,A3041,1,0.0,,,Y,"Namaste,
This is regarding airlite earbuds. I have to charge it twice a day now, it used to last days.
I fully charged & discharged twice.
Kindly look into it.
Awaiting response Rahul Iyer","1. Poor battery backup
2. Checked usage pattern with cx
3. Transferred to Escalations & Warranty
4. Replacement raised, RMA shared with cx",legacy_fd
TK-240073,2025-01-07 04:10,2025-01-07 04:12,2025-01-07 04:39,resolved,chat,C106912,VR884110,VA-HP-ST2,Audio Quality,Normal,Chat Frontline,A3002,0,,,,Y,I have been a loyal customer and this is how you treat me. Order VR884110 (Strata 2). right earbud completely silent. I already reset the buds. Fix this or I am posting on twitter.,cust contacted re no audio one side. walked through reset. escalated to warranty.,helpdesk
TK-240073,2025-01-07 04:10,2025-01-07 04:12,2025-01-06 23:09,resolved,chat,C106912,VR884110,VA-HP-ST2,Audio Quality,Normal,Chat Frontline,A3002,0,0.0,,,Y,I have been a loyal customer and this is how you treat me. Order VR884110 (Strata 2). right earbud completely silent. I already reset the buds. Fix this or I am posting on twitter.,cust contacted re no audio one side. walked through reset. escalated to warranty.,legacy_fd
TK-240080,2025-01-07 20:03,2025-01-07 20:09,2025-01-07 20:18,closed,voice,C106846,,VA-AC-CH65,Delivery & Shipping,Normal,Logistics,A3031,0,4.0,,,N,[IVR transcript] NEED TO CHANGE DELIVERY ADDRESS NEED THIS SORTED THIS WEEK,"1. Address updae
2. Checked dispatch status
3. Address updated",helpdesk
TK-240080,2025-01-07 20:03,2025-01-07 20:09,2025-01-07 14:48,closed,voice,C106846,,VA-AC-CH65,Delivery & Shipping,Normal,Logistics,A3031,0,4.0,,,N,[IVR transcript] NEED TO CHANGE DELIVERY ADDRESS NEED THIS SORTED THIS WEEK,"1. Address updae
2. Checked dispatch status
3. Address updated",legacy_fd
TK-240102,2025-01-10 09:47,2025-01-10 09:51,2025-01-10 10:30,resolved,chat,C103847,VR896979,VA-SW-FIT,Charging & Battery,Low,Chat Frontline,A3012,0,,,,Y,"Nexa Fit purchased last week, order VR896979. I have to charge it twicce a day now, it used to lat days. PLEASE ADVISE.","cx states rapid battery drain. chk usage pattern w/ cx. FW update pushed, advised to monitor.",helpdesk
TK-240102,2025-01-10 09:47,2025-01-10 09:51,2025-01-10 05:00,resolved,chat,C103847,VR896979,VA-SW-FIT,Charging & Battery,Low,Chat Frontline,A3012,0,0.0,,,Y,"Nexa Fit purchased last week, order VR896979. I have to charge it twicce a day now, it used to lat days. PLEASE ADVISE.","cx states rapid battery drain. chk usage pattern w/ cx. FW update pushed, advised to monitor.",legacy_fd
TK-240108,2025-01-10 12:38,2025-01-10 12:39,2025-01-10 12:48,resolved,chat,C104564,VR892366,VA-EB-AIR,Billing & Payments,High,Billing,A3034,0,,,,N,"dear team, airlite earbbuds purchased 10 days ago, order vr892366. need the bill with my firm's gstin on it. i tried different browser. nothing changed. please help","1. GST invoice request
2. Updated GSTIN on order
3. GST invoice regenerated and shared",helpdesk
TK-240108,2025-01-10 12:38,2025-01-10 12:39,2025-01-10 07:18,resolved,chat,C104564,VR892366,VA-EB-AIR,Billing & Payments,High,Billing,A3034,0,0.0,,,N,"dear team, airlite earbbuds purchased 10 days ago, order vr892366. need the bill with my firm's gstin on it. i tried different browser. nothing changed. please help","1. GST invoice request
2. Updated GSTIN on order
3. GST invoice regenerated and shared",legacy_fd
TK-240110,2025-01-10 18:58,2025-01-10 19:02,2025-01-13 19:18,closed,chat,C100887,,VA-EB-PL1,Other,Normal,Chat Frontline,A3009,0,,,,N,"Hi Vireo support,
This is regaring my Pulse. Package not delivered even after 14 days.
I checked the tracking page daily. Nothing changed.
Please call me on my registered number.",refund initiated as lost in transit. issue: delivery delayed. confirmed address with cx.,helpdesk
TK-240110,2025-01-10 18:58,2025-01-10 19:02,2025-01-13 13:48,closed,chat,C100887,,VA-EB-PL1,Other,Normal,Chat Frontline,A3009,0,0.0,,,N,"Hi Vireo support,
This is regaring my Pulse. Package not delivered even after 14 days.
I checked the tracking page daily. Nothing changed.
Please call me on my registered number.",refund initiated as lost in transit. issue: delivery delayed. confirmed address with cx.,legacy_fd
TK-240136,2025-01-13 11:17,2025-01-13 20:09,2025-01-13 20:29,resolved,email,C101531,VR905308,VA-NB-ARC,Billing & Payments,High,Billing,A3033,0,,,,N,I AM LOSING PATIENCE. Thsi is regaarding the neckband. my bank says Rs 3499 went to you but your site says I have no orders. I already waited 24 hours. Refund. Now.,cx ok ~Diya,helpdesk
TK-240136,2025-01-13 11:17,2025-01-13 20:09,2025-01-13 14:59,resolved,email,C101531,VR905308,VA-NB-ARC,Billing & Payments,High,Billing,A3033,0,0.0,,,N,I AM LOSING PATIENCE. Thsi is regaarding the neckband. my bank says Rs 3499 went to you but your site says I have no orders. I already waited 24 hours. Refund. Now.,cx ok ~Diya,legacy_fd
TK-240150,2025-01-14 11:44,2025-01-14 12:23,2025-01-14 12:34,resolved,voice,C101753,VR904565,VA-EB-AIR,Product Enquiry,Normal,Voice Frontline,A3026,0,,,,N,"hello
does airlite earbuds work with iphone
airlite earbuds",customer reached out - product enquiry. shared spec sheet. cx satisfied. ~Vihaan,helpdesk
TK-240150,2025-01-14 11:44,2025-01-14 12:23,2025-01-14 07:04,resolved,voice,C101753,VR904565,VA-EB-AIR,Product Enquiry,Normal,Voice Frontline,A3026,0,0.0,,,N,"hello
does airlite earbuds work with iphone
airlite earbuds",customer reached out - product enquiry. shared spec sheet. cx satisfied. ~Vihaan,legacy_fd
TK-240175,2025-01-16 11:08,2025-01-16 13:46,,open,email,C108907,VR898757,VA-EB-PL1,Audio Quality,Normal,Email Frontline,A3022,0,,,,N,"Hi Vireo support, I bought my Pulse on 07-01-2025. People cannot hear me on calls. I tried different apps. Nothing changed. Please resolve asap. Rgds, Neha Kulkarni",ticket raised for low mic pickup. tested on call with cx. fw update advised. closing. -YM,helpdesk
TK-240175,2025-01-16 11:08,2025-01-16 13:46,,open,email,C108907,VR898757,VA-EB-PL1,Audio Quality,Normal,Email Frontline,A3022,0,0.0,,,N,"Hi Vireo support, I bought my Pulse on 07-01-2025. People cannot hear me on calls. I tried different apps. Nothing changed. Please resolve asap. Rgds, Neha Kulkarni",ticket raised for low mic pickup. tested on call with cx. fw update advised. closing. -YM,legacy_fd
TK-240186,2025-01-17 15:27,2025-01-18 00:26,2025-01-18 00:43,resolved,email,C102331,VR895621,VA-HP-ST3,Billing & Payments,Normal,Billing,A3035,0,,5949.0,DUP-PAYMENT,N,"DEAR TEAM, BOUGHT THE STRATA 3 AROUND JANUARY 03 FROM AMAZON. Payment was deducted but no order was created. Can someone fix this? Awaiting response, Riya Ghosh",Refunded Rs 5949. Issue: amount deducted without order. Checked PG dashboard for txn.,helpdesk
TK-240186,2025-01-17 15:27,2025-01-18 00:26,2025-01-17 19:13,resolved,email,C102331,VR895621,VA-HP-ST3,Billing & Payments,Normal,Billing,A3035,0,0.0,5949.0,DUP-PAYMENT,N,"DEAR TEAM, BOUGHT THE STRATA 3 AROUND JANUARY 03 FROM AMAZON. Payment was deducted but no order was created. Can someone fix this? Awaiting response, Riya Ghosh",Refunded Rs 5949. Issue: amount deducted without order. Checked PG dashboard for txn.,legacy_fd
TK-240189,2025-01-17 18:21,2025-01-17 19:48,2025-01-17 20:19,resolved,email,C109064,,VA-NB-ARC,Billing & Payments,High,Billing,A3033,0,,1299.0,DUP-PAYMENT,N,"Hello,
This is regarding Arc neckband. My bank showws the same amount twice on the same day.
I checked with bank. Nothing changed.
I want my money back.
Rgds, Sai",- ~Diya,helpdesk
TK-240189,2025-01-17 18:21,2025-01-17 19:48,2025-01-17 14:49,resolved,email,C109064,,VA-NB-ARC,Billing & Payments,High,Billing,A3033,0,0.0,1299.0,DUP-PAYMENT,N,"Hello,
This is regarding Arc neckband. My bank showws the same amount twice on the same day.
I checked with bank. Nothing changed.
I want my money back.
Rgds, Sai",- ~Diya,legacy_fd
TK-240200,2025-01-19 11:06,2025-01-19 11:08,2025-01-19 11:40,resolved,chat,C104792,VR894294,VA-EB-PL1,Connectivity,Normal,Chat Frontline,A3037,1,3.0,,,N,radom disconects during calls,"1. Intermittent disconnects
2. adv to test in different location
3. Transferred to Returns Desk
4. adv, cx will monitor",helpdesk
TK-240200,2025-01-19 11:06,2025-01-19 11:08,2025-01-19 06:10,resolved,chat,C104792,VR894294,VA-EB-PL1,Connectivity,Normal,Chat Frontline,A3037,1,3.0,,,N,radom disconects during calls,"1. Intermittent disconnects
2. adv to test in different location
3. Transferred to Returns Desk
4. adv, cx will monitor",legacy_fd
TK-240206,2025-01-19 14:23,2025-01-19 14:29,2025-01-19 15:01,resolved,chat,C101915,,VA-SW-FIT,Charging & Battery,Normal,Chat Frontline,A3007,0,,,,N,"Hi team, I bought my Nexa Fit band on 13/12. Battery liife has dropped to almost nothing. I fully cahrged and discharged twice. Honestly regretting this purchase. Kindly look into it. Rgds, Karan Chopra","cx reached out - rapid battery drain. Advised disabling ANC/AOD to test. Advised settings change, cx satisfied. (SOP 2.7)",helpdesk
TK-240206,2025-01-19 14:23,2025-01-19 14:29,2025-01-19 09:31,resolved,chat,C101915,,VA-SW-FIT,Charging & Battery,Normal,Chat Frontline,A3007,0,0.0,,,N,"Hi team, I bought my Nexa Fit band on 13/12. Battery liife has dropped to almost nothing. I fully cahrged and discharged twice. Honestly regretting this purchase. Kindly look into it. Rgds, Karan Chopra","cx reached out - rapid battery drain. Advised disabling ANC/AOD to test. Advised settings change, cx satisfied. (SOP 2.7)",legacy_fd
TK-240207,2025-01-19 14:34,2025-01-19 14:38,2025-01-19 14:53,resolved,chat,C109183,,VA-EB-AIR,Delivery & Shipping,Normal,Logistics,A3029,0,3.0,,,N,"hey
paid on 19/01, still waiting for something to show up
hello??",contact re dlvry delayed. chk awb w/ crr. rfnd initiated as lost in transit. closing. [closed],helpdesk
TK-240207,2025-01-19 14:34,2025-01-19 14:38,2025-01-19 09:23,resolved,chat,C109183,,VA-EB-AIR,Delivery & Shipping,Normal,Logistics,A3029,0,3.0,,,N,"hey
paid on 19/01, still waiting for something to show up
hello??",contact re dlvry delayed. chk awb w/ crr. rfnd initiated as lost in transit. closing. [closed],legacy_fd
TK-240211,2025-01-20 09:05,2025-01-20 09:07,2025-01-20 09:42,resolved,chat,C102438,VR882614,VA-EB-PL1,Audio Quality,Normal,Chat Frontline,A3012,0,,,,N,"a hiss that wasn't there when I bought it
VR882614","Cx reported static noise in audio. chk w/ different source. adv EQ reset, rslvd.",helpdesk
TK-240211,2025-01-20 09:05,2025-01-20 09:07,2025-01-20 04:12,resolved,chat,C102438,VR882614,VA-EB-PL1,Audio Quality,Normal,Chat Frontline,A3012,0,0.0,,,N,"a hiss that wasn't there when I bought it
VR882614","Cx reported static noise in audio. chk w/ different source. adv EQ reset, rslvd.",legacy_fd
TK-240228,2025-01-21 08:39,2025-01-21 11:11,,open,social,C104873,VR908322,VA-EB-PL1,Delivery & Shipping,Normal,Logistics,A3030,0,,,,N,"hii
the courier marked it delivered but nobody in my huose got anytthing
the pulse busd VR908322
??",Cx reported order not delivered. Raised ticket with courier partner. Refund iniitiated as lost in transit.,helpdesk
TK-240228,2025-01-21 08:39,2025-01-21 11:11,,open,social,C104873,VR908322,VA-EB-PL1,Delivery & Shipping,Normal,Logistics,A3030,0,0.0,,,N,"hii
the courier marked it delivered but nobody in my huose got anytthing
the pulse busd VR908322
??",Cx reported order not delivered. Raised ticket with courier partner. Refund iniitiated as lost in transit.,legacy_fd
TK-240246,2025-01-22 12:22,2025-01-22 12:32,2025-01-24 12:51,resolved,chat,C107424,,VA-SW-FIT,Billing & Payments,High,Billing,A3032,0,4.0,1999.0,RETURN-QC-OK,N,"HELO
REFUND WAS PROMISED 4 DAYS AGO & NOTHING
MY NEXA FIT BAND",cx says refund not credited. chk refund status on pg. refunded rs 1999.,helpdesk
TK-240246,2025-01-22 12:22,2025-01-22 12:32,2025-01-24 07:21,resolved,chat,C107424,,VA-SW-FIT,Billing & Payments,High,Billing,A3032,0,4.0,1999.0,RETURN-QC-OK,N,"HELO
REFUND WAS PROMISED 4 DAYS AGO & NOTHING
MY NEXA FIT BAND",cx says refund not credited. chk refund status on pg. refunded rs 1999.,legacy_fd
TK-240268,2025-01-23 21:53,2025-01-24 02:26,2025-01-24 02:40,resolved,email,C102438,VR906320,VA-SW-FIT,Other,Normal,Email Frontline,A3002,0,4.0,,,N,entereed wrong pincode - VR906320 - kindly look into it,"customer reached out - address change request. updated address with courier. already dispatched, advised to redirect with courier.",helpdesk
TK-240268,2025-01-23 21:53,2025-01-24 02:26,2025-01-23 21:10,resolved,email,C102438,VR906320,VA-SW-FIT,Other,Normal,Email Frontline,A3002,0,4.0,,,N,entereed wrong pincode - VR906320 - kindly look into it,"customer reached out - address change request. updated address with courier. already dispatched, advised to redirect with courier.",legacy_fd
TK-240270,2025-01-24 10:12,2025-01-24 10:14,2025-01-25 10:26,resolved,chat,C109244,VR885354,VA-EB-PL1,Delivery & Shipping,Normal,Logistics,A3028,0,5.0,,,N,package not delivered even after 21 days,ticket raised for delivery delayed. raised ticket with courier partner. re-shipped from warehouse. follow-up not required.,helpdesk
TK-240270,2025-01-24 10:12,2025-01-24 10:14,2025-01-25 04:56,resolved,chat,C109244,VR885354,VA-EB-PL1,Delivery & Shipping,Normal,Logistics,A3028,0,5.0,,,N,package not delivered even after 21 days,ticket raised for delivery delayed. raised ticket with courier partner. re-shipped from warehouse. follow-up not required.,legacy_fd
TK-240272,2025-01-24 12:07,2025-01-24 18:07,2025-01-24 18:19,resolved,email,C103788,VR890846,VA-SP-ORB,Other,Normal,Email Frontline,A3019,0,,,,N,"bhai
need to change delivery address
the orbit smart speaker VR890846",issue: address change request | updated address with courier -> address updated ~Kavya,helpdesk
TK-240272,2025-01-24 12:07,2025-01-24 18:07,2025-01-24 12:49,resolved,email,C103788,VR890846,VA-SP-ORB,Other,Normal,Email Frontline,A3019,0,0.0,,,N,"bhai
need to change delivery address
the orbit smart speaker VR890846",issue: address change request | updated address with courier -> address updated ~Kavya,legacy_fd
TK-240275,2025-01-24 13:27,2025-01-24 14:24,2025-01-25 14:53,resolved,social,C100456,,VA-AC-CH65,Delivery & Shipping,Normal,Logistics,A3031,0,4.0,,,N,"hello, bought your charger around 14-01-2025 from amazon. i haven't recieved my order. i called the courier. nothing changed. tihs is very disappointing. need this sorted this week.","1. Shipment not received
2. Raised ticket w/ courier parttner
3. RTO conf, reshipped",helpdesk
TK-240275,2025-01-24 13:27,2025-01-24 14:24,2025-01-25 09:23,resolved,social,C100456,,VA-AC-CH65,Delivery & Shipping,Normal,Logistics,A3031,0,4.0,,,N,"hello, bought your charger around 14-01-2025 from amazon. i haven't recieved my order. i called the courier. nothing changed. tihs is very disappointing. need this sorted this week.","1. Shipment not received
2. Raised ticket w/ courier parttner
3. RTO conf, reshipped",legacy_fd
TK-240277,2025-01-24 19:21,2025-01-24 20:07,2025-01-24 20:22,resolved,email,C107848,VR893918,VA-EB-PL1,Delivery & Shipping,Normal,Logistics,A3031,0,4.0,,,N,"hi, this is regarding pusle 1.  order status stuck on shipped since january 15. kindly look into it. thank you",Cx reported ord not delivered. Raised ticket w/ courier partner. rfnd initiiated as losst in transit.,helpdesk
TK-240277,2025-01-24 19:21,2025-01-24 20:07,2025-01-24 14:52,resolved,email,C107848,VR893918,VA-EB-PL1,Delivery & Shipping,Normal,Logistics,A3031,0,4.0,,,N,"hi, this is regarding pusle 1.  order status stuck on shipped since january 15. kindly look into it. thank you",Cx reported ord not delivered. Raised ticket w/ courier partner. rfnd initiiated as losst in transit.,legacy_fd
TK-240288,2025-01-25 18:56,2025-01-25 19:14,2025-01-25 19:26,resolved,voice,C105392,VR886406,VA-EB-PL1,Returns & Refunds,Normal,Returns Desk,A3037,0,4.0,2124.0,RETURN-QC-OK,N,"hey
the return was accepted but the amount is nowhere in my account
pulse earbuds vr886406","1. Refund pending
2. chk refund status on PG
3. Refund approved, Rs 2124, 5-7 working days",helpdesk
TK-240288,2025-01-25 18:56,2025-01-25 19:14,2025-01-25 13:56,resolved,voice,C105392,VR886406,VA-EB-PL1,Returns & Refunds,Normal,Returns Desk,A3037,0,4.0,2124.0,RETURN-QC-OK,N,"hey
the return was accepted but the amount is nowhere in my account
pulse earbuds vr886406","1. Refund pending
2. chk refund status on PG
3. Refund approved, Rs 2124, 5-7 working days",legacy_fd
TK-240310,2025-01-26 20:25,2025-01-27 05:45,2025-01-29 06:08,resolved,email,C101072,VR900949,VA-EB-PL1,Returns & Refunds,Normal,Returns Desk,A3036,0,,,,N,"Really frustrating.  This is regarding pulse 1. refund not received yet. I already emailed twice. I want a replacement or refund, nothing else.",Cx says refund pending. Checked refund status on PG. Refund confirmed credited. Closing.,helpdesk
TK-240310,2025-01-26 20:25,2025-01-27 05:45,2025-01-29 00:38,resolved,email,C101072,VR900949,VA-EB-PL1,Returns & Refunds,Normal,Returns Desk,A3036,0,0.0,,,N,"Really frustrating.  This is regarding pulse 1. refund not received yet. I already emailed twice. I want a replacement or refund, nothing else.",Cx says refund pending. Checked refund status on PG. Refund confirmed credited. Closing.,legacy_fd
TK-240312,2025-01-26 20:39,2025-01-26 23:06,2025-01-29 23:27,resolved,email,C103414,VR908205,VA-EB-PL1,Returns & Refunds,Normal,Returns Desk,A3038,0,,,,N,"hi team,
this is regarding my pulse. still waiting for my refund.
i emailed twice.
what do i do now?
thanks, diya bhatt",Customer reached out - refund delay. Checked refund status on PG. Refund reprocessed.,helpdesk
TK-240312,2025-01-26 20:39,2025-01-26 23:06,2025-01-29 17:57,resolved,email,C103414,VR908205,VA-EB-PL1,Returns & Refunds,Normal,Returns Desk,A3038,0,0.0,,,N,"hi team,
this is regarding my pulse. still waiting for my refund.
i emailed twice.
what do i do now?
thanks, diya bhatt",Customer reached out - refund delay. Checked refund status on PG. Refund reprocessed.,legacy_fd
TK-240317,2025-01-27 13:10,2025-01-27 13:23,2025-01-27 13:49,resolved,chat,C103676,VR884955,VA-EB-AIR,Other,Low,Chat Frontline,A3011,0,4.0,,,N,i am losing patience. got airlite from vireo.in last week. battery life has dropped to almost nothing. i already fully charged and discharged twice. escalate this to someone senior.,rapid battery drain | checked fw 1.1.3 -> escalated to warranty,helpdesk
TK-240317,2025-01-27 13:10,2025-01-27 13:23,2025-01-27 08:19,resolved,chat,C103676,VR884955,VA-EB-AIR,Other,Low,Chat Frontline,A3011,0,4.0,,,N,i am losing patience. got airlite from vireo.in last week. battery life has dropped to almost nothing. i already fully charged and discharged twice. escalate this to someone senior.,rapid battery drain | checked fw 1.1.3 -> escalated to warranty,legacy_fd
TK-240318,2025-01-27 13:33,2025-01-27 13:34,2025-01-27 13:49,resolved,chat,C105488,VR891370,VA-SP-ORB,Connectivity,Normal,Chat Frontline,A3006,0,,,,N,"hii
cannot pair orbit speaker with my laptop","Re-pair successful, resolved on chat. Issue: device not discoverable. Asked cx to reset the device.",helpdesk
TK-240318,2025-01-27 13:33,2025-01-27 13:34,2025-01-27 08:19,resolved,chat,C105488,VR891370,VA-SP-ORB,Connectivity,Normal,Chat Frontline,A3006,0,0.0,,,N,"hii
cannot pair orbit speaker with my laptop","Re-pair successful, resolved on chat. Issue: device not discoverable. Asked cx to reset the device.",legacy_fd
TK-240322,2025-01-27 20:43,2025-01-28 06:00,2025-01-28 06:17,resolved,email,C107714,,VA-HP-ST2,Product Enquiry,Low,Email Frontline,A3022,0,,,,N,"hello
my dad has an old nokia, will the watch app run",cx says compatibility query. shared compatibility info. query answered. closing. -YM,helpdesk
TK-240322,2025-01-27 20:43,2025-01-28 06:00,2025-01-28 00:47,resolved,email,C107714,,VA-HP-ST2,Product Enquiry,Low,Email Frontline,A3022,0,0.0,,,N,"hello
my dad has an old nokia, will the watch app run",cx says compatibility query. shared compatibility info. query answered. closing. -YM,legacy_fd
TK-240332,2025-01-28 21:09,2025-01-28 22:13,2025-01-28 22:47,resolved,social,C104998,,VA-EB-AIR,Audio Quality,Normal,Chat Frontline,A3003,0,,,,N,"Hi team, I bought the AirLite buds on 30 Oct.  Distorted audio at high volume. Please call me on my registered number.",Ticket raised for audio distortion. Asked for a recording. Replacement raised. Cx satisfied on chat. //ROH,helpdesk
TK-240332,2025-01-28 21:09,2025-01-28 22:13,2025-01-28 17:17,resolved,social,C104998,,VA-EB-AIR,Audio Quality,Normal,Chat Frontline,A3003,0,0.0,,,N,"Hi team, I bought the AirLite buds on 30 Oct.  Distorted audio at high volume. Please call me on my registered number.",Ticket raised for audio distortion. Asked for a recording. Replacement raised. Cx satisfied on chat. //ROH,legacy_fd
TK-240334,2025-01-29 11:14,2025-01-29 11:21,2025-01-29 11:51,closed,chat,C104518,,VA-HP-ST3,Connectivity,Low,Chat Frontline,A3004,0,,,,Y,it connects for a second and then vanishes from the device list,"cx says device not discoverable. walked through forget + re-pair. replacement approved, reverse pickup arranged. [closed]",helpdesk
TK-240334,2025-01-29 11:14,2025-01-29 11:21,2025-01-29 06:21,closed,chat,C104518,,VA-HP-ST3,Connectivity,Low,Chat Frontline,A3004,0,0.0,,,Y,it connects for a second and then vanishes from the device list,"cx says device not discoverable. walked through forget + re-pair. replacement approved, reverse pickup arranged. [closed]",legacy_fd
TK-240341,2025-01-29 20:29,2025-01-30 03:55,2025-02-02 04:13,resolved,email,C108810,,VA-HP-ST3,Returns & Refunds,Normal,Returns Desk,A3038,0,,665.0,RETURN-QC-OK,N,"Product: my Strata 3 headphones
Order: VR892097
Purchased: 19/01
Issue: refund was promised 5 days ago and nothing
Tried: checked bank
Expected: refund","Cx says refund not credited. Checked refund status on PG. Refund approved, Rs 665, 5-7 working days.",helpdesk
TK-240341,2025-01-29 20:29,2025-01-30 03:55,2025-02-01 22:43,resolved,email,C108810,,VA-HP-ST3,Returns & Refunds,Normal,Returns Desk,A3038,0,0.0,665.0,RETURN-QC-OK,N,"Product: my Strata 3 headphones
Order: VR892097
Purchased: 19/01
Issue: refund was promised 5 days ago and nothing
Tried: checked bank
Expected: refund","Cx says refund not credited. Checked refund status on PG. Refund approved, Rs 665, 5-7 working days.",legacy_fd
TK-240358,2025-01-30 17:12,2025-01-30 17:30,2025-01-30 17:44,resolved,voice,C108873,VR896733,VA-HP-ST3,Other,Normal,Voice Frontline,A3024,0,4.0,6299.0,CANCEL,N,"[IVR transcript] Dear Sir/Madam, Order VR896733 (my Strata 3 headphones).  Please cancel, ordeerd by mistake. I tried cancel button, greyed out. Nothig changed. Please resolve asap. Thanks & regards","issue: cancel ord | chk shipment status -> rfnd approved, rs 6299, 5-7 working days",helpdesk
TK-240358,2025-01-30 17:12,2025-01-30 17:30,2025-01-30 12:14,resolved,voice,C108873,VR896733,VA-HP-ST3,Other,Normal,Voice Frontline,A3024,0,4.0,6299.0,CANCEL,N,"[IVR transcript] Dear Sir/Madam, Order VR896733 (my Strata 3 headphones).  Please cancel, ordeerd by mistake. I tried cancel button, greyed out. Nothig changed. Please resolve asap. Thanks & regards","issue: cancel ord | chk shipment status -> rfnd approved, rs 6299, 5-7 working days",legacy_fd
TK-240375,2025-02-01 10:25,2025-02-01 13:47,2025-02-01 14:10,resolved,email,C107675,VR903434,VA-NB-ARC,Account & Login,Normal,Email Frontline,A3018,0,4.0,,,N,"Arc neckband purchased 10 days ago, order VR903434.  Cannot login to my account.
I tried 5 times. Nothing changed.
How do I get this fixed?
Thanks, Sameer Ghosh","Cust contacted re login issue. Checked OTP logs. Number updated, rslvd. (SOP 3.1) ~Sukhwinder",helpdesk
TK-240375,2025-02-01 10:25,2025-02-01 13:47,2025-02-01 08:40,resolved,email,C107675,VR903434,VA-NB-ARC,Account & Login,Normal,Email Frontline,A3018,0,4.0,,,N,"Arc neckband purchased 10 days ago, order VR903434.  Cannot login to my account.
I tried 5 times. Nothing changed.
How do I get this fixed?
Thanks, Sameer Ghosh","Cust contacted re login issue. Checked OTP logs. Number updated, rslvd. (SOP 3.1) ~Sukhwinder",legacy_fd
TK-240380,2025-02-01 12:36,2025-02-01 14:35,2025-02-01 14:52,resolved,email,C105073,,VA-SW-FIT,Charging & Battery,Normal,Email Frontline,A3019,0,1.0,,,N,"the promised 45 hours is nowhere close, I get maybe 2",customer states rapid battery drain. checked usage pattern with cx. escalated to warranty. ~Kavya,helpdesk
TK-240380,2025-02-01 12:36,2025-02-01 14:35,2025-02-01 09:22,resolved,email,C105073,,VA-SW-FIT,Charging & Battery,Normal,Email Frontline,A3019,0,1.0,,,N,"the promised 45 hours is nowhere close, I get maybe 2",customer states rapid battery drain. checked usage pattern with cx. escalated to warranty. ~Kavya,legacy_fd
TK-240387,2025-02-02 09:50,2025-02-02 12:22,2025-02-02 12:37,resolved,voice,C104033,,VA-EB-PL1,Product Enquiry,Normal,Voice Frontline,A3025,1,,,,N,"[IVR transcript] I have been a loyal customer and this is how you treat me. I bought pulse 1 on 12-02-2025. can I connect two pulse 1 together. I want a replacement or refund, nothing else.",cx says product enquiry. shared compatibility info. cx satisfied. case closed w/ cx consent. //RIY,helpdesk
TK-240387,2025-02-02 09:50,2025-02-02 12:22,2025-02-02 07:07,resolved,voice,C104033,,VA-EB-PL1,Product Enquiry,Normal,Voice Frontline,A3025,1,0.0,,,N,"[IVR transcript] I have been a loyal customer and this is how you treat me. I bought pulse 1 on 12-02-2025. can I connect two pulse 1 together. I want a replacement or refund, nothing else.",cx says product enquiry. shared compatibility info. cx satisfied. case closed w/ cx consent. //RIY,legacy_fd
TK-240401,2025-02-03 06:24,2025-02-03 07:09,2025-02-03 07:25,resolved,email,C108345,VR893626,VA-EB-PL1,Delivery & Shipping,Normal,Logistics,A3030,0,4.0,,,N,"Dear Sir/Madam,

I am writing with reference to my order of my Pulse (VR893626) placed on 27 Jan. I moved houses yesterday and the order is going to the old flat. I have tried editing in app. I request you to provide a resolution within 3 working days.

Yours faithfully,
Rohan Patel
Hyderabad",Customer reached out - wrong pincode. Updated address wth courier. Addreess updated.,helpdesk
TK-240401,2025-02-03 06:24,2025-02-03 07:09,2025-02-03 01:55,resolved,email,C108345,VR893626,VA-EB-PL1,Delivery & Shipping,Normal,Logistics,A3030,0,4.0,,,N,"Dear Sir/Madam,

I am writing with reference to my order of my Pulse (VR893626) placed on 27 Jan. I moved houses yesterday and the order is going to the old flat. I have tried editing in app. I request you to provide a resolution within 3 working days.

Yours faithfully,
Rohan Patel
Hyderabad",Customer reached out - wrong pincode. Updated address wth courier. Addreess updated.,legacy_fd
TK-240416,2025-02-04 00:09,2025-02-04 00:31,2025-02-04 00:48,resolved,chat,C100521,,VA-EB-PL1,Delivery & Shipping,Normal,Logistics,A3030,0,,2374.0,CANCEL,N,"product: pulse earbuds
purchased: jaunary 21
issue: want to cnacel my order
tried: treid cacnel button, greyed out
expected: resolution","Reported: cancel order. Cancelled before dispatch. Refund approved, Rs 2374, 5-7 working days.",helpdesk
TK-240416,2025-02-04 00:09,2025-02-04 00:31,2025-02-03 19:18,resolved,chat,C100521,,VA-EB-PL1,Delivery & Shipping,Normal,Logistics,A3030,0,0.0,2374.0,CANCEL,N,"product: pulse earbuds
purchased: jaunary 21
issue: want to cnacel my order
tried: treid cacnel button, greyed out
expected: resolution","Reported: cancel order. Cancelled before dispatch. Refund approved, Rs 2374, 5-7 working days.",legacy_fd
TK-240419,2025-02-04 09:36,2025-02-04 09:37,2025-02-04 09:52,resolved,chat,C107601,,VA-HP-ST3,Other,Normal,Chat Frontline,A3004,0,5.0,,,N,not acceptable at this price. bought the strata 3 around 28-01-2025 frmo vireo.in. microphone is very low on the the strata 3. i already tried different apps. this is the last time i buy from you.,ticket raised for mic issue. checked mic permissions on phone. replacement raised. [closed],helpdesk
TK-240419,2025-02-04 09:36,2025-02-04 09:37,2025-02-04 04:22,resolved,chat,C107601,,VA-HP-ST3,Other,Normal,Chat Frontline,A3004,0,5.0,,,N,not acceptable at this price. bought the strata 3 around 28-01-2025 frmo vireo.in. microphone is very low on the the strata 3. i already tried different apps. this is the last time i buy from you.,ticket raised for mic issue. checked mic permissions on phone. replacement raised. [closed],legacy_fd
TK-240454,2025-02-07 13:49,2025-02-07 13:54,2025-02-07 14:42,closed,chat,C102128,VR891382,VA-HP-ST2,Audio Quality,Normal,Chat Frontline,A3011,0,3.0,,,N,"Product: Strata 2
Order: VR891382
Purchased: October 30
Issue: everything sounds like it is coming from one direction now
Tried: tried different phone
Expected: fix",no audio one side | asked cx to check bud in case -> replacement raised,helpdesk
TK-240454,2025-02-07 13:49,2025-02-07 13:54,2025-02-07 09:12,closed,chat,C102128,VR891382,VA-HP-ST2,Audio Quality,Normal,Chat Frontline,A3011,0,3.0,,,N,"Product: Strata 2
Order: VR891382
Purchased: October 30
Issue: everything sounds like it is coming from one direction now
Tried: tried different phone
Expected: fix",no audio one side | asked cx to check bud in case -> replacement raised,legacy_fd
TK-240470,2025-02-08 18:51,2025-02-08 21:04,2025-02-08 21:28,resolved,email,C100961,VR909433,VA-SW-FIT,Connectivity,Normal,Email Frontline,A3019,0,,,,N,"Namaste, my Nexa Fit band purchased 10 days ago, order VR909433. It connects for a second and then vanishes from the device list. How do I get this fixed?","cx: pairing failure | checked phone os version -> re-pair successful, resolved on chat (sop 4.2) ~Kavya",helpdesk
TK-240470,2025-02-08 18:51,2025-02-08 21:04,2025-02-08 15:58,resolved,email,C100961,VR909433,VA-SW-FIT,Connectivity,Normal,Email Frontline,A3019,0,0.0,,,N,"Namaste, my Nexa Fit band purchased 10 days ago, order VR909433. It connects for a second and then vanishes from the device list. How do I get this fixed?","cx: pairing failure | checked phone os version -> re-pair successful, resolved on chat (sop 4.2) ~Kavya",legacy_fd
TK-240482,2025-02-09 09:12,2025-02-09 09:15,2025-02-10 09:44,resolved,chat,C100509,,VA-HP-ST2,Delivery & Shipping,Low,Logistics,A3027,0,4.0,,,N,"Hi,
Bought my Strata 2 headphones around 04 Feb from vireo.in. Paid on 04 Feb, still waiting for something to show up.
I checked with neighbours. Nothing changed.
Very poor quality.
I want my money back.
Awaiting response Sunita",Cx says ord not delivered. chk AWB w/ crr. Re-shipped from warehouse.,helpdesk
TK-240482,2025-02-09 09:12,2025-02-09 09:15,2025-02-10 04:14,resolved,chat,C100509,,VA-HP-ST2,Delivery & Shipping,Low,Logistics,A3027,0,4.0,,,N,"Hi,
Bought my Strata 2 headphones around 04 Feb from vireo.in. Paid on 04 Feb, still waiting for something to show up.
I checked with neighbours. Nothing changed.
Very poor quality.
I want my money back.
Awaiting response Sunita",Cx says ord not delivered. chk AWB w/ crr. Re-shipped from warehouse.,legacy_fd
TK-240484,2025-02-09 11:22,2025-02-09 12:07,,open,email,C107971,VR908610,VA-EB-AIR,Billing & Payments,Normal,Billing,A3032,0,5.0,1439.0,DUP-PAYMENT,N,"hi team, i bought the airlite buds on 09 feb. upi shows success, your app shows nothing. i waited 24 hours. not acceptable at this price. please resolve asap.","reported: payment debited, no order. asked for utr. full refund processed (1439).",helpdesk
TK-240484,2025-02-09 11:22,2025-02-09 12:07,,open,email,C107971,VR908610,VA-EB-AIR,Billing & Payments,Normal,Billing,A3032,0,5.0,1439.0,DUP-PAYMENT,N,"hi team, i bought the airlite buds on 09 feb. upi shows success, your app shows nothing. i waited 24 hours. not acceptable at this price. please resolve asap.","reported: payment debited, no order. asked for utr. full refund processed (1439).",legacy_fd
TK-240487,2025-02-09 15:52,2025-02-09 16:02,2025-02-09 16:31,resolved,chat,C103433,VR905568,VA-EB-AIR,Connectivity,Normal,Chat Frontline,A3005,0,3.0,,,N,"dear sir/madam,

i am writing with reference to my order of the airlite buds (vr905568) placed on 27/11. cannot pair the airlite buds with my laptop. i have restarted the phone. i request you to provide a resolution within 3 working days.

sincerely,
karan bose","cx says was told fixed last time. device not discoverable | walked through forget + re-pair -> re-pair successful, rslvd on chat",helpdesk
TK-240487,2025-02-09 15:52,2025-02-09 16:02,2025-02-09 11:01,resolved,chat,C103433,VR905568,VA-EB-AIR,Connectivity,Normal,Chat Frontline,A3005,0,3.0,,,N,"dear sir/madam,

i am writing with reference to my order of the airlite buds (vr905568) placed on 27/11. cannot pair the airlite buds with my laptop. i have restarted the phone. i request you to provide a resolution within 3 working days.

sincerely,
karan bose","cx says was told fixed last time. device not discoverable | walked through forget + re-pair -> re-pair successful, rslvd on chat",legacy_fd
TK-240497,2025-02-10 00:46,2025-02-10 01:05,2025-02-11 01:23,closed,chat,C104362,,VA-EB-PL1,Delivery & Shipping,Normal,Logistics,A3027,0,,,,N,"To the Vireo Customer Care Team,

I am wriitng with reference to my order of pulse 1 placed on February 02.  I haven't receied my order. I have called the courier. I request you to look into this matter at the earliest.

Sincerely,
Isha Mishra","Cx says ord not delivered. chk AWB w/ crr. crr conf dlvry for 16 Feb, cx informed.",helpdesk
TK-240497,2025-02-10 00:46,2025-02-10 01:05,2025-02-10 19:53,closed,chat,C104362,,VA-EB-PL1,Delivery & Shipping,Normal,Logistics,A3027,0,0.0,,,N,"To the Vireo Customer Care Team,

I am wriitng with reference to my order of pulse 1 placed on February 02.  I haven't receied my order. I have called the courier. I request you to look into this matter at the earliest.

Sincerely,
Isha Mishra","Cx says ord not delivered. chk AWB w/ crr. crr conf dlvry for 16 Feb, cx informed.",legacy_fd
TK-240501,2025-02-10 11:47,2025-02-10 14:43,2025-02-13 14:57,resolved,email,C100625,VR887548,VA-EB-PL1,Returns & Refunds,Low,Returns Desk,A3037,0,,2124.0,RETURN-QC-OK,N,"i have been a loyal customer & this is how u treat me.  my pulse purchased a month ago, order vr887548. u picked up the item 13 dasy ago & my money hasn't come back. i already emailed twice. fix this or i am posting on twitter.","1. Refund delay
2. Checked reverse pkp QC status
3. Refunded Rs 2124",helpdesk
TK-240501,2025-02-10 11:47,2025-02-10 14:43,2025-02-13 09:27,resolved,email,C100625,VR887548,VA-EB-PL1,Returns & Refunds,Low,Returns Desk,A3037,0,0.0,2124.0,RETURN-QC-OK,N,"i have been a loyal customer & this is how u treat me.  my pulse purchased a month ago, order vr887548. u picked up the item 13 dasy ago & my money hasn't come back. i already emailed twice. fix this or i am posting on twitter.","1. Refund delay
2. Checked reverse pkp QC status
3. Refunded Rs 2124",legacy_fd
TK-240504,2025-02-10 12:36,2025-02-10 13:02,2025-02-10 13:30,resolved,social,C108235,,VA-HP-ST2,App & Firmware,High,Chat Frontline,A3006,0,,,,N,"product: strata 2
order: vr901617
purchased: 13/01
issue: can't get past teh loading screen in the app
tried: reinstalled the app
expected: fix","1. App crashing
2. Checked app version
3. Advised beta build, resolved",helpdesk
TK-240504,2025-02-10 12:36,2025-02-10 13:02,2025-02-10 08:00,resolved,social,C108235,,VA-HP-ST2,App & Firmware,High,Chat Frontline,A3006,0,0.0,,,N,"product: strata 2
order: vr901617
purchased: 13/01
issue: can't get past teh loading screen in the app
tried: reinstalled the app
expected: fix","1. App crashing
2. Checked app version
3. Advised beta build, resolved",legacy_fd
TK-240510,2025-02-10 18:43,2025-02-10 18:58,2025-02-10 19:16,resolved,voice,C104193,VR896946,VA-HP-ST3,Other,Normal,Voice Frontline,A3025,0,,,,N,[IVR transcript] Pathetic experience honestly. Order VR896946 (my Strata 3 headphones). need to change delivery address. I already tried editing in app. Refund. Now.,"cx reported address change request. updated address w/ courier. already dispatched, adv to redirect w/ courier. case closed w/ cx consent. //RIY",helpdesk
TK-240510,2025-02-10 18:43,2025-02-10 18:58,2025-02-10 13:46,resolved,voice,C104193,VR896946,VA-HP-ST3,Other,Normal,Voice Frontline,A3025,0,0.0,,,N,[IVR transcript] Pathetic experience honestly. Order VR896946 (my Strata 3 headphones). need to change delivery address. I already tried editing in app. Refund. Now.,"cx reported address change request. updated address w/ courier. already dispatched, adv to redirect w/ courier. case closed w/ cx consent. //RIY",legacy_fd
TK-240513,2025-02-10 19:26,2025-02-10 19:28,,open,chat,C107424,,VA-SW-FIT,Billing & Payments,Normal,Billing,A3033,0,1.0,1999.0,RETURN-QC-OK,N,"This was supposedly sorted by ur team last time. GOT THE FIT BAND FROM FLIPKART 3 WEEKS BACK. Refund not received yet.
I emailed twice. Nothing changed.
How do I get this fixed?
Thanks in advance,",resolved on call ~Diya,helpdesk
TK-240513,2025-02-10 19:26,2025-02-10 19:28,,open,chat,C107424,,VA-SW-FIT,Billing & Payments,Normal,Billing,A3033,0,1.0,1999.0,RETURN-QC-OK,N,"This was supposedly sorted by ur team last time. GOT THE FIT BAND FROM FLIPKART 3 WEEKS BACK. Refund not received yet.
I emailed twice. Nothing changed.
How do I get this fixed?
Thanks in advance,",resolved on call ~Diya,legacy_fd
TK-240531,2025-02-12 02:01,2025-02-12 08:57,2025-02-15 09:11,resolved,email,C105220,VR881853,VA-EB-PL1,Delivery & Shipping,Normal,Logistics,A3027,0,2.0,2499.0,LOST-TRANSIT,N,"This is teh second time I am writing about this., it has beeen 7 days and I have nothing in hand, VR881853",cx states prior ticket for same issue. Cx says ord not delivered. Raised ticket w/ courier partner. Refunded Rs 2499.,helpdesk
TK-240531,2025-02-12 02:01,2025-02-12 08:57,2025-02-15 03:41,resolved,email,C105220,VR881853,VA-EB-PL1,Delivery & Shipping,Normal,Logistics,A3027,0,2.0,2499.0,LOST-TRANSIT,N,"This is teh second time I am writing about this., it has beeen 7 days and I have nothing in hand, VR881853",cx states prior ticket for same issue. Cx says ord not delivered. Raised ticket w/ courier partner. Refunded Rs 2499.,legacy_fd
TK-240546,2025-02-13 11:25,2025-02-13 13:13,2025-02-13 13:48,resolved,social,C104286,VR897024,VA-HP-ST3,Billing & Payments,High,Billing,A3034,0,,,,N,"Ordered Strata 3 a month ago. UPI SHOWS SUCCESS, YOUR APP SHOWS NOTHING.
I CHECKED BANK STATEMENT. Nothing changed.
Need this sorted this week.
Thanks,","1. Failed order after payment
2. Asked for UTR
3. Refund processed to source -MM",helpdesk
TK-240546,2025-02-13 11:25,2025-02-13 13:13,2025-02-13 08:18,resolved,social,C104286,VR897024,VA-HP-ST3,Billing & Payments,High,Billing,A3034,0,0.0,,,N,"Ordered Strata 3 a month ago. UPI SHOWS SUCCESS, YOUR APP SHOWS NOTHING.
I CHECKED BANK STATEMENT. Nothing changed.
Need this sorted this week.
Thanks,","1. Failed order after payment
2. Asked for UTR
3. Refund processed to source -MM",legacy_fd
TK-240550,2025-02-13 17:56,2025-02-13 20:31,2025-02-18 20:42,closed,email,C104656,VR886514,VA-NB-ARC,Delivery & Shipping,Normal,Logistics,A3029,0,,,,N,"to the vireo customer care team,

i am writing with reference to my order of arc neckband (vr886514) placed on 11 feb. it has been 18 days and i have nothing in hand. i have checked with neighbours. i rqeuest you to provide a resolution within 3 working days.

yours faithfully,
aditya verma",as discussed [closed],helpdesk
TK-240550,2025-02-13 17:56,2025-02-13 20:31,2025-02-18 15:12,closed,email,C104656,VR886514,VA-NB-ARC,Delivery & Shipping,Normal,Logistics,A3029,0,0.0,,,N,"to the vireo customer care team,

i am writing with reference to my order of arc neckband (vr886514) placed on 11 feb. it has been 18 days and i have nothing in hand. i have checked with neighbours. i rqeuest you to provide a resolution within 3 working days.

yours faithfully,
aditya verma",as discussed [closed],legacy_fd
TK-240555,2025-02-13 21:50,2025-02-13 23:31,2025-02-13 23:45,resolved,email,C105021,VR890354,VA-SP-ORB,Billing & Payments,High,Billing,A3027,1,2.0,,,N,"product: orbit speaker
order: vr890354
purchased: january 30
issue: please share invoice with gst number
tried: checked orders page
expected: refund","1. Invoice not downloading
2. Regenerated invoice
3. xfer to Logistics
4. Invoice emailed",helpdesk
TK-240555,2025-02-13 21:50,2025-02-13 23:31,2025-02-13 18:15,resolved,email,C105021,VR890354,VA-SP-ORB,Billing & Payments,High,Billing,A3027,1,2.0,,,N,"product: orbit speaker
order: vr890354
purchased: january 30
issue: please share invoice with gst number
tried: checked orders page
expected: refund","1. Invoice not downloading
2. Regenerated invoice
3. xfer to Logistics
4. Invoice emailed",legacy_fd
TK-240563,2025-02-14 23:44,2025-02-15 01:42,2025-02-18 01:58,resolved,email,C108009,VR899391,VA-SW-NX2,Delivery & Shipping,Low,Logistics,A3030,0,,,,Y,"dear sir/madam,

i am writing with reference to my order of the nexa 2 (vr899391) placed on 14-02-2025. received the wrong item. i have rechecked my order. i request you to look into this matter at the earliest.

yours faithfully,
riya kapoor
visakhapatnam",Cust contacted re wrong variant received. Verified order vs delivered item photos. New unit shipped under DOA.,helpdesk
TK-240563,2025-02-14 23:44,2025-02-15 01:42,2025-02-17 20:28,resolved,email,C108009,VR899391,VA-SW-NX2,Delivery & Shipping,Low,Logistics,A3030,0,0.0,,,Y,"dear sir/madam,

i am writing with reference to my order of the nexa 2 (vr899391) placed on 14-02-2025. received the wrong item. i have rechecked my order. i request you to look into this matter at the earliest.

yours faithfully,
riya kapoor
visakhapatnam",Cust contacted re wrong variant received. Verified order vs delivered item photos. New unit shipped under DOA.,legacy_fd
TK-240568,2025-02-15 19:11,2025-02-15 19:28,2025-02-17 20:53,resolved,chat,C107436,VR896718,VA-SW-NX2,Warranty & Repair,Normal,Escalations & Warranty,A3040,0,,,,N,"namaste, ordered my nexa 2 watch 3 weeks back. i have to tap ten times for one swipe to register. i cleaned screen. nothing changed. not acceptable at this price. how do i get this fixed?",repplacement raised. issue: unresponsive display. wlked through hard reset.,helpdesk
TK-240568,2025-02-15 19:11,2025-02-15 19:28,2025-02-17 15:23,resolved,chat,C107436,VR896718,VA-SW-NX2,Warranty & Repair,Normal,Escalations & Warranty,A3040,0,0.0,,,N,"namaste, ordered my nexa 2 watch 3 weeks back. i have to tap ten times for one swipe to register. i cleaned screen. nothing changed. not acceptable at this price. how do i get this fixed?",repplacement raised. issue: unresponsive display. wlked through hard reset.,legacy_fd
TK-240573,2025-02-16 08:41,2025-02-16 08:44,2025-02-16 08:55,resolved,chat,C103681,,VA-EB-PL1,Delivery & Shipping,Normal,Logistics,A3028,0,,,,N,tracking has said out for delivery for a week now,re-shipped from warehouse. issue: dlvry delayed. raised ticket with courier partner.,helpdesk
TK-240573,2025-02-16 08:41,2025-02-16 08:44,2025-02-16 03:25,resolved,chat,C103681,,VA-EB-PL1,Delivery & Shipping,Normal,Logistics,A3028,0,0.0,,,N,tracking has said out for delivery for a week now,re-shipped from warehouse. issue: dlvry delayed. raised ticket with courier partner.,legacy_fd
TK-240579,2025-02-16 17:21,2025-02-16 17:21,,open,chat,C108282,,VA-SW-NX2,Other,Normal,Chat Frontline,A3009,0,,,,N,BEFORE I BUY - WILL THIS TALK TO A 2019 SAMSUNG - PLEASE CALL ME ON MY REGISTERED NUMBER,query answered. issue: pre-sales query. shared spec sheet.,helpdesk
TK-240579,2025-02-16 17:21,2025-02-16 17:21,,open,chat,C108282,,VA-SW-NX2,Other,Normal,Chat Frontline,A3009,0,0.0,,,N,BEFORE I BUY - WILL THIS TALK TO A 2019 SAMSUNG - PLEASE CALL ME ON MY REGISTERED NUMBER,query answered. issue: pre-sales query. shared spec sheet.,legacy_fd
TK-240592,2025-02-17 13:09,2025-02-17 13:10,2025-02-17 13:42,resolved,chat,C105676,,VA-SW-NX2,Connectivity,Normal,Chat Frontline,A3006,0,,,,N,"Bought the Nexa 2 around 25-01-2025 from Amazon. My phone just doesn't see it in the list anymore. I tried on another phone. Nothing changed. Need this sorted this week. Please revert,","Reset done, paired ok. Issue: unable to pair with phone. Askde cx to reset the device. -TS",helpdesk
TK-240592,2025-02-17 13:09,2025-02-17 13:10,2025-02-17 08:12,resolved,chat,C105676,,VA-SW-NX2,Connectivity,Normal,Chat Frontline,A3006,0,0.0,,,N,"Bought the Nexa 2 around 25-01-2025 from Amazon. My phone just doesn't see it in the list anymore. I tried on another phone. Nothing changed. Need this sorted this week. Please revert,","Reset done, paired ok. Issue: unable to pair with phone. Askde cx to reset the device. -TS",legacy_fd
TK-240594,2025-02-17 16:32,2025-02-17 16:56,2025-02-19 17:11,resolved,chat,C106800,,VA-EB-AIR,Returns & Refunds,High,Returns Desk,A3037,0,3.0,,,N,"packed the box a week ago and it's still here
need this sorted this week","1. Reverse pickup pending
2. chk pickup AWB
3. Pickup rescheduled for 19 Feb",helpdesk
TK-240594,2025-02-17 16:32,2025-02-17 16:56,2025-02-19 11:41,resolved,chat,C106800,,VA-EB-AIR,Returns & Refunds,High,Returns Desk,A3037,0,3.0,,,N,"packed the box a week ago and it's still here
need this sorted this week","1. Reverse pickup pending
2. chk pickup AWB
3. Pickup rescheduled for 19 Feb",legacy_fd
TK-240598,2025-02-17 19:50,2025-02-17 19:55,,open,chat,C106485,VR905153,VA-SW-FIT,Returns & Refunds,Normal,Returns Desk,A3037,0,4.0,,,Y,"dear sir/madam,

i am writing with reference to my order of my nexa fit band (vr905153) placed on 02/11. strp pin caame off. i have tried to fix pin. i request you to process a reffund to my original payment method.

yours faithfully,
aadhya naidu","1. Strap broken
2. Checked warranty eligibility
3. New unit shipped under DOA",helpdesk
TK-240598,2025-02-17 19:50,2025-02-17 19:55,,open,chat,C106485,VR905153,VA-SW-FIT,Returns & Refunds,Normal,Returns Desk,A3037,0,4.0,,,Y,"dear sir/madam,

i am writing with reference to my order of my nexa fit band (vr905153) placed on 02/11. strp pin caame off. i have tried to fix pin. i request you to process a reffund to my original payment method.

yours faithfully,
aadhya naidu","1. Strap broken
2. Checked warranty eligibility
3. New unit shipped under DOA",legacy_fd
TK-240600,2025-02-17 21:47,2025-02-18 00:27,2025-02-18 00:36,resolved,voice,C101525,VR906240,VA-EB-PL1,Account & Login,Normal,Voice Frontline,A3016,0,2.0,,,N,"[IVR transcript] team, need the bill with my firm's gstin on it recently se","1. Invoice query
2. Regenerated invoice
3. Invoice emailed [closed]",helpdesk
TK-240600,2025-02-17 21:47,2025-02-18 00:27,2025-02-17 19:06,resolved,voice,C101525,VR906240,VA-EB-PL1,Account & Login,Normal,Voice Frontline,A3016,0,2.0,,,N,"[IVR transcript] team, need the bill with my firm's gstin on it recently se","1. Invoice query
2. Regenerated invoice
3. Invoice emailed [closed]",legacy_fd
TK-240612,2025-02-18 14:34,2025-02-18 14:35,2025-02-21 15:01,resolved,chat,C108429,VR905295,VA-SP-MINI,Delivery & Shipping,Normal,Logistics,A3031,0,,,,N,my ordder has not been delivered yet. VR905295,"1. dlvry delaeyd
2. Raised ticket w/ courier partner
3. Courier conf dlvry for 19 Feb, cx informed",helpdesk
TK-240612,2025-02-18 14:34,2025-02-18 14:35,2025-02-21 09:31,resolved,chat,C108429,VR905295,VA-SP-MINI,Delivery & Shipping,Normal,Logistics,A3031,0,0.0,,,N,my ordder has not been delivered yet. VR905295,"1. dlvry delaeyd
2. Raised ticket w/ courier partner
3. Courier conf dlvry for 19 Feb, cx informed",legacy_fd
TK-240622,2025-02-19 10:03,2025-02-19 10:25,2025-02-22 10:43,resolved,email,C100814,,VA-SW-NX2,Returns & Refunds,High,Returns Desk,A3038,0,,,,Y,"Product: the Nexa 2
Order: VR886395
Purchased: 07-02-2025
Issue: product arrived damaged
Tried: took photos
Expected: replacement","Reported: unit received damaged. Checked with courier for damage claim. Replacement raised, RMA shared with cx.",helpdesk
TK-240622,2025-02-19 10:03,2025-02-19 10:25,2025-02-22 05:13,resolved,email,C100814,,VA-SW-NX2,Returns & Refunds,High,Returns Desk,A3038,0,0.0,,,Y,"Product: the Nexa 2
Order: VR886395
Purchased: 07-02-2025
Issue: product arrived damaged
Tried: took photos
Expected: replacement","Reported: unit received damaged. Checked with courier for damage claim. Replacement raised, RMA shared with cx.",legacy_fd
TK-240624,2025-02-19 11:23,2025-02-19 15:08,2025-02-19 15:39,resolved,email,C100589,VR883709,VA-EB-AIR,Charging & Battery,Normal,Email Frontline,A3021,0,,,,Y,"hey,
i bought airrlite on 12-09-2024.  left bud won't charge even after keeping it in the case overnight.
i tried a different cable.
i am losing patience.
i want my money back.
thanks in advance zoya dutta",cust contacted re l bud no charge in case. tested with cx on call. replacement raised for full set.,helpdesk
TK-240624,2025-02-19 11:23,2025-02-19 15:08,2025-02-19 10:09,resolved,email,C100589,VR883709,VA-EB-AIR,Charging & Battery,Normal,Email Frontline,A3021,0,0.0,,,Y,"hey,
i bought airrlite on 12-09-2024.  left bud won't charge even after keeping it in the case overnight.
i tried a different cable.
i am losing patience.
i want my money back.
thanks in advance zoya dutta",cust contacted re l bud no charge in case. tested with cx on call. replacement raised for full set.,legacy_fd
TK-240635,2025-02-20 09:38,2025-02-20 09:42,2025-02-25 10:10,resolved,chat,C105495,,VA-SP-MINI,Delivery & Shipping,Normal,Logistics,A3028,0,3.0,,,N,"Product: orbit mini
Order: VR884307
Purchased: 14/02
Issue: it has been 16 days and I have nothing in hand
Tried: checked with neighbours
Expected: replacement",ticket raised for delivery delayed. raised ticket with courier partner. re-shipped from warehouse. closing.,helpdesk
TK-240635,2025-02-20 09:38,2025-02-20 09:42,2025-02-25 04:40,resolved,chat,C105495,,VA-SP-MINI,Delivery & Shipping,Normal,Logistics,A3028,0,3.0,,,N,"Product: orbit mini
Order: VR884307
Purchased: 14/02
Issue: it has been 16 days and I have nothing in hand
Tried: checked with neighbours
Expected: replacement",ticket raised for delivery delayed. raised ticket with courier partner. re-shipped from warehouse. closing.,legacy_fd
TK-240637,2025-02-20 10:41,2025-02-20 10:43,2025-02-20 10:59,resolved,chat,C109102,VR905804,VA-SP-ORB,Other,High,Chat Frontline,A3004,0,,,,Y,I am losing patience. This is regarding Orbit speaker. speaker won't turn on. I already tried different socket. Refund. Now,"cust contactted re no power. walked through hard reset. replacement approved, reverse pickup arranged.",helpdesk
TK-240637,2025-02-20 10:41,2025-02-20 10:43,2025-02-20 05:29,resolved,chat,C109102,VR905804,VA-SP-ORB,Other,High,Chat Frontline,A3004,0,0.0,,,Y,I am losing patience. This is regarding Orbit speaker. speaker won't turn on. I already tried different socket. Refund. Now,"cust contactted re no power. walked through hard reset. replacement approved, reverse pickup arranged.",legacy_fd
TK-240639,2025-02-20 15:38,2025-02-20 17:16,2025-02-23 17:30,resolved,email,C104381,,VA-AC-CH65,Delivery & Shipping,Normal,Logistics,A3029,0,,1499.0,LOST-TRANSIT,N,"Hi team, Bought 65W charger around 08-02-2025 from vireo.in. My order has not been delivered yet. Please call me on my registered number. Thank u, Farah",customer states shipment not rcvd. chk awb w/ crr. refunded rs 1499. cx satisfied on chat. [closed],helpdesk
TK-240639,2025-02-20 15:38,2025-02-20 17:16,2025-02-23 12:00,resolved,email,C104381,,VA-AC-CH65,Delivery & Shipping,Normal,Logistics,A3029,0,0.0,1499.0,LOST-TRANSIT,N,"Hi team, Bought 65W charger around 08-02-2025 from vireo.in. My order has not been delivered yet. Please call me on my registered number. Thank u, Farah",customer states shipment not rcvd. chk awb w/ crr. refunded rs 1499. cx satisfied on chat. [closed],legacy_fd
TK-240644,2025-02-20 22:49,2025-02-21 00:50,2025-02-21 01:09,closed,email,C101464,VR908065,VA-SP-MINI,Other,Normal,Email Frontline,A3003,0,,2499.0,CANCEL,N,"Not what I expected from Vireo. Order VR908065 (the mini speaker). cancel order VR908065. I already tried cancel button, greyed out. Fix this or I am posting on twitter.",Cx reported cancel ord. Cancelled before dispatch. Full refund processed (2499). Will monitor. //ROH,helpdesk
TK-240644,2025-02-20 22:49,2025-02-21 00:50,2025-02-20 19:39,closed,email,C101464,VR908065,VA-SP-MINI,Other,Normal,Email Frontline,A3003,0,0.0,2499.0,CANCEL,N,"Not what I expected from Vireo. Order VR908065 (the mini speaker). cancel order VR908065. I already tried cancel button, greyed out. Fix this or I am posting on twitter.",Cx reported cancel ord. Cancelled before dispatch. Full refund processed (2499). Will monitor. //ROH,legacy_fd
TK-240646,2025-02-21 09:40,2025-02-21 09:44,2025-02-21 10:17,resolved,chat,C103562,VR906260,VA-SP-MINI,Billing & Payments,High,Billing,A3035,0,3.0,1999.0,DUP-PAYMENT,N,i bought teh mini speaker on february 14.  two entries of rs 6499 on my statement for one pair of earbuds. i waited a week. nothing changed. i want my money back. regards,issue: duplicate payment | cheked pg for duplicate txn -> refunded rs 1999,helpdesk
TK-240646,2025-02-21 09:40,2025-02-21 09:44,2025-02-21 04:47,resolved,chat,C103562,VR906260,VA-SP-MINI,Billing & Payments,High,Billing,A3035,0,3.0,1999.0,DUP-PAYMENT,N,i bought teh mini speaker on february 14.  two entries of rs 6499 on my statement for one pair of earbuds. i waited a week. nothing changed. i want my money back. regards,issue: duplicate payment | cheked pg for duplicate txn -> refunded rs 1999,legacy_fd
TK-240651,2025-02-21 12:45,2025-02-21 16:07,2025-02-21 16:36,resolved,email,C101170,VR897428,VA-SP-ORB,Connectivity,Normal,Email Frontline,A3002,1,3.0,,,N,"product: my orbit
order: vr897428
purchased: 08-12-2024
issue: not pairing with my phone
tried: tried on another phone
expected: refund","customer states unable to pair with phone. walked through forget + re-pair. transferred to chat frontline. re-pair successful, resolved on chat.",helpdesk
TK-240651,2025-02-21 12:45,2025-02-21 16:07,2025-02-21 11:06,resolved,email,C101170,VR897428,VA-SP-ORB,Connectivity,Normal,Email Frontline,A3002,1,3.0,,,N,"product: my orbit
order: vr897428
purchased: 08-12-2024
issue: not pairing with my phone
tried: tried on another phone
expected: refund","customer states unable to pair with phone. walked through forget + re-pair. transferred to chat frontline. re-pair successful, resolved on chat.",legacy_fd
TK-240652,2025-02-21 14:37,2025-02-21 16:15,2025-02-21 16:24,resolved,email,C103681,,VA-EB-PL1,Billing & Payments,High,Billing,A3033,0,3.0,,,N,"Dear team, I bought pulse 1 on 11-02-2025.  Need the bill with my firm's GSTIN on it. Need this sorted this week.",GST invoice regenerated and shared. Issue: invoice query. Regenerated invoice.,helpdesk
TK-240652,2025-02-21 14:37,2025-02-21 16:15,2025-02-21 10:54,resolved,email,C103681,,VA-EB-PL1,Billing & Payments,High,Billing,A3033,0,3.0,,,N,"Dear team, I bought pulse 1 on 11-02-2025.  Need the bill with my firm's GSTIN on it. Need this sorted this week.",GST invoice regenerated and shared. Issue: invoice query. Regenerated invoice.,legacy_fd
TK-240664,2025-02-22 09:23,2025-02-22 15:16,2025-02-22 15:35,resolved,email,C103255,,VA-SW-FIT,Delivery & Shipping,Normal,Logistics,A3029,0,5.0,,,N,"PRODUCT: NEXA FIT
PURCHASED: FEBRUARY 22
ISSUE: PAID ON FEBRUARY 22, STILL WAITING FOR SOMETHING TO SHOW UP
TRIED: CALLED THE COURIER
EXPECTED: REFUND",contact re dlvry delayed. chk awb with crr. refund initiated as lost in transit. will monitor. [closed],helpdesk
TK-240664,2025-02-22 09:23,2025-02-22 15:16,2025-02-22 10:05,resolved,email,C103255,,VA-SW-FIT,Delivery & Shipping,Normal,Logistics,A3029,0,5.0,,,N,"PRODUCT: NEXA FIT
PURCHASED: FEBRUARY 22
ISSUE: PAID ON FEBRUARY 22, STILL WAITING FOR SOMETHING TO SHOW UP
TRIED: CALLED THE COURIER
EXPECTED: REFUND",contact re dlvry delayed. chk awb with crr. refund initiated as lost in transit. will monitor. [closed],legacy_fd
TK-240667,2025-02-22 16:10,2025-02-22 16:14,2025-02-22 16:47,closed,chat,C101980,VR897638,VA-HP-ST3,Billing & Payments,High,Billing,A3033,0,3.0,6649.0,RETURN-QC-OK,N,"Product: teh strata 3
Order: VR897638
Purchased: 14-02-2025
Issue: refund was promised 16 days ago & nothing
Tried: emailed twice
Expected: resolution",see prev ~Diya,helpdesk
TK-240667,2025-02-22 16:10,2025-02-22 16:14,2025-02-22 11:17,closed,chat,C101980,VR897638,VA-HP-ST3,Billing & Payments,High,Billing,A3033,0,3.0,6649.0,RETURN-QC-OK,N,"Product: teh strata 3
Order: VR897638
Purchased: 14-02-2025
Issue: refund was promised 16 days ago & nothing
Tried: emailed twice
Expected: resolution",see prev ~Diya,legacy_fd
TK-240672,2025-02-23 06:47,2025-02-23 06:50,2025-02-23 07:15,resolved,chat,C106807,VR891962,VA-HP-ST3,Returns & Refunds,Normal,Returns Desk,A3013,1,3.0,6649.0,RETURN-QC-OK,N,"to the vireo customer care team,

i am writing with reference to my order of the strata 3 (vr891962) placed on 14/02. refund was promised 12 days ago and nothing. i have checked bank. i request you to look into this matter at the earliest.

yours faithfully,
pooja siddiqui
bhopal","reported: refund pending. chk reverse pkp qc status. xfer to chat frontline. refund approved, rs 6649, 5-7 working days. ~Ayaan",helpdesk
TK-240672,2025-02-23 06:47,2025-02-23 06:50,2025-02-23 01:45,resolved,chat,C106807,VR891962,VA-HP-ST3,Returns & Refunds,Normal,Returns Desk,A3013,1,3.0,6649.0,RETURN-QC-OK,N,"to the vireo customer care team,

i am writing with reference to my order of the strata 3 (vr891962) placed on 14/02. refund was promised 12 days ago and nothing. i have checked bank. i request you to look into this matter at the earliest.

yours faithfully,
pooja siddiqui
bhopal","reported: refund pending. chk reverse pkp qc status. xfer to chat frontline. refund approved, rs 6649, 5-7 working days. ~Ayaan",legacy_fd
TK-240674,2025-02-23 09:51,2025-02-23 13:24,2025-02-23 13:52,resolved,email,C105392,VR886406,VA-EB-PL1,Charging & Battery,Normal,Email Frontline,A3020,0,1.0,,,N,"i am losiing patience. the pulse buds purchased recently, order vr886406. right side works perfectly, left one just does not wake up. i already did the reset from the manual. escalate this to someone senior.",cx reported left earbud not taking charge. chk case led behaviour with cx. escalated to warranty for inspection.,helpdesk
TK-240674,2025-02-23 09:51,2025-02-23 13:24,2025-02-23 08:22,resolved,email,C105392,VR886406,VA-EB-PL1,Charging & Battery,Normal,Email Frontline,A3020,0,1.0,,,N,"i am losiing patience. the pulse buds purchased recently, order vr886406. right side works perfectly, left one just does not wake up. i already did the reset from the manual. escalate this to someone senior.",cx reported left earbud not taking charge. chk case led behaviour with cx. escalated to warranty for inspection.,legacy_fd
TK-240677,2025-02-23 15:32,2025-02-23 15:33,2025-02-26 15:47,resolved,chat,C106741,VR884997,VA-AC-CH65,Returns & Refunds,Normal,Returns Desk,A3033,1,2.0,637.0,RETURN-QC-OK,N,"hi
same problem again.
refund not received yet
the gan charger VR884997
hello??",done ~Diya,helpdesk
TK-240677,2025-02-23 15:32,2025-02-23 15:33,2025-02-26 10:17,resolved,chat,C106741,VR884997,VA-AC-CH65,Returns & Refunds,Normal,Returns Desk,A3033,1,2.0,637.0,RETURN-QC-OK,N,"hi
same problem again.
refund not received yet
the gan charger VR884997
hello??",done ~Diya,legacy_fd
TK-240678,2025-02-23 17:41,2025-02-23 17:44,,open,chat,C101198,,VA-HP-ST3,Billing & Payments,High,Billing,A3033,0,3.0,5599.0,DUP-PAYMENT,N,"namaste,
i bought strata 3 on 09/02. payment was deductd but no order was created.
i waited 24 hours.
waiting for your reply",full refund processed (5599) ~Diya,helpdesk
TK-240678,2025-02-23 17:41,2025-02-23 17:44,,open,chat,C101198,,VA-HP-ST3,Billing & Payments,High,Billing,A3033,0,3.0,5599.0,DUP-PAYMENT,N,"namaste,
i bought strata 3 on 09/02. payment was deductd but no order was created.
i waited 24 hours.
waiting for your reply",full refund processed (5599) ~Diya,legacy_fd
TK-240686,2025-02-23 21:25,2025-02-23 21:29,2025-02-25 21:52,resolved,chat,C108115,VR882823,VA-EB-AIR,Billing & Payments,Normal,Billing,A3033,0,,1529.0,RETURN-QC-OK,N,"hey
where is the money for the return
??",closed ~Diya,helpdesk
TK-240686,2025-02-23 21:25,2025-02-23 21:29,2025-02-25 16:22,resolved,chat,C108115,VR882823,VA-EB-AIR,Billing & Payments,Normal,Billing,A3033,0,0.0,1529.0,RETURN-QC-OK,N,"hey
where is the money for the return
??",closed ~Diya,legacy_fd
TK-240707,2025-02-25 17:00,2025-02-25 19:32,2025-02-25 19:48,resolved,email,C103516,VR898827,VA-EB-AIR,Other,Normal,Email Frontline,A3021,1,,,,N,"hi vireo support,
airlite purchased last month, order vr898827. want to cancel my order.
please help","already shipped, advised rto/return. issue: order cancellation. cancelled before dispatch.",helpdesk
TK-240707,2025-02-25 17:00,2025-02-25 19:32,2025-02-25 14:18,resolved,email,C103516,VR898827,VA-EB-AIR,Other,Normal,Email Frontline,A3021,1,0.0,,,N,"hi vireo support,
airlite purchased last month, order vr898827. want to cancel my order.
please help","already shipped, advised rto/return. issue: order cancellation. cancelled before dispatch.",legacy_fd
TK-240712,2025-02-25 23:30,2025-02-25 23:34,2025-02-25 23:56,resolved,chat,C104518,,VA-HP-ST3,Connectivity,Normal,Chat Frontline,A3017,0,3.0,,,N,Writing again because the issue is back. my phone just doesn't see it in the list anymore,as discussed ~Kabir,helpdesk
TK-240712,2025-02-25 23:30,2025-02-25 23:34,2025-02-25 18:26,resolved,chat,C104518,,VA-HP-ST3,Connectivity,Normal,Chat Frontline,A3017,0,3.0,,,N,Writing again because the issue is back. my phone just doesn't see it in the list anymore,as discussed ~Kabir,legacy_fd
TK-240722,2025-02-26 14:22,2025-02-26 14:58,2025-02-26 15:20,resolved,chat,C108710,VR902501,VA-SW-NX2,Returns & Refunds,Normal,Returns Desk,A3037,0,1.0,,,Y,"return pickup has not happened, VR902501, i want a replacement","1. pkp not done
2. chk pkp AWB
3. rplc approved, reverse pkp arranged",helpdesk
TK-240722,2025-02-26 14:22,2025-02-26 14:58,2025-02-26 09:50,resolved,chat,C108710,VR902501,VA-SW-NX2,Returns & Refunds,Normal,Returns Desk,A3037,0,1.0,,,Y,"return pickup has not happened, VR902501, i want a replacement","1. pkp not done
2. chk pkp AWB
3. rplc approved, reverse pkp arranged",legacy_fd
TK-240726,2025-02-26 18:00,2025-02-26 19:05,2025-02-28 19:26,resolved,voice,C106803,,VA-EB-PL1,Delivery & Shipping,Normal,Logistics,A3029,0,,2499.0,RETURN-QC-OK,N,"[IVR transcript] Hi team, I bought pulse 1 on Februuary 26. Received the wong item. How do I get this fixed? Awaiting response Ritika",cx reported wrong variant rcvd. verified ord vs delivered item photos. reverse pkp + correct item shipped. follow-up not required.,helpdesk
TK-240726,2025-02-26 18:00,2025-02-26 19:05,2025-02-28 13:56,resolved,voice,C106803,,VA-EB-PL1,Delivery & Shipping,Normal,Logistics,A3029,0,0.0,2499.0,RETURN-QC-OK,N,"[IVR transcript] Hi team, I bought pulse 1 on Februuary 26. Received the wong item. How do I get this fixed? Awaiting response Ritika",cx reported wrong variant rcvd. verified ord vs delivered item photos. reverse pkp + correct item shipped. follow-up not required.,legacy_fd
TK-240729,2025-02-26 20:01,2025-02-26 20:57,2025-02-26 21:17,resolved,social,C107718,VR910019,VA-HP-ST3,Charging & Battery,Normal,Chat Frontline,A3015,0,5.0,,,N,"hii
the promised 30 hours is nowhere close, i get maybe 2
help","1. battery draining fast
2. chk fw 1.4.0
3. esc to wty",helpdesk
TK-240729,2025-02-26 20:01,2025-02-26 20:57,2025-02-26 15:47,resolved,social,C107718,VR910019,VA-HP-ST3,Charging & Battery,Normal,Chat Frontline,A3015,0,5.0,,,N,"hii
the promised 30 hours is nowhere close, i get maybe 2
help","1. battery draining fast
2. chk fw 1.4.0
3. esc to wty",legacy_fd
TK-240730,2025-02-26 20:11,2025-02-26 20:25,2025-02-26 20:53,resolved,chat,C109212,,VA-HP-ST3,Delivery & Shipping,Normal,Logistics,A3029,0,3.0,,,N,it has been 13 days and i hvae nothing in hand. need ths sorted this week,cx reached out - shipment not rcvd. chk awb with crr. re-shipped from warehouse. cx informed. [closed],helpdesk
TK-240730,2025-02-26 20:11,2025-02-26 20:25,2025-02-26 15:23,resolved,chat,C109212,,VA-HP-ST3,Delivery & Shipping,Normal,Logistics,A3029,0,3.0,,,N,it has been 13 days and i hvae nothing in hand. need ths sorted this week,cx reached out - shipment not rcvd. chk awb with crr. re-shipped from warehouse. cx informed. [closed],legacy_fd
TK-240732,2025-02-26 22:34,2025-02-26 22:37,2025-02-26 22:46,resolved,chat,C102110,,VA-HP-ST3,Other,Normal,Chat Frontline,A3017,0,5.0,630.0,CANCEL,N,"dear sir/madam,

i am writing with reference to my order of strata 3 placed on 12/02. want to cancel my order. i have tried cancel button, greyed out. i request you to provide a resolution within 3 working days.

regards,
gurpreet varghese
jaipur",already shipped ~Kabir,helpdesk
TK-240732,2025-02-26 22:34,2025-02-26 22:37,2025-02-26 17:16,resolved,chat,C102110,,VA-HP-ST3,Other,Normal,Chat Frontline,A3017,0,5.0,630.0,CANCEL,N,"dear sir/madam,

i am writing with reference to my order of strata 3 placed on 12/02. want to cancel my order. i have tried cancel button, greyed out. i request you to provide a resolution within 3 working days.

regards,
gurpreet varghese
jaipur",already shipped ~Kabir,legacy_fd
TK-240741,2025-02-27 12:25,2025-02-27 12:50,2025-02-27 13:10,resolved,email,C103515,VR893324,VA-SW-FIT,Other,Normal,Email Frontline,A3022,0,,,,N,"Dear team,
Ordered my Nexa Fit band last week. My order has not been delivered yet.
I checked the tracking page daily.
Kindly look into it.
Thank you, Ramesh",issue: order not delivered | checked awb with courier -> refund initiated as lost in transit -YM,helpdesk
TK-240741,2025-02-27 12:25,2025-02-27 12:50,2025-02-27 07:40,resolved,email,C103515,VR893324,VA-SW-FIT,Other,Normal,Email Frontline,A3022,0,0.0,,,N,"Dear team,
Ordered my Nexa Fit band last week. My order has not been delivered yet.
I checked the tracking page daily.
Kindly look into it.
Thank you, Ramesh",issue: order not delivered | checked awb with courier -> refund initiated as lost in transit -YM,legacy_fd
TK-240755,2025-02-28 09:01,2025-02-28 11:09,2025-02-28 11:18,resolved,email,C104561,VR883000,VA-SW-FIT,Billing & Payments,High,Billing,A3035,0,,1899.0,CANCEL,N,"Dear Sir/Madam,

I am writing with reference to my order of the fit band (VR883000) placed on 25 Feb. Please cancel, ordered by mistake. I have tried cancel button, greyed out. I request you to kindly arrange a replacement.

Yours faithfully,
Vivaan Pawar",re: cancel order | checked shipment status -> refunded rs 1899,helpdesk
TK-240755,2025-02-28 09:01,2025-02-28 11:09,2025-02-28 05:48,resolved,email,C104561,VR883000,VA-SW-FIT,Billing & Payments,High,Billing,A3035,0,0.0,1899.0,CANCEL,N,"Dear Sir/Madam,

I am writing with reference to my order of the fit band (VR883000) placed on 25 Feb. Please cancel, ordered by mistake. I have tried cancel button, greyed out. I request you to kindly arrange a replacement.

Yours faithfully,
Vivaan Pawar",re: cancel order | checked shipment status -> refunded rs 1899,legacy_fd
TK-240762,2025-02-28 20:45,2025-02-28 20:48,2025-02-28 21:28,resolved,chat,C102004,,VA-EB-AIR,Audio Quality,Normal,Chat Frontline,A3008,0,,,,N,"hey, i bought airlite on 20-11-2024. crackling sound in the right side. i changed eq. please resolve asap. thanks & regards pranav gaikawd","fw update, cx to monitor. issue: static noise in audio. chk w/ different source.",helpdesk
TK-240762,2025-02-28 20:45,2025-02-28 20:48,2025-02-28 15:58,resolved,chat,C102004,,VA-EB-AIR,Audio Quality,Normal,Chat Frontline,A3008,0,0.0,,,N,"hey, i bought airlite on 20-11-2024. crackling sound in the right side. i changed eq. please resolve asap. thanks & regards pranav gaikawd","fw update, cx to monitor. issue: static noise in audio. chk w/ different source.",legacy_fd
TK-240763,2025-02-28 21:11,2025-02-28 23:51,2025-03-06 00:21,resolved,social,C105220,VR881853,VA-EB-PL1,Other,Low,Chat Frontline,A3001,0,,,,N,"Fourth time writing about teh same thing.
I haven't received my order","delivery delayed | raised ticket with courier partner -> courier confirmed delivery for 05 mar, cx informed -SK",helpdesk
TK-240763,2025-02-28 21:11,2025-02-28 23:51,2025-03-05 18:51,resolved,social,C105220,VR881853,VA-EB-PL1,Other,Low,Chat Frontline,A3001,0,0.0,,,N,"Fourth time writing about teh same thing.
I haven't received my order","delivery delayed | raised ticket with courier partner -> courier confirmed delivery for 05 mar, cx informed -SK",legacy_fd
TK-240769,2025-03-01 09:18,2025-03-01 10:05,2025-03-01 10:17,resolved,email,C101086,VR880435,VA-SW-NX2,Delivery & Shipping,Low,Logistics,A3027,0,4.0,,,N,this is very disappointing. this is regarding nexa 2. my order has not been delivered yet. i already called the courier. fix this or i am posting on twitter.,issue: order not delivered | conf address w/ cx -> rfnd initiated as lost in transit,helpdesk
TK-240769,2025-03-01 09:18,2025-03-01 10:05,2025-03-01 04:47,resolved,email,C101086,VR880435,VA-SW-NX2,Delivery & Shipping,Low,Logistics,A3027,0,4.0,,,N,this is very disappointing. this is regarding nexa 2. my order has not been delivered yet. i already called the courier. fix this or i am posting on twitter.,issue: order not delivered | conf address w/ cx -> rfnd initiated as lost in transit,legacy_fd
TK-240772,2025-03-01 09:40,2025-03-01 11:05,2025-03-02 11:21,resolved,email,C103043,,VA-EB-PL1,Delivery & Shipping,Normal,Logistics,A3030,0,,,,N,really frustrating. i bought pulse earbuds on 26/02. my ordeer has not been delivered yet. i already checked teh tracking page daily. this is the last time i buy from u,Cx reported order not delivered. Confirmeed address wtih cx. Refund initiated as lost in transit.,helpdesk
TK-240772,2025-03-01 09:40,2025-03-01 11:05,2025-03-02 05:51,resolved,email,C103043,,VA-EB-PL1,Delivery & Shipping,Normal,Logistics,A3030,0,0.0,,,N,really frustrating. i bought pulse earbuds on 26/02. my ordeer has not been delivered yet. i already checked teh tracking page daily. this is the last time i buy from u,Cx reported order not delivered. Confirmeed address wtih cx. Refund initiated as lost in transit.,legacy_fd
TK-240775,2025-03-01 11:37,2025-03-01 23:24,2025-03-01 23:38,closed,email,C102258,,VA-SP-MINI,Delivery & Shipping,Normal,Logistics,A3028,0,,,,N,"Bought the mini speaker around 28/02 from Amazon. Paid on 28/02, still waiting for something to show up. I called the courier. How do I get this fixed? Rgds,",contact re ord not delivered. raised ticket with courier partner. re-shipped from warehouse. will monitor.,helpdesk
TK-240775,2025-03-01 11:37,2025-03-01 23:24,2025-03-01 18:08,closed,email,C102258,,VA-SP-MINI,Delivery & Shipping,Normal,Logistics,A3028,0,0.0,,,N,"Bought the mini speaker around 28/02 from Amazon. Paid on 28/02, still waiting for something to show up. I called the courier. How do I get this fixed? Rgds,",contact re ord not delivered. raised ticket with courier partner. re-shipped from warehouse. will monitor.,legacy_fd
TK-240776,2025-03-01 11:46,2025-03-01 12:06,2025-03-02 12:25,resolved,social,C104171,VR890211,VA-EB-PL1,Returns & Refunds,High,Returns Desk,A3036,0,,2499.0,RETURN-QC-OK,N,"Dear Sir/Madam,

I am writing with reference to my order of my Pulse (VR890211) placed on 21-12-2024. You picked up the item 15 days ago and my money hasn't come back. I have emailed twice. I request you to process a refund to my original payment method.

Sincerely,
Kavya Bose","Cx reported refund not credited. Checked refund status on PG. Refund approved, Rs 2499, 5-7 working days. Cx satisfied on chat.",helpdesk
TK-240776,2025-03-01 11:46,2025-03-01 12:06,2025-03-02 06:55,resolved,social,C104171,VR890211,VA-EB-PL1,Returns & Refunds,High,Returns Desk,A3036,0,0.0,2499.0,RETURN-QC-OK,N,"Dear Sir/Madam,

I am writing with reference to my order of my Pulse (VR890211) placed on 21-12-2024. You picked up the item 15 days ago and my money hasn't come back. I have emailed twice. I request you to process a refund to my original payment method.

Sincerely,
Kavya Bose","Cx reported refund not credited. Checked refund status on PG. Refund approved, Rs 2499, 5-7 working days. Cx satisfied on chat.",legacy_fd
TK-240786,2025-03-02 13:47,2025-03-02 13:49,2025-03-02 14:15,resolved,chat,C109499,,VA-EB-PL1,Charging & Battery,Low,Chat Frontline,A3004,0,4.0,,,N,"PRODUCT: PULSE EARBUDS
ORDER: VR905937
PURCHASED: 05/01
ISSUE: GOES FROM FULL TO EMPTY DURING ONE COMMUTE
TRIED: FULLY CHRGED AND DISCHARGED TWICE
EXPECTED: REFUND","cx reported rapid battery drain. adv disabling anc/aod to test. adv settings change, cx satisfied. [closed]",helpdesk
TK-240786,2025-03-02 13:47,2025-03-02 13:49,2025-03-02 08:45,resolved,chat,C109499,,VA-EB-PL1,Charging & Battery,Low,Chat Frontline,A3004,0,4.0,,,N,"PRODUCT: PULSE EARBUDS
ORDER: VR905937
PURCHASED: 05/01
ISSUE: GOES FROM FULL TO EMPTY DURING ONE COMMUTE
TRIED: FULLY CHRGED AND DISCHARGED TWICE
EXPECTED: REFUND","cx reported rapid battery drain. adv disabling anc/aod to test. adv settings change, cx satisfied. [closed]",legacy_fd
TK-240797,2025-03-03 23:49,2025-03-03 23:51,2025-03-04 00:23,resolved,chat,C105392,VR886406,VA-EB-PL1,Charging & Battery,Normal,Chat Frontline,A3016,0,,,,N,"product: my pulse
order: vr886406
purchased: 20/01
issue: i have to charge it twice a day now, it used to last days
tried: updated teh app
expected: refund","adv settings change, cx satisfied [closed]",helpdesk
TK-240797,2025-03-03 23:49,2025-03-03 23:51,2025-03-03 18:53,resolved,chat,C105392,VR886406,VA-EB-PL1,Charging & Battery,Normal,Chat Frontline,A3016,0,0.0,,,N,"product: my pulse
order: vr886406
purchased: 20/01
issue: i have to charge it twice a day now, it used to last days
tried: updated teh app
expected: refund","adv settings change, cx satisfied [closed]",legacy_fd
TK-240804,2025-03-04 17:43,2025-03-04 17:48,2025-03-04 18:07,resolved,chat,C108661,VR904945,VA-HP-ST3,Other,Normal,Chat Frontline,A3007,0,4.0,6999.0,DUP-PAYMENT,N,"Product: my Strata 3 headphones
Order: VR904945
Purchased: 01/03
Issue: UPI shws success, your app shows nothing
Tried: waiteed 24 hours
Expected: refund","Refund approved, Rs 6999, 5-7 working days. Issue: amount deducted without order. Asked for UTR.",helpdesk
TK-240804,2025-03-04 17:43,2025-03-04 17:48,2025-03-04 12:37,resolved,chat,C108661,VR904945,VA-HP-ST3,Other,Normal,Chat Frontline,A3007,0,4.0,6999.0,DUP-PAYMENT,N,"Product: my Strata 3 headphones
Order: VR904945
Purchased: 01/03
Issue: UPI shws success, your app shows nothing
Tried: waiteed 24 hours
Expected: refund","Refund approved, Rs 6999, 5-7 working days. Issue: amount deducted without order. Asked for UTR.",legacy_fd
TK-240824,2025-03-05 18:22,2025-03-06 01:59,2025-03-06 02:33,closed,email,C107125,VR894353,VA-SP-MINI,Billing & Payments,High,Billing,A3032,0,,,,N,the page failed after I paid and now nothing shows in my account. VR894353,"issue: payment debited, no order | asked for utr -> order manually created",helpdesk
TK-240824,2025-03-05 18:22,2025-03-06 01:59,2025-03-05 21:03,closed,email,C107125,VR894353,VA-SP-MINI,Billing & Payments,High,Billing,A3032,0,0.0,,,N,the page failed after I paid and now nothing shows in my account. VR894353,"issue: payment debited, no order | asked for utr -> order manually created",legacy_fd
TK-240829,2025-03-05 22:54,2025-03-05 23:43,2025-03-06 00:02,resolved,email,C107222,,VA-EB-PL1,Connectivity,High,Email Frontline,A3017,0,4.0,,,N,"Very poor quality. GOT THE PULSE BUDS FROM AMAZON 3 WEEKS BACK. cannot pair the Pulse buds w/ my laptop. I already forgot the device & tried again. I want a replacement or refund, nothing else.","Contact re pairing failure. Checked phone OS version. Reset done, paired ok. ~Kabir",helpdesk
TK-240829,2025-03-05 22:54,2025-03-05 23:43,2025-03-05 18:32,resolved,email,C107222,,VA-EB-PL1,Connectivity,High,Email Frontline,A3017,0,4.0,,,N,"Very poor quality. GOT THE PULSE BUDS FROM AMAZON 3 WEEKS BACK. cannot pair the Pulse buds w/ my laptop. I already forgot the device & tried again. I want a replacement or refund, nothing else.","Contact re pairing failure. Checked phone OS version. Reset done, paired ok. ~Kabir",legacy_fd
TK-240835,2025-03-06 11:01,2025-03-06 11:23,2025-03-06 11:56,resolved,voice,C107565,VR899917,VA-SW-NX1,App & Firmware,Normal,Voice Frontline,A3023,0,,,,N,"[IVR transcript] Hello Vireo, Ordered Nexa watch in August. Firmware update stuck for 2 hours. I kept it in the case. Please call me on my registered number. Thank you",Reported: FW update stuck. Asked cx to keep in case 30 min. Recovery successful. (SOP 2.7) ~Farah,helpdesk
TK-240835,2025-03-06 11:01,2025-03-06 11:23,2025-03-06 06:26,resolved,voice,C107565,VR899917,VA-SW-NX1,App & Firmware,Normal,Voice Frontline,A3023,0,0.0,,,N,"[IVR transcript] Hello Vireo, Ordered Nexa watch in August. Firmware update stuck for 2 hours. I kept it in the case. Please call me on my registered number. Thank you",Reported: FW update stuck. Asked cx to keep in case 30 min. Recovery successful. (SOP 2.7) ~Farah,legacy_fd
TK-240838,2025-03-06 15:49,2025-03-06 15:57,2025-03-06 16:28,resolved,chat,C102940,VR880208,VA-EB-AIR,Other,Normal,Chat Frontline,A3007,0,,1799.0,DUP-PAYMENT,N,"helo
upi shows success, your app shows nothing
anyone there",issue: failed order after payment | chk pg dashboard for txn -> rfnd of rs 1799 initiated to source,helpdesk
TK-240838,2025-03-06 15:49,2025-03-06 15:57,2025-03-06 10:58,resolved,chat,C102940,VR880208,VA-EB-AIR,Other,Normal,Chat Frontline,A3007,0,0.0,1799.0,DUP-PAYMENT,N,"helo
upi shows success, your app shows nothing
anyone there",issue: failed order after payment | chk pg dashboard for txn -> rfnd of rs 1799 initiated to source,legacy_fd
TK-240841,2025-03-06 18:06,2025-03-06 18:07,2025-03-08 18:36,resolved,chat,C103312,,VA-EB-AIR,Returns & Refunds,Normal,Returns Desk,A3037,0,4.0,180.0,RETURN-QC-OK,N,"got the airlite buds from flipkart 3 weeks back. where is the money for the return.
how do i get this fixed?
regards,","1. Refund not credited
2. Checked refund status on PG
3. Full refund processed (180)",helpdesk
TK-240841,2025-03-06 18:06,2025-03-06 18:07,2025-03-08 13:06,resolved,chat,C103312,,VA-EB-AIR,Returns & Refunds,Normal,Returns Desk,A3037,0,4.0,180.0,RETURN-QC-OK,N,"got the airlite buds from flipkart 3 weeks back. where is the money for the return.
how do i get this fixed?
regards,","1. Refund not credited
2. Checked refund status on PG
3. Full refund processed (180)",legacy_fd
TK-240859,2025-03-07 12:49,2025-03-07 12:53,2025-03-12 13:09,closed,chat,C107876,VR892682,VA-EB-AIR,Delivery & Shipping,Normal,Logistics,A3027,0,,,,N,"tracking has said out for delivery for a week now
VR892682
how do i get this fixed?",Cx says shipment not rcvd. Raised ticket w/ courier partner. rfnd initiated as lost in transit.,helpdesk
TK-240859,2025-03-07 12:49,2025-03-07 12:53,2025-03-12 07:39,closed,chat,C107876,VR892682,VA-EB-AIR,Delivery & Shipping,Normal,Logistics,A3027,0,0.0,,,N,"tracking has said out for delivery for a week now
VR892682
how do i get this fixed?",Cx says shipment not rcvd. Raised ticket w/ courier partner. rfnd initiated as lost in transit.,legacy_fd
TK-240873,2025-03-07 19:08,2025-03-07 23:20,2025-03-08 00:00,resolved,email,C100751,VR883422,VA-AC-CH65,Billing & Payments,Normal,Billing,A3034,0,,,,N,"dear sir/madam,

i am writing with reference to my order of 65w charger (vr883422) placed on 05 mar. my bank shows the same amount twice on the same day. i have waited a week. i request you to process a refund to my original payment method.

sincerely,
jaspreet mathew
coimbatore","1. Charged twice
2. Confirmed UTRs
3. Duplicate refunded to source (SOP 5.4) -MM",helpdesk
TK-240873,2025-03-07 19:08,2025-03-07 23:20,2025-03-07 18:30,resolved,email,C100751,VR883422,VA-AC-CH65,Billing & Payments,Normal,Billing,A3034,0,0.0,,,N,"dear sir/madam,

i am writing with reference to my order of 65w charger (vr883422) placed on 05 mar. my bank shows the same amount twice on the same day. i have waited a week. i request you to process a refund to my original payment method.

sincerely,
jaspreet mathew
coimbatore","1. Charged twice
2. Confirmed UTRs
3. Duplicate refunded to source (SOP 5.4) -MM",legacy_fd
TK-240879,2025-03-08 10:35,2025-03-08 10:38,2025-03-08 11:00,resolved,chat,C106697,,VA-SP-MINI,Billing & Payments,High,Billing,A3032,0,,,,N,"sir ji
payment was deducted but no order was created
itna paisa diya hai
anyone there","payment debited, no order | asked for utr -> auto-rfnd conf within 5-7 days",helpdesk
TK-240879,2025-03-08 10:35,2025-03-08 10:38,2025-03-08 05:30,resolved,chat,C106697,,VA-SP-MINI,Billing & Payments,High,Billing,A3032,0,0.0,,,N,"sir ji
payment was deducted but no order was created
itna paisa diya hai
anyone there","payment debited, no order | asked for utr -> auto-rfnd conf within 5-7 days",legacy_fd
TK-240885,2025-03-08 14:04,2025-03-08 14:06,2025-03-08 14:27,resolved,chat,C100953,VR881961,VA-SW-NX1,Delivery & Shipping,High,Logistics,A3029,0,,,,Y,"box was crushed and the my nexa is cracked
vr881961","ticket raised for unit rcvd damaged. chk w/ crr for damage claim. rplc approved, reverse pkp arranged. follow-up not required. [closed]",helpdesk
TK-240885,2025-03-08 14:04,2025-03-08 14:06,2025-03-08 08:57,resolved,chat,C100953,VR881961,VA-SW-NX1,Delivery & Shipping,High,Logistics,A3029,0,0.0,,,Y,"box was crushed and the my nexa is cracked
vr881961","ticket raised for unit rcvd damaged. chk w/ crr for damage claim. rplc approved, reverse pkp arranged. follow-up not required. [closed]",legacy_fd
TK-240887,2025-03-08 18:18,2025-03-08 18:22,2025-03-08 18:45,resolved,chat,C103207,VR884006,VA-SW-NX1,Other,Low,Chat Frontline,A3014,0,5.0,,,N,"Product: Nexa watch
Order: VR884006
Purchased: 01/03
Issue: please share invoice with GST number
Tried: tried different browser
Expected: resolution",reported: invoice query. regenerated invoice. invoice emailed. -MI,helpdesk
TK-240887,2025-03-08 18:18,2025-03-08 18:22,2025-03-08 13:15,resolved,chat,C103207,VR884006,VA-SW-NX1,Other,Low,Chat Frontline,A3014,0,5.0,,,N,"Product: Nexa watch
Order: VR884006
Purchased: 01/03
Issue: please share invoice with GST number
Tried: tried different browser
Expected: resolution",reported: invoice query. regenerated invoice. invoice emailed. -MI,legacy_fd
TK-240888,2025-03-08 19:03,2025-03-08 19:11,2025-03-09 19:41,resolved,chat,C105383,VR898966,VA-SP-MINI,Returns & Refunds,Normal,Returns Desk,A3037,0,,,,N,"Hi Vireo support, Bought orbit mini around 02/03 from vireo.in. Still waiing for my refund. I checked bank. Nothing changed. How do I get this fixed? Rgds","1. Refund pending
2. Checked reverse pkp QC status
3. Refund confirmed credited",helpdesk
TK-240888,2025-03-08 19:03,2025-03-08 19:11,2025-03-09 14:11,resolved,chat,C105383,VR898966,VA-SP-MINI,Returns & Refunds,Normal,Returns Desk,A3037,0,0.0,,,N,"Hi Vireo support, Bought orbit mini around 02/03 from vireo.in. Still waiing for my refund. I checked bank. Nothing changed. How do I get this fixed? Rgds","1. Refund pending
2. Checked reverse pkp QC status
3. Refund confirmed credited",legacy_fd
TK-240891,2025-03-08 20:07,2025-03-08 20:12,2025-03-08 20:24,resolved,chat,C109256,,VA-NB-ARC,Delivery & Shipping,Normal,Logistics,A3031,0,,,,N,"Product: Arc neckband
Purchased: March 03
Issue: paid on March 03, still waiting for something to show up
Tried: called the courier
Expected: resolution","1. dlvry delayed
2. conf adress w/ cx
3. RTO conf, reshipped",helpdesk
TK-240891,2025-03-08 20:07,2025-03-08 20:12,2025-03-08 14:54,resolved,chat,C109256,,VA-NB-ARC,Delivery & Shipping,Normal,Logistics,A3031,0,0.0,,,N,"Product: Arc neckband
Purchased: March 03
Issue: paid on March 03, still waiting for something to show up
Tried: called the courier
Expected: resolution","1. dlvry delayed
2. conf adress w/ cx
3. RTO conf, reshipped",legacy_fd
TK-240893,2025-03-08 21:12,2025-03-08 22:06,,open,social,C102573,VR908834,VA-HP-ST2,Delivery & Shipping,Normal,Logistics,A3027,0,,,,N,SAME PROBLEM AGAIN. - I haven't received my order - VR908834,cx states order not delivered. conf address w/ cx. Re-shipped from warehouse.,helpdesk
TK-240893,2025-03-08 21:12,2025-03-08 22:06,,open,social,C102573,VR908834,VA-HP-ST2,Delivery & Shipping,Normal,Logistics,A3027,0,0.0,,,N,SAME PROBLEM AGAIN. - I haven't received my order - VR908834,cx states order not delivered. conf address w/ cx. Re-shipped from warehouse.,legacy_fd
TK-240894,2025-03-09 00:13,2025-03-09 07:21,2025-03-09 07:47,resolved,email,C105383,VR898966,VA-SP-MINI,Delivery & Shipping,Normal,Logistics,A3028,0,,,,N,"Hi Vireo support, Order VR898966 (teh mini speaker).  Paid on 02 Mar, stilll waiiting for something to shwo up. I checked the tracking page daily. What do I do now? Rgds","ticket raised for shipment not received. raised ticket with courier partner. courier confirmed dlvry for 11 mar, cx informed. case closed with cx consent.",helpdesk
TK-240894,2025-03-09 00:13,2025-03-09 07:21,2025-03-09 02:17,resolved,email,C105383,VR898966,VA-SP-MINI,Delivery & Shipping,Normal,Logistics,A3028,0,0.0,,,N,"Hi Vireo support, Order VR898966 (teh mini speaker).  Paid on 02 Mar, stilll waiiting for something to shwo up. I checked the tracking page daily. What do I do now? Rgds","ticket raised for shipment not received. raised ticket with courier partner. courier confirmed dlvry for 11 mar, cx informed. case closed with cx consent.",legacy_fd
TK-240899,2025-03-09 11:39,2025-03-09 16:12,2025-03-11 16:33,resolved,social,C109091,VR907357,VA-NB-ARC,Delivery & Shipping,Normal,Logistics,A3029,0,3.0,,,N,"Dear Sir/Madam,

I am writing with reference to my order of the neckband (VR907357) placed on 27 Feb. I haven't received my order. I have called the courier. I request you to process a refund to my original payment method.

Regards,
Shreya Mukherjee",rfnd initiated as lost in transit. issue: shipment not rcvd. raised ticket w/ courier partner. [closed],helpdesk
TK-240899,2025-03-09 11:39,2025-03-09 16:12,2025-03-11 11:03,resolved,social,C109091,VR907357,VA-NB-ARC,Delivery & Shipping,Normal,Logistics,A3029,0,3.0,,,N,"Dear Sir/Madam,

I am writing with reference to my order of the neckband (VR907357) placed on 27 Feb. I haven't received my order. I have called the courier. I request you to process a refund to my original payment method.

Regards,
Shreya Mukherjee",rfnd initiated as lost in transit. issue: shipment not rcvd. raised ticket w/ courier partner. [closed],legacy_fd
TK-240925,2025-03-11 07:00,2025-03-11 07:07,2025-03-11 07:32,resolved,chat,C103433,VR905568,VA-EB-AIR,Connectivity,Low,Chat Frontline,A3011,0,2.0,,,N,"product: airlite earbuds
order: vr905568
purchased: 27-11-2024
issue: bluetooth pairing fails every time
tried: tried on another phone
expected: replacement",see prev,helpdesk
TK-240925,2025-03-11 07:00,2025-03-11 07:07,2025-03-11 02:02,resolved,chat,C103433,VR905568,VA-EB-AIR,Connectivity,Low,Chat Frontline,A3011,0,2.0,,,N,"product: airlite earbuds
order: vr905568
purchased: 27-11-2024
issue: bluetooth pairing fails every time
tried: tried on another phone
expected: replacement",see prev,legacy_fd
TK-240942,2025-03-12 10:40,2025-03-12 10:44,2025-03-15 11:08,resolved,chat,C102281,,VA-SW-FIT,Delivery & Shipping,High,Logistics,A3028,0,,,,N,"Dear Sir/Madam,

I am writing with reference to my order of Nexa Fit placed on 09-03-2025. Screen has a crack before I even switched it on. I have took photos. I request you to kindly arrange a replacement.

Yours faithfully,
Swati Jain
Patna","cx: unit received damaged | photos received, damage conf -> replacement dispatched",helpdesk
TK-240942,2025-03-12 10:40,2025-03-12 10:44,2025-03-15 05:38,resolved,chat,C102281,,VA-SW-FIT,Delivery & Shipping,High,Logistics,A3028,0,0.0,,,N,"Dear Sir/Madam,

I am writing with reference to my order of Nexa Fit placed on 09-03-2025. Screen has a crack before I even switched it on. I have took photos. I request you to kindly arrange a replacement.

Yours faithfully,
Swati Jain
Patna","cx: unit received damaged | photos received, damage conf -> replacement dispatched",legacy_fd
TK-240951,2025-03-12 21:45,2025-03-12 21:48,2025-03-12 22:13,resolved,chat,C109188,VR887399,VA-SP-MINI,Billing & Payments,Normal,Billing,A3033,0,,250.0,DUP-PAYMENT,N,I have been a loyal customer and this is how you treat me. Order VR887399 (Orbit Mini). card charged two times. I already checked with bank. Fix this or I am posting on twitter.,see prev ~Diya,helpdesk
TK-240951,2025-03-12 21:45,2025-03-12 21:48,2025-03-12 16:43,resolved,chat,C109188,VR887399,VA-SP-MINI,Billing & Payments,Normal,Billing,A3033,0,0.0,250.0,DUP-PAYMENT,N,I have been a loyal customer and this is how you treat me. Order VR887399 (Orbit Mini). card charged two times. I already checked with bank. Fix this or I am posting on twitter.,see prev ~Diya,legacy_fd
TK-240964,2025-03-13 20:06,2025-03-13 20:36,2025-03-19 22:34,resolved,email,C104183,VR890999,VA-EB-PL1,Other,Normal,Email Frontline,A3039,1,,,,N,"Product: my Pulse
Purchased: February 25
Issue: everyone on my calls says I sound like I'm underwater
Tried: tried different apps
Expected: fix","Cx reported low mic pickup. Tested on call with cx. Transferred to Escalations & Warranty. Permissions fixed, resolved. ~Vivaan",helpdesk
TK-240964,2025-03-13 20:06,2025-03-13 20:36,2025-03-19 17:04,resolved,email,C104183,VR890999,VA-EB-PL1,Other,Normal,Email Frontline,A3039,1,0.0,,,N,"Product: my Pulse
Purchased: February 25
Issue: everyone on my calls says I sound like I'm underwater
Tried: tried different apps
Expected: fix","Cx reported low mic pickup. Tested on call with cx. Transferred to Escalations & Warranty. Permissions fixed, resolved. ~Vivaan",legacy_fd
TK-240989,2025-03-15 14:35,2025-03-15 14:38,2025-03-15 15:16,resolved,chat,C108828,,VA-EB-AIR,App & Firmware,Normal,Chat Frontline,A3013,0,3.0,,,N,"dear sir/madam,

i am writing with reference to my order of the airlite buds placed on 14 jan. the progress bar has not moved since morning. i have kept it in the case. i request you to provide a rsolution within 3 working days.

regards,
ankit arora",cx says fw update failed. walked through recovery mode. update completed after retry.,helpdesk
TK-240989,2025-03-15 14:35,2025-03-15 14:38,2025-03-15 09:46,resolved,chat,C108828,,VA-EB-AIR,App & Firmware,Normal,Chat Frontline,A3013,0,3.0,,,N,"dear sir/madam,

i am writing with reference to my order of the airlite buds placed on 14 jan. the progress bar has not moved since morning. i have kept it in the case. i request you to provide a rsolution within 3 working days.

regards,
ankit arora",cx says fw update failed. walked through recovery mode. update completed after retry.,legacy_fd
TK-240993,2025-03-15 16:37,2025-03-15 16:42,,pending,chat,C100301,VR899069,VA-SW-NX2,Other,Normal,Chat Frontline,A3015,0,,975.0,CANCEL,N,"helo
please cancel, ordered by mistake
urgent","1. cancellation request
2. cancelled before dispatch
3. refund of rs 975 initiated to source",helpdesk
TK-240993,2025-03-15 16:37,2025-03-15 16:42,,pending,chat,C100301,VR899069,VA-SW-NX2,Other,Normal,Chat Frontline,A3015,0,0.0,975.0,CANCEL,N,"helo
please cancel, ordered by mistake
urgent","1. cancellation request
2. cancelled before dispatch
3. refund of rs 975 initiated to source",legacy_fd
TK-241001,2025-03-16 08:41,2025-03-16 12:53,2025-03-16 13:19,resolved,email,C106919,VR895750,VA-SW-NX1,Delivery & Shipping,Normal,Logistics,A3027,0,,,,N,"Dear team, Order VR895750 (the nexa smartwatch). I haven't recieved my order. I checked with neighbours. I am losing patience. Please help. Rgds,","cx: shipment not received | raised ticket with crr partner -> rto conf, reshipped",helpdesk
TK-241001,2025-03-16 08:41,2025-03-16 12:53,2025-03-16 07:49,resolved,email,C106919,VR895750,VA-SW-NX1,Delivery & Shipping,Normal,Logistics,A3027,0,0.0,,,N,"Dear team, Order VR895750 (the nexa smartwatch). I haven't recieved my order. I checked with neighbours. I am losing patience. Please help. Rgds,","cx: shipment not received | raised ticket with crr partner -> rto conf, reshipped",legacy_fd
TK-241005,2025-03-16 15:38,2025-03-16 18:55,2025-03-16 19:08,resolved,email,C102969,VR891188,VA-AC-CH65,Other,Normal,Email Frontline,A3021,0,4.0,1274.0,CANCEL,N,"Product: 65W charger
Order: VR891188
Purchased: March 14
Issue: please cancel, ordered by mistake
Tried: tried cancel button, greyed out
Expected: refund","contact re cancel order. checked shipment status. refund approved, rs 1274, 5-7 working days.",helpdesk
TK-241005,2025-03-16 15:38,2025-03-16 18:55,2025-03-16 13:38,resolved,email,C102969,VR891188,VA-AC-CH65,Other,Normal,Email Frontline,A3021,0,4.0,1274.0,CANCEL,N,"Product: 65W charger
Order: VR891188
Purchased: March 14
Issue: please cancel, ordered by mistake
Tried: tried cancel button, greyed out
Expected: refund","contact re cancel order. checked shipment status. refund approved, rs 1274, 5-7 working days.",legacy_fd
TK-241010,2025-03-16 18:29,2025-03-16 19:48,2025-03-19 22:02,resolved,email,C107027,VR906684,VA-SW-NX2,Warranty & Repair,Normal,Escalations & Warranty,A3044,0,,,,Y,really frustrating. got my nexa 2 watch from amazon 3 weeks back. i sent the unit in 6 days ago and have heard nothing. i already caalled service centre. refund. now.,"Ticket raised for warranty claim status. Followed up with service centre. rplc raised, RMA shared with cx.",helpdesk
TK-241010,2025-03-16 18:29,2025-03-16 19:48,2025-03-19 16:32,resolved,email,C107027,VR906684,VA-SW-NX2,Warranty & Repair,Normal,Escalations & Warranty,A3044,0,0.0,,,Y,really frustrating. got my nexa 2 watch from amazon 3 weeks back. i sent the unit in 6 days ago and have heard nothing. i already caalled service centre. refund. now.,"Ticket raised for warranty claim status. Followed up with service centre. rplc raised, RMA shared with cx.",legacy_fd
TK-241014,2025-03-16 22:05,2025-03-17 00:47,2025-03-18 01:06,resolved,email,C104216,,VA-SW-FIT,Returns & Refunds,Normal,Returns Desk,A3038,0,5.0,1999.0,RETURN-QC-OK,N,"hi,
this is regarding my nexa fit band. you picked up teh item 17 days ago and my money hasn't come back.
i emailed twice.
need this sorted this week.",Customer reached out - refund not credited. Checked reverse pickup QC status. Refunded Rs 1999.,helpdesk
TK-241014,2025-03-16 22:05,2025-03-17 00:47,2025-03-17 19:36,resolved,email,C104216,,VA-SW-FIT,Returns & Refunds,Normal,Returns Desk,A3038,0,5.0,1999.0,RETURN-QC-OK,N,"hi,
this is regarding my nexa fit band. you picked up teh item 17 days ago and my money hasn't come back.
i emailed twice.
need this sorted this week.",Customer reached out - refund not credited. Checked reverse pickup QC status. Refunded Rs 1999.,legacy_fd
TK-241023,2025-03-17 16:04,2025-03-17 16:06,2025-03-17 16:48,closed,chat,C101628,VR902047,VA-EB-PL1,Audio Quality,Normal,Chat Frontline,A3013,0,1.0,,,N,everything sounds like it is coming from one direction now,ticket raised for single side audio only. walked through reset. reset rslvd.,helpdesk
TK-241023,2025-03-17 16:04,2025-03-17 16:06,2025-03-17 11:18,closed,chat,C101628,VR902047,VA-EB-PL1,Audio Quality,Normal,Chat Frontline,A3013,0,1.0,,,N,everything sounds like it is coming from one direction now,ticket raised for single side audio only. walked through reset. reset rslvd.,legacy_fd
TK-241024,2025-03-17 17:07,2025-03-17 17:17,2025-03-17 17:48,closed,chat,C102924,VR904501,VA-HP-ST2,Billing & Payments,Normal,Billing,A3033,0,,4499.0,DUP-PAYMENT,N,"Honestly regretting this purchase. I already raised this once and the ticket was closed. Got Strata 2 from Flipkart 2 weeks ago. paid via UPI, amount deducted, no order confirmation. I already waited 24 hours. I want a replacement or refund, nothing else.",closed ~Diya,helpdesk
TK-241024,2025-03-17 17:07,2025-03-17 17:17,2025-03-17 12:18,closed,chat,C102924,VR904501,VA-HP-ST2,Billing & Payments,Normal,Billing,A3033,0,0.0,4499.0,DUP-PAYMENT,N,"Honestly regretting this purchase. I already raised this once and the ticket was closed. Got Strata 2 from Flipkart 2 weeks ago. paid via UPI, amount deducted, no order confirmation. I already waited 24 hours. I want a replacement or refund, nothing else.",closed ~Diya,legacy_fd
TK-241032,2025-03-18 03:20,2025-03-18 07:44,2025-03-18 07:52,resolved,email,C101525,VR906240,VA-EB-PL1,Billing & Payments,Normal,Billing,A3037,1,4.0,2124.0,CANCEL,N,"Honestly regretting tihs purchase. Bought Pulse earbuds around 03/02 from Amazon. want to cancel my order. I already tried cancel button, greyed out. Escalate this to someone senior.",-,helpdesk
TK-241032,2025-03-18 03:20,2025-03-18 07:44,2025-03-18 02:22,resolved,email,C101525,VR906240,VA-EB-PL1,Billing & Payments,Normal,Billing,A3037,1,4.0,2124.0,CANCEL,N,"Honestly regretting tihs purchase. Bought Pulse earbuds around 03/02 from Amazon. want to cancel my order. I already tried cancel button, greyed out. Escalate this to someone senior.",-,legacy_fd
TK-241034,2025-03-18 09:35,2025-03-18 12:11,2025-03-18 12:29,resolved,email,C108400,VR888167,VA-SP-ORB,Other,Low,Email Frontline,A3018,0,3.0,,,N,"Got my Orbit from vireo.in last week. Oder not delivered, trackign not updating.
I checked the tracking page daily.
Kindly look into it.
Thanks, Pooja",Cust contacted re ord not delivered. Raised ticket w/ crr partner. Refund initiated as lost in transit. (SOP 3.1) ~Sukhwinder,helpdesk
TK-241034,2025-03-18 09:35,2025-03-18 12:11,2025-03-18 06:59,resolved,email,C108400,VR888167,VA-SP-ORB,Other,Low,Email Frontline,A3018,0,3.0,,,N,"Got my Orbit from vireo.in last week. Oder not delivered, trackign not updating.
I checked the tracking page daily.
Kindly look into it.
Thanks, Pooja",Cust contacted re ord not delivered. Raised ticket w/ crr partner. Refund initiated as lost in transit. (SOP 3.1) ~Sukhwinder,legacy_fd
TK-241038,2025-03-18 13:26,2025-03-18 13:30,2025-03-18 13:52,resolved,voice,C102969,VR891188,VA-AC-CH65,Billing & Payments,Normal,Billing,A3032,0,,1274.0,PRICE-ADJ,N,"Hello Vireo,
I bought the GaN charger on 14/03. Coupon code not working.
I tried in caps.
Need this sorted this week.
Thanks in advance",partial rfnd of discount amount issued. issue: discount not applied. checked coupon validity.,helpdesk
TK-241038,2025-03-18 13:26,2025-03-18 13:30,2025-03-18 08:22,resolved,voice,C102969,VR891188,VA-AC-CH65,Billing & Payments,Normal,Billing,A3032,0,0.0,1274.0,PRICE-ADJ,N,"Hello Vireo,
I bought the GaN charger on 14/03. Coupon code not working.
I tried in caps.
Need this sorted this week.
Thanks in advance",partial rfnd of discount amount issued. issue: discount not applied. checked coupon validity.,legacy_fd
TK-241045,2025-03-18 17:26,2025-03-18 22:19,2025-03-18 22:44,resolved,email,C102600,VR892027,VA-SP-MINI,Delivery & Shipping,Normal,Logistics,A3030,0,,,,N,"To teh Vireo Customer Care Team,

I am writing w/ reference to my order of orbit mini (VR892027) placced on Mrach 04. Tracking has said out for delivery for a weke now. I have called the courier. I request u to provide a resolution within 3 working days.

Sincerely,
Reyansh Mehta",Customer statse delivery delayed. Raised ticket with courier partner. Re-shipped from warehouse.,helpdesk
TK-241045,2025-03-18 17:26,2025-03-18 22:19,2025-03-18 17:14,resolved,email,C102600,VR892027,VA-SP-MINI,Delivery & Shipping,Normal,Logistics,A3030,0,0.0,,,N,"To teh Vireo Customer Care Team,

I am writing w/ reference to my order of orbit mini (VR892027) placced on Mrach 04. Tracking has said out for delivery for a weke now. I have called the courier. I request u to provide a resolution within 3 working days.

Sincerely,
Reyansh Mehta",Customer statse delivery delayed. Raised ticket with courier partner. Re-shipped from warehouse.,legacy_fd
TK-241051,2025-03-19 00:09,2025-03-19 00:10,2025-03-19 00:21,resolved,chat,C102180,VR901874,VA-EB-PL1,Other,Low,Chat Frontline,A3016,0,,2124.0,CANCEL,N,"my son ordered this without asking, pls reverse",ord cancellation | cancelled before dispatch -> full rfnd processed (2124) [closed],helpdesk
TK-241051,2025-03-19 00:09,2025-03-19 00:10,2025-03-18 18:51,resolved,chat,C102180,VR901874,VA-EB-PL1,Other,Low,Chat Frontline,A3016,0,0.0,2124.0,CANCEL,N,"my son ordered this without asking, pls reverse",ord cancellation | cancelled before dispatch -> full rfnd processed (2124) [closed],legacy_fd
TK-241053,2025-03-19 06:00,2025-03-19 06:01,2025-03-19 06:22,resolved,chat,C109256,,VA-NB-ARC,Delivery & Shipping,Normal,Logistics,A3037,1,,,,N,"Following up on my earlier complaint - nothing has changed.
Product: Arc neckband
Order: VR904747
Purchased: 03-03-2025
Issue: order not delivered, tracking not updating
Tried: checked with neighbours
Expected: refund","1. Delivery delayed
2. Raised ticket with courier partner
3. Transferred to Returns Desk
4. Re-shipped from warehouse",helpdesk
TK-241053,2025-03-19 06:00,2025-03-19 06:01,2025-03-19 00:52,resolved,chat,C109256,,VA-NB-ARC,Delivery & Shipping,Normal,Logistics,A3037,1,0.0,,,N,"Following up on my earlier complaint - nothing has changed.
Product: Arc neckband
Order: VR904747
Purchased: 03-03-2025
Issue: order not delivered, tracking not updating
Tried: checked with neighbours
Expected: refund","1. Delivery delayed
2. Raised ticket with courier partner
3. Transferred to Returns Desk
4. Re-shipped from warehouse",legacy_fd
TK-241065,2025-03-19 21:40,2025-03-19 21:54,2025-03-19 22:27,resolved,chat,C109351,VR897362,VA-SW-FIT,Connectivity,Normal,Chat Frontline,A3010,1,1.0,,,N,"Hi team, my Nexa Fit band purchased last week, order VR897362.  Pairing is not working. Can someone fix this?",as discussed,helpdesk
TK-241065,2025-03-19 21:40,2025-03-19 21:54,2025-03-19 16:57,resolved,chat,C109351,VR897362,VA-SW-FIT,Connectivity,Normal,Chat Frontline,A3010,1,1.0,,,N,"Hi team, my Nexa Fit band purchased last week, order VR897362.  Pairing is not working. Can someone fix this?",as discussed,legacy_fd
TK-241081,2025-03-20 17:10,2025-03-21 02:37,2025-03-24 02:59,resolved,email,C107869,VR891901,VA-EB-PL1,Delivery & Shipping,Normal,Logistics,A3030,0,1.0,2499.0,DOA-REPL,N,"Dear Sir/Madam,

I am writing with reference to my order of the Pulse buds (VR891901) placed on 18/03. Received damaged product. I have refused nothing as I didn't notice till later. I request you to provide a resolution within 3 working days.

Regards,
Manish Arora","Custoemr states damaged in transit. Photos received, damage confirmed. Reveres pickup arranged.",helpdesk
TK-241081,2025-03-20 17:10,2025-03-21 02:37,2025-03-23 21:29,resolved,email,C107869,VR891901,VA-EB-PL1,Delivery & Shipping,Normal,Logistics,A3030,0,1.0,2499.0,DOA-REPL,N,"Dear Sir/Madam,

I am writing with reference to my order of the Pulse buds (VR891901) placed on 18/03. Received damaged product. I have refused nothing as I didn't notice till later. I request you to provide a resolution within 3 working days.

Regards,
Manish Arora","Custoemr states damaged in transit. Photos received, damage confirmed. Reveres pickup arranged.",legacy_fd
TK-241090,2025-03-21 11:17,2025-03-21 11:45,,pending,voice,C105617,VR881972,VA-HP-ST2,Charging & Battery,Normal,Voice Frontline,A3026,0,2.0,,,N,"hii
dies by lunchtime with light use",customer states rapid battery drain. chk usage pattern w/ cx. escalated to warranty. ~Vihaan,helpdesk
TK-241090,2025-03-21 11:17,2025-03-21 11:45,,pending,voice,C105617,VR881972,VA-HP-ST2,Charging & Battery,Normal,Voice Frontline,A3026,0,2.0,,,N,"hii
dies by lunchtime with light use",customer states rapid battery drain. chk usage pattern w/ cx. escalated to warranty. ~Vihaan,legacy_fd
TK-241093,2025-03-21 16:20,2025-03-21 17:42,2025-03-22 18:00,resolved,voice,C106506,VR896392,VA-SW-NX1,Delivery & Shipping,Normal,Logistics,A3029,0,2.0,,,N,"hello,
bought teh nexa smartwatch around 08-03-2025 from amazon.  the courier markked it delivered but nobody in my house got anything.
i checked the trcaking paage daily. nothing changed.
not what i expected from vireo.
please help.
awaiting response",cx states shipment not rcvd. conf address with cx. re-shipped from warehouse. will monitor.,helpdesk
TK-241093,2025-03-21 16:20,2025-03-21 17:42,2025-03-22 12:30,resolved,voice,C106506,VR896392,VA-SW-NX1,Delivery & Shipping,Normal,Logistics,A3029,0,2.0,,,N,"hello,
bought teh nexa smartwatch around 08-03-2025 from amazon.  the courier markked it delivered but nobody in my house got anything.
i checked the trcaking paage daily. nothing changed.
not what i expected from vireo.
please help.
awaiting response",cx states shipment not rcvd. conf address with cx. re-shipped from warehouse. will monitor.,legacy_fd
TK-241099,2025-03-21 18:56,2025-03-21 23:19,2025-03-22 23:35,resolved,email,C104910,VR896187,VA-SW-FIT,Delivery & Shipping,Low,Logistics,A3028,0,5.0,,,Y,"to the vireo customer care team,

i am writing with reference to my order of my nexa fit band (vr896187) placed on march 10.  screen has a crack before i even switched it on. i have took photos. i request you to provide a resolution within 3 working days.

regards,
sukhwinder saxena","reported: transit damage. chk with courier for damage claim. rplc raised, rma shared with cx. will monitor.",helpdesk
TK-241099,2025-03-21 18:56,2025-03-21 23:19,2025-03-22 18:05,resolved,email,C104910,VR896187,VA-SW-FIT,Delivery & Shipping,Low,Logistics,A3028,0,5.0,,,Y,"to the vireo customer care team,

i am writing with reference to my order of my nexa fit band (vr896187) placed on march 10.  screen has a crack before i even switched it on. i have took photos. i request you to provide a resolution within 3 working days.

regards,
sukhwinder saxena","reported: transit damage. chk with courier for damage claim. rplc raised, rma shared with cx. will monitor.",legacy_fd
TK-241102,2025-03-22 04:15,2025-03-22 05:16,2025-03-23 05:30,resolved,email,C105005,,VA-SP-ORB,Returns & Refunds,Low,Returns Desk,A3036,0,3.0,5399.0,RETURN-QC-OK,N,"Hi,
Bought the Orbit smart speaker around 23/01 from vireo.in. Refund was promised 18 days ago and nothing.
I emailed twice.
I want a replacement.",Full refund processed (5399). Issue: refund delay. Checked reverse pickup QC status.,helpdesk
TK-241102,2025-03-22 04:15,2025-03-22 05:16,2025-03-23 00:00,resolved,email,C105005,,VA-SP-ORB,Returns & Refunds,Low,Returns Desk,A3036,0,3.0,5399.0,RETURN-QC-OK,N,"Hi,
Bought the Orbit smart speaker around 23/01 from vireo.in. Refund was promised 18 days ago and nothing.
I emailed twice.
I want a replacement.",Full refund processed (5399). Issue: refund delay. Checked reverse pickup QC status.,legacy_fd
TK-241132,2025-03-23 16:55,2025-03-23 17:49,2025-03-29 19:42,resolved,social,C102309,VR896780,VA-EB-AIR,Connectivity,Normal,Chat Frontline,A3043,1,,,,N,"Dear Sir/Madam, Ordered the AirLite buds recently. Random disconnects during calls. I kept phone in hand. Please call me on my registered number. Regards Meera Desai","cx: connection dropping | adv to test in different location -> adv, cx will monitor | xfer escalations & wty",helpdesk
TK-241132,2025-03-23 16:55,2025-03-23 17:49,2025-03-29 14:12,resolved,social,C102309,VR896780,VA-EB-AIR,Connectivity,Normal,Chat Frontline,A3043,1,0.0,,,N,"Dear Sir/Madam, Ordered the AirLite buds recently. Random disconnects during calls. I kept phone in hand. Please call me on my registered number. Regards Meera Desai","cx: connection dropping | adv to test in different location -> adv, cx will monitor | xfer escalations & wty",legacy_fd
TK-241135,2025-03-23 19:00,2025-03-23 21:02,2025-03-25 21:24,resolved,email,C107091,VR889915,VA-SW-FIT,Returns & Refunds,Normal,Returns Desk,A3016,1,1.0,,,N,"SAME PROBLEM AGAIN.
PRODUCT: NEXA FIT
ORDER: VR889915
PURCHASED: 24 FEB
ISSUE: PICKUP SCHEDULED BUT NO ONE SHOWED UP
TRIED: CALLED COURIER
EXPECTED: RESOLUTION",cx states prior ticket for same issue. done [closed],helpdesk
TK-241135,2025-03-23 19:00,2025-03-23 21:02,2025-03-25 15:54,resolved,email,C107091,VR889915,VA-SW-FIT,Returns & Refunds,Normal,Returns Desk,A3016,1,1.0,,,N,"SAME PROBLEM AGAIN.
PRODUCT: NEXA FIT
ORDER: VR889915
PURCHASED: 24 FEB
ISSUE: PICKUP SCHEDULED BUT NO ONE SHOWED UP
TRIED: CALLED COURIER
EXPECTED: RESOLUTION",cx states prior ticket for same issue. done [closed],legacy_fd
TK-241155,2025-03-24 20:51,2025-03-24 22:19,2025-03-24 22:43,resolved,email,C103304,VR883394,VA-NB-ARC,Connectivity,Normal,Email Frontline,A3016,0,,,,N,"to the vireo customer care team,

i am writing with reference to my order of arc neckband (vr883394) placed on march 10. it connects for a second and then vanishes from the device list. i have restarted the phone. i request you to process a refund to my original payment method.

yours faithfully,
tanvi jadhav","re-pair successful, rslvd on chat [closed]",helpdesk
TK-241155,2025-03-24 20:51,2025-03-24 22:19,2025-03-24 17:13,resolved,email,C103304,VR883394,VA-NB-ARC,Connectivity,Normal,Email Frontline,A3016,0,0.0,,,N,"to the vireo customer care team,

i am writing with reference to my order of arc neckband (vr883394) placed on march 10. it connects for a second and then vanishes from the device list. i have restarted the phone. i request you to process a refund to my original payment method.

yours faithfully,
tanvi jadhav","re-pair successful, rslvd on chat [closed]",legacy_fd
TK-241161,2025-03-25 11:51,2025-03-25 16:50,2025-03-25 17:30,resolved,social,C101539,VR900289,VA-EB-AIR,App & Firmware,Normal,Chat Frontline,A3007,0,2.0,,,N,"To the Vireo Customer Care Team,

I am writing with reference to my order of airlite earubds (VR900289) placed on 28 Feb. I hve to charge it twice a day now, it used to last days. I havve updated the app. I request you to kindly arrange a replacement.

Regards,
Steven Malhotra
Noida","FW update pushed, advised to monitor. Issue: battery draining fast. Checked FW 3.0.10. (SOP 4.2)",helpdesk
TK-241161,2025-03-25 11:51,2025-03-25 16:50,2025-03-25 12:00,resolved,social,C101539,VR900289,VA-EB-AIR,App & Firmware,Normal,Chat Frontline,A3007,0,2.0,,,N,"To the Vireo Customer Care Team,

I am writing with reference to my order of airlite earubds (VR900289) placed on 28 Feb. I hve to charge it twice a day now, it used to last days. I havve updated the app. I request you to kindly arrange a replacement.

Regards,
Steven Malhotra
Noida","FW update pushed, advised to monitor. Issue: battery draining fast. Checked FW 3.0.10. (SOP 4.2)",legacy_fd
TK-241172,2025-03-26 12:03,2025-03-26 13:53,2025-03-26 14:10,resolved,email,C104555,VR895428,VA-HP-ST2,Other,Normal,Email Frontline,A3018,0,,,,N,"hi there, i bought strata 2 on 26/03. update my shipping address. i tried editing in app. i want my moey back. rgds, nisha iyer",Reported: address change request. chk dispatch status. Address updated. (SOP 3.1) ~Sukhwinder,helpdesk
TK-241172,2025-03-26 12:03,2025-03-26 13:53,2025-03-26 08:40,resolved,email,C104555,VR895428,VA-HP-ST2,Other,Normal,Email Frontline,A3018,0,0.0,,,N,"hi there, i bought strata 2 on 26/03. update my shipping address. i tried editing in app. i want my moey back. rgds, nisha iyer",Reported: address change request. chk dispatch status. Address updated. (SOP 3.1) ~Sukhwinder,legacy_fd
TK-241175,2025-03-26 18:31,2025-03-26 18:46,2025-03-26 18:54,resolved,voice,C101562,VR893534,VA-SW-NX2,Billing & Payments,Normal,Billing,A3033,0,,,,N,[IVR transcript] hi sir please share invoice with gst number kuch karo nexa 2 VR893534,closed ~Diya,helpdesk
TK-241175,2025-03-26 18:31,2025-03-26 18:46,2025-03-26 13:24,resolved,voice,C101562,VR893534,VA-SW-NX2,Billing & Payments,Normal,Billing,A3033,0,0.0,,,N,[IVR transcript] hi sir please share invoice with gst number kuch karo nexa 2 VR893534,closed ~Diya,legacy_fd
TK-241176,2025-03-26 19:47,2025-03-27 00:51,2025-03-27 01:00,resolved,email,C108754,VR903659,VA-SP-MINI,Product Enquiry,Normal,Email Frontline,A3002,0,5.0,,,N,"Hi,
This is regarding orbit mini. My dad has an old Nokia, will the watch app run.
How do I get this fixed?
Thanks in advance Faisal Patil",query answered. issue: pre-sales query. shared compatibility info.,helpdesk
TK-241176,2025-03-26 19:47,2025-03-27 00:51,2025-03-26 19:30,resolved,email,C108754,VR903659,VA-SP-MINI,Product Enquiry,Normal,Email Frontline,A3002,0,5.0,,,N,"Hi,
This is regarding orbit mini. My dad has an old Nokia, will the watch app run.
How do I get this fixed?
Thanks in advance Faisal Patil",query answered. issue: pre-sales query. shared compatibility info.,legacy_fd
TK-241179,2025-03-26 22:43,2025-03-27 00:47,2025-03-27 00:52,resolved,email,C100057,VR904793,VA-HP-ST3,Product Enquiry,Normal,Email Frontline,A3003,0,,,,N,"i am losing patience. i bought my strata 3 headphones on march 10. is my strata 3 haedphones compatible with my tv. i want a replacement or refund, nohing else.",Reported: compatibility query. Shared spec sheet. Query answered. Cx informed. //ROH,helpdesk
TK-241179,2025-03-26 22:43,2025-03-27 00:47,2025-03-26 19:22,resolved,email,C100057,VR904793,VA-HP-ST3,Product Enquiry,Normal,Email Frontline,A3003,0,0.0,,,N,"i am losing patience. i bought my strata 3 headphones on march 10. is my strata 3 haedphones compatible with my tv. i want a replacement or refund, nohing else.",Reported: compatibility query. Shared spec sheet. Query answered. Cx informed. //ROH,legacy_fd
TK-241199,2025-03-27 20:57,2025-03-27 21:06,2025-03-27 21:22,resolved,chat,C106223,VR893286,VA-SP-MINI,Other,Normal,Chat Frontline,A3015,0,,,,N,"Hi there,
orbit mini purchased 2 weeks ago, order VR893286.  Need to change delivery address.
I tried editing in app.
Waiting for your reply.","1. wrong pincode
2. checked dispatch status
3. address updated",helpdesk
TK-241199,2025-03-27 20:57,2025-03-27 21:06,2025-03-27 15:52,resolved,chat,C106223,VR893286,VA-SP-MINI,Other,Normal,Chat Frontline,A3015,0,0.0,,,N,"Hi there,
orbit mini purchased 2 weeks ago, order VR893286.  Need to change delivery address.
I tried editing in app.
Waiting for your reply.","1. wrong pincode
2. checked dispatch status
3. address updated",legacy_fd
TK-241201,2025-03-28 01:34,2025-03-28 03:48,,open,email,C101464,VR908065,VA-SP-MINI,Billing & Payments,Normal,Billing,A3035,0,3.0,,,N,"bhai
this was supposedly sorted by ur team last time.
promo code shows invalid
abhi tak kuch nahi hua","1. Discount not applied
2. Checked coupon validity
3. Store credit issued",helpdesk
TK-241201,2025-03-28 01:34,2025-03-28 03:48,,open,email,C101464,VR908065,VA-SP-MINI,Billing & Payments,Normal,Billing,A3035,0,3.0,,,N,"bhai
this was supposedly sorted by ur team last time.
promo code shows invalid
abhi tak kuch nahi hua","1. Discount not applied
2. Checked coupon validity
3. Store credit issued",legacy_fd
TK-241211,2025-03-28 13:28,2025-03-28 15:17,2025-04-02 15:32,closed,email,C107462,VR895237,VA-SP-MINI,Delivery & Shipping,Normal,Logistics,A3031,1,3.0,,,N,I haven't received my order - VR895237,"1. Shipment not rcvd
2. Raised ticket w/ crr partner
3. rfnd initiated as lost in transit",helpdesk
TK-241211,2025-03-28 13:28,2025-03-28 15:17,2025-04-02 10:02,closed,email,C107462,VR895237,VA-SP-MINI,Delivery & Shipping,Normal,Logistics,A3031,1,3.0,,,N,I haven't received my order - VR895237,"1. Shipment not rcvd
2. Raised ticket w/ crr partner
3. rfnd initiated as lost in transit",legacy_fd
TK-241223,2025-03-29 01:57,2025-03-29 02:04,2025-04-06 06:12,closed,chat,C107435,VR893579,VA-EB-PL2,Warranty & Repair,Normal,Escalations & Warranty,A3041,0,,,,N,"hello
warranty claim pending for 7 days
pulse 2","1. Repair status follow-up
2. Checked RMA status
3. Replacement approved and dispatched",helpdesk
TK-241223,2025-03-29 01:57,2025-03-29 02:04,2025-04-06 00:42,closed,chat,C107435,VR893579,VA-EB-PL2,Warranty & Repair,Normal,Escalations & Warranty,A3041,0,0.0,,,N,"hello
warranty claim pending for 7 days
pulse 2","1. Repair status follow-up
2. Checked RMA status
3. Replacement approved and dispatched",legacy_fd
TK-241227,2025-03-29 10:00,2025-03-29 10:01,2025-03-31 10:12,resolved,chat,C103933,VR908398,VA-EB-PL1,Returns & Refunds,Normal,Returns Desk,A3036,0,2.0,1000.0,RETURN-QC-OK,N,"dear sir/madam,

i am writing with reference to my order of the pulse buds (vr908398) placed on 07/03. i have been sitting at home for 3 days waiting for your courier. i have rescheduled pickup twice. i request you to look into this matter at the earliest.

regards,
diya jadhav
surat",Ticket raised for reverse pickup pending. Re-raised pickup with courier. Refund of Rs 1000 initiated to source. Follow-up not required.,helpdesk
TK-241227,2025-03-29 10:00,2025-03-29 10:01,2025-03-31 04:42,resolved,chat,C103933,VR908398,VA-EB-PL1,Returns & Refunds,Normal,Returns Desk,A3036,0,2.0,1000.0,RETURN-QC-OK,N,"dear sir/madam,

i am writing with reference to my order of the pulse buds (vr908398) placed on 07/03. i have been sitting at home for 3 days waiting for your courier. i have rescheduled pickup twice. i request you to look into this matter at the earliest.

regards,
diya jadhav
surat",Ticket raised for reverse pickup pending. Re-raised pickup with courier. Refund of Rs 1000 initiated to source. Follow-up not required.,legacy_fd
TK-241232,2025-03-29 12:44,2025-03-29 12:52,2025-03-30 14:27,resolved,chat,C108778,,VA-SW-FIT,Warranty & Repair,Normal,Escalations & Warranty,A3042,0,,,,N,"Hello, Got the fit band from vireo.in 2 weeks ago.  The little metal pin fell out and now it won't stay on my wrist. Kindly look into it. Thanks & regards Aishwarya Dhillon",cx reported strap broken. chk wty eligibility. adv paid strap purchase. closing.,helpdesk
TK-241232,2025-03-29 12:44,2025-03-29 12:52,2025-03-30 08:57,resolved,chat,C108778,,VA-SW-FIT,Warranty & Repair,Normal,Escalations & Warranty,A3042,0,0.0,,,N,"Hello, Got the fit band from vireo.in 2 weeks ago.  The little metal pin fell out and now it won't stay on my wrist. Kindly look into it. Thanks & regards Aishwarya Dhillon",cx reported strap broken. chk wty eligibility. adv paid strap purchase. closing.,legacy_fd
TK-241242,2025-03-29 21:22,2025-03-29 21:25,2025-03-29 21:37,resolved,chat,C106852,VR900735,VA-HP-ST3,Billing & Payments,Normal,Billing,A3033,0,,,,N,"Product: teh strata 3
Order: VR900735
Purchased: March 29
Issue: my company accounts team is asking for the tax bill
Tried: chekced orders pagge
Expected: fix",sorted ~Diya,helpdesk
TK-241242,2025-03-29 21:22,2025-03-29 21:25,2025-03-29 16:07,resolved,chat,C106852,VR900735,VA-HP-ST3,Billing & Payments,Normal,Billing,A3033,0,0.0,,,N,"Product: teh strata 3
Order: VR900735
Purchased: March 29
Issue: my company accounts team is asking for the tax bill
Tried: chekced orders pagge
Expected: fix",sorted ~Diya,legacy_fd
TK-241262,2025-03-30 20:52,2025-03-30 20:55,2025-03-31 21:11,resolved,chat,C107337,,VA-EB-PL1,Returns & Refunds,Normal,Returns Desk,A3037,0,,2499.0,RETURN-QC-OK,N,"Product: Pulse earbuds
Order: VR886408
Purchased: 19/03
Issue: the return was accepted but the amount is nowhere in my account
Tried: emailed twice
Expected: replacement",see prev,helpdesk
TK-241262,2025-03-30 20:52,2025-03-30 20:55,2025-03-31 15:41,resolved,chat,C107337,,VA-EB-PL1,Returns & Refunds,Normal,Returns Desk,A3037,0,0.0,2499.0,RETURN-QC-OK,N,"Product: Pulse earbuds
Order: VR886408
Purchased: 19/03
Issue: the return was accepted but the amount is nowhere in my account
Tried: emailed twice
Expected: replacement",see prev,legacy_fd
TK-241263,2025-03-30 20:54,2025-03-30 23:04,2025-03-30 23:25,resolved,email,C100737,VR904898,VA-SW-FIT,Other,Normal,Email Frontline,A3016,0,3.0,,,Y,"product: the fit band
order: vr904898
purchased: 24-02-2025
issue: my phone jut doesn't see it in the list anymore
tried: tried on another phone
expected: replacement",- [closed],helpdesk
TK-241263,2025-03-30 20:54,2025-03-30 23:04,2025-03-30 17:55,resolved,email,C100737,VR904898,VA-SW-FIT,Other,Normal,Email Frontline,A3016,0,3.0,,,Y,"product: the fit band
order: vr904898
purchased: 24-02-2025
issue: my phone jut doesn't see it in the list anymore
tried: tried on another phone
expected: replacement",- [closed],legacy_fd
TK-241274,2025-03-31 17:41,2025-03-31 17:48,2025-04-02 20:21,resolved,chat,C100007,,VA-EB-PL1,Warranty & Repair,Normal,Escalations & Warranty,A3040,0,2.0,,,N,"Hello Vireo, I bought pulse 1 on 24-01-2025. Plugging in does nothing on the case, cable works on my phone. I tried wireless charging pad. Pathetic experience honestly. Please help. Awaiting response, Kavya","cx: charging case dead | asked cx to try different cabe + adaptor -> advised port cleaning, resolved",helpdesk
TK-241274,2025-03-31 17:41,2025-03-31 17:48,2025-04-02 14:51,resolved,chat,C100007,,VA-EB-PL1,Warranty & Repair,Normal,Escalations & Warranty,A3040,0,2.0,,,N,"Hello Vireo, I bought pulse 1 on 24-01-2025. Plugging in does nothing on the case, cable works on my phone. I tried wireless charging pad. Pathetic experience honestly. Please help. Awaiting response, Kavya","cx: charging case dead | asked cx to try different cabe + adaptor -> advised port cleaning, resolved",legacy_fd
TK-241277,2025-04-01 12:01,2025-04-01 22:35,2025-04-01 22:47,resolved,email,C108895,VR898286,VA-SP-ORB,Connectivity,Normal,Email Frontline,A3016,0,,,,N,can't get past the loading screen in the app - kindly look into it,- [closed],helpdesk
TK-241277,2025-04-01 12:01,2025-04-01 22:35,2025-04-01 17:17,resolved,email,C108895,VR898286,VA-SP-ORB,Connectivity,Normal,Email Frontline,A3016,0,0.0,,,N,can't get past the loading screen in the app - kindly look into it,- [closed],legacy_fd
TK-241286,2025-04-01 18:09,2025-04-01 19:44,2025-04-01 20:05,resolved,email,C106695,VR908448,VA-EB-AIR,Audio Quality,Normal,Email Frontline,A3019,0,4.0,,,Y,"BUZZING SOUND FROM THE SPEAKER, VR908448, NEED THIS SORTED THIS WEEK","cx: audio distortion | checked fw -> replacement approved, reverse pickup arranged (sop 3.1) ~Kavya",helpdesk
TK-241286,2025-04-01 18:09,2025-04-01 19:44,2025-04-01 14:35,resolved,email,C106695,VR908448,VA-EB-AIR,Audio Quality,Normal,Email Frontline,A3019,0,4.0,,,Y,"BUZZING SOUND FROM THE SPEAKER, VR908448, NEED THIS SORTED THIS WEEK","cx: audio distortion | checked fw -> replacement approved, reverse pickup arranged (sop 3.1) ~Kavya",legacy_fd
TK-241288,2025-04-01 18:23,2025-04-01 21:38,2025-04-01 22:12,resolved,email,C106408,VR887559,VA-HP-ST2,Billing & Payments,High,Billing,A3033,0,,3999.0,DUP-PAYMENT,N,"hello
paid via upi, amount deducted, no order confirmation
my strata 2 headphones vr887559","1. Failed order after payment
2. Confirmed with payment gateway
3. Full refund processed (3999) ~Diya",helpdesk
TK-241288,2025-04-01 18:23,2025-04-01 21:38,2025-04-01 16:42,resolved,email,C106408,VR887559,VA-HP-ST2,Billing & Payments,High,Billing,A3033,0,0.0,3999.0,DUP-PAYMENT,N,"hello
paid via upi, amount deducted, no order confirmation
my strata 2 headphones vr887559","1. Failed order after payment
2. Confirmed with payment gateway
3. Full refund processed (3999) ~Diya",legacy_fd
TK-241297,2025-04-02 09:24,2025-04-02 10:20,,open,email,C103473,VR884648,VA-EB-AIR,Audio Quality,Normal,Email Frontline,A3022,0,,,,N,"hello,
i bought the airlite buds on march 30.  callers keep asking me to repeat myself since recently.
i want my money back","cust contacted re mic issue. checked mic permissions on phone. permissions fixed, resolved. cx informed.",helpdesk
TK-241297,2025-04-02 09:24,2025-04-02 10:20,,open,email,C103473,VR884648,VA-EB-AIR,Audio Quality,Normal,Email Frontline,A3022,0,0.0,,,N,"hello,
i bought the airlite buds on march 30.  callers keep asking me to repeat myself since recently.
i want my money back","cust contacted re mic issue. checked mic permissions on phone. permissions fixed, resolved. cx informed.",legacy_fd
TK-241301,2025-04-02 11:14,2025-04-02 12:29,2025-04-02 12:48,closed,email,C107231,,VA-HP-ST3,App & Firmware,Normal,Email Frontline,A3022,0,,,,N,"ordered strata 3 2 weeks ago.  app not opening after update. i reinstalled the app. nothing changed. please help. regards, komal","reported: app crash on device page. checked app version. cleared cache, resolved. case closed with cx consent. -YM",helpdesk
TK-241301,2025-04-02 11:14,2025-04-02 12:29,2025-04-02 07:18,closed,email,C107231,,VA-HP-ST3,App & Firmware,Normal,Email Frontline,A3022,0,0.0,,,N,"ordered strata 3 2 weeks ago.  app not opening after update. i reinstalled the app. nothing changed. please help. regards, komal","reported: app crash on device page. checked app version. cleared cache, resolved. case closed with cx consent. -YM",legacy_fd
TK-241322,2025-04-03 11:03,2025-04-03 11:28,2025-04-03 11:41,resolved,voice,C106368,VR908769,VA-EB-PL1,Audio Quality,Normal,Voice Frontline,A3026,0,4.0,,,N,[IVR transcript] hi works for music but useless for meetings pulse 1 VR908769 uregnt,contact re mic issue. tested on call with cx. replacement raised. ~Vihaan,helpdesk
TK-241322,2025-04-03 11:03,2025-04-03 11:28,2025-04-03 06:11,resolved,voice,C106368,VR908769,VA-EB-PL1,Audio Quality,Normal,Voice Frontline,A3026,0,4.0,,,N,[IVR transcript] hi works for music but useless for meetings pulse 1 VR908769 uregnt,contact re mic issue. tested on call with cx. replacement raised. ~Vihaan,legacy_fd
TK-241324,2025-04-03 13:03,2025-04-03 13:04,2025-04-05 18:03,resolved,chat,C106685,VR882465,VA-EB-AIR,Warranty & Repair,Normal,Escalations & Warranty,A3042,0,,,,Y,"service centre took it, now silence. vr882465",cx: wty claim status | chk qc report -> rplc unit dispatched,helpdesk
TK-241324,2025-04-03 13:03,2025-04-03 13:04,2025-04-05 12:33,resolved,chat,C106685,VR882465,VA-EB-AIR,Warranty & Repair,Normal,Escalations & Warranty,A3042,0,0.0,,,Y,"service centre took it, now silence. vr882465",cx: wty claim status | chk qc report -> rplc unit dispatched,legacy_fd
TK-241327,2025-04-03 17:21,2025-04-03 18:14,2025-04-03 18:22,resolved,social,C106991,VR903897,VA-SP-MINI,Product Enquiry,Normal,Chat Frontline,A3005,0,,,,N,"Hi, the miin speaker purchased recently, order VR903897. Is the mini speaker compatible with my TV. I want a replacement. Thanks & regards Ananya Mathew",pre-sales query | shared compatibility info -> cx satisfied,helpdesk
TK-241327,2025-04-03 17:21,2025-04-03 18:14,2025-04-03 12:52,resolved,social,C106991,VR903897,VA-SP-MINI,Product Enquiry,Normal,Chat Frontline,A3005,0,0.0,,,N,"Hi, the miin speaker purchased recently, order VR903897. Is the mini speaker compatible with my TV. I want a replacement. Thanks & regards Ananya Mathew",pre-sales query | shared compatibility info -> cx satisfied,legacy_fd
TK-241330,2025-04-04 08:24,2025-04-04 08:32,2025-04-04 08:44,resolved,voice,C102302,VR882872,VA-SP-ORB,Product Enquiry,Low,Voice Frontline,A3025,0,,,,N,"my dad has an old nokia, will the watch app run.  please help",reported: compatibility query. shared compatibility info. cx satisfied. will monitor. //RIY,helpdesk
TK-241330,2025-04-04 08:24,2025-04-04 08:32,2025-04-04 03:14,resolved,voice,C102302,VR882872,VA-SP-ORB,Product Enquiry,Low,Voice Frontline,A3025,0,0.0,,,N,"my dad has an old nokia, will the watch app run.  please help",reported: compatibility query. shared compatibility info. cx satisfied. will monitor. //RIY,legacy_fd
TK-241341,2025-04-04 15:27,2025-04-04 15:28,2025-04-06 15:48,resolved,chat,C107294,VR884924,VA-EB-PL1,Returns & Refunds,Normal,Returns Desk,A3037,0,3.0,,,N,"Hello Vireo,
This is regarding the Pulse buds. I have been sitting at home for 3 dys waiting for your courier.
Please call me on my registered number.
Thanks","1. Pickup missed
2. Re-raised pickup with crr
3. Pickup done, refund initiated",helpdesk
TK-241341,2025-04-04 15:27,2025-04-04 15:28,2025-04-06 10:18,resolved,chat,C107294,VR884924,VA-EB-PL1,Returns & Refunds,Normal,Returns Desk,A3037,0,3.0,,,N,"Hello Vireo,
This is regarding the Pulse buds. I have been sitting at home for 3 dys waiting for your courier.
Please call me on my registered number.
Thanks","1. Pickup missed
2. Re-raised pickup with crr
3. Pickup done, refund initiated",legacy_fd
TK-241364,2025-04-05 20:18,2025-04-05 20:24,2025-04-05 20:39,resolved,chat,C103189,VR910022,VA-EB-PL1,Product Enquiry,Normal,Chat Frontline,A3014,0,4.0,2499.0,PRICE-ADJ,N,"hey
promo code shows invalid",cx reported discount not applied. chk coupon validity. full refund processed (2499). -MI,helpdesk
TK-241364,2025-04-05 20:18,2025-04-05 20:24,2025-04-05 15:09,resolved,chat,C103189,VR910022,VA-EB-PL1,Product Enquiry,Normal,Chat Frontline,A3014,0,4.0,2499.0,PRICE-ADJ,N,"hey
promo code shows invalid",cx reported discount not applied. chk coupon validity. full refund processed (2499). -MI,legacy_fd
TK-241367,2025-04-06 11:19,2025-04-06 11:32,2025-04-06 11:57,resolved,chat,C105905,VR899305,VA-EB-PL1,Charging & Battery,Normal,Chat Frontline,A3011,0,2.0,,,N,"again teh same thing., battery drains very fast, barely lats 2 hours","advised settings change, cx satisfied",helpdesk
TK-241367,2025-04-06 11:19,2025-04-06 11:32,2025-04-06 06:27,resolved,chat,C105905,VR899305,VA-EB-PL1,Charging & Battery,Normal,Chat Frontline,A3011,0,2.0,,,N,"again teh same thing., battery drains very fast, barely lats 2 hours","advised settings change, cx satisfied",legacy_fd
TK-241369,2025-04-06 13:55,2025-04-06 18:54,2025-04-06 19:13,closed,email,C102093,VR901935,VA-EB-AIR,Delivery & Shipping,Normal,Logistics,A3029,0,,,,N,"HII
PACKAGE NOT DELIVERED EVVEN AFTER 20 DAYS
KINLDY DO THE NEEDFUL",shipment not rcvd | checked awb w/ crr -> rfnd initiated as lost in transit [closed],helpdesk
TK-241369,2025-04-06 13:55,2025-04-06 18:54,2025-04-06 13:43,closed,email,C102093,VR901935,VA-EB-AIR,Delivery & Shipping,Normal,Logistics,A3029,0,0.0,,,N,"HII
PACKAGE NOT DELIVERED EVVEN AFTER 20 DAYS
KINLDY DO THE NEEDFUL",shipment not rcvd | checked awb w/ crr -> rfnd initiated as lost in transit [closed],legacy_fd
TK-241370,2025-04-06 15:41,2025-04-06 15:48,2025-04-06 16:02,resolved,chat,C106831,,VA-HP-ST3,Other,Normal,Chat Frontline,A3013,0,4.0,,,N,"bhai
ordered the wrong colour, don't ship it
itna paisa diya hai
my strata 3 headphones
hello??","cx says cancellation request. cancelled before dispatch. already shipped, adv rto/return.",helpdesk
TK-241370,2025-04-06 15:41,2025-04-06 15:48,2025-04-06 10:32,resolved,chat,C106831,,VA-HP-ST3,Other,Normal,Chat Frontline,A3013,0,4.0,,,N,"bhai
ordered the wrong colour, don't ship it
itna paisa diya hai
my strata 3 headphones
hello??","cx says cancellation request. cancelled before dispatch. already shipped, adv rto/return.",legacy_fd
TK-241375,2025-04-07 10:43,2025-04-07 10:59,,open,chat,C105059,,VA-EB-PL1,Returns & Refunds,Low,Returns Desk,A3038,0,2.0,2374.0,RETURN-QC-OK,N,"hi team,
ordered the pulse buds in march. where is the money for the return.
i emailed twice.
i want a replacement.
regards, ananya jadhav",Customer reached out - refund pending. Checked refund status on PG. Full refund processed (2374).,helpdesk
TK-241375,2025-04-07 10:43,2025-04-07 10:59,,open,chat,C105059,,VA-EB-PL1,Returns & Refunds,Low,Returns Desk,A3038,0,2.0,2374.0,RETURN-QC-OK,N,"hi team,
ordered the pulse buds in march. where is the money for the return.
i emailed twice.
i want a replacement.
regards, ananya jadhav",Customer reached out - refund pending. Checked refund status on PG. Full refund processed (2374).,legacy_fd
TK-241385,2025-04-07 18:31,2025-04-07 19:13,2025-04-07 19:50,resolved,email,C102309,VR896780,VA-EB-AIR,Audio Quality,Normal,Email Frontline,A3019,0,5.0,,,N,"To the Vireo Customer Care Team,

I am writing with reference to my order of AirLite (VR896780) placed on February 26. There is a frying sound in the background of every song. I have changed EQ. I request you to provide a resolution within 3 working days.

Regards,
Meera Desai","issue: audio distortion | asked for a recording -> fw update, cx to monitor (sop 5.4) ~Kavya",helpdesk
TK-241385,2025-04-07 18:31,2025-04-07 19:13,2025-04-07 14:20,resolved,email,C102309,VR896780,VA-EB-AIR,Audio Quality,Normal,Email Frontline,A3019,0,5.0,,,N,"To the Vireo Customer Care Team,

I am writing with reference to my order of AirLite (VR896780) placed on February 26. There is a frying sound in the background of every song. I have changed EQ. I request you to provide a resolution within 3 working days.

Regards,
Meera Desai","issue: audio distortion | asked for a recording -> fw update, cx to monitor (sop 5.4) ~Kavya",legacy_fd
TK-241393,2025-04-08 10:25,2025-04-08 12:53,2025-04-11 13:54,resolved,social,C100999,VR891086,VA-SW-NX1,Warranty & Repair,Low,Escalations & Warranty,A3043,0,3.0,,,Y,"DEAR TEAM, NEXA WATCH PURCHASED A MONTH AGO, ORDER VR891086. Watch strap broke within a month. Please advise. Regards, Shreya","cx: strap broken | checked wty eligibility -> rplc approved, reverse pkp arranged",helpdesk
TK-241393,2025-04-08 10:25,2025-04-08 12:53,2025-04-11 08:24,resolved,social,C100999,VR891086,VA-SW-NX1,Warranty & Repair,Low,Escalations & Warranty,A3043,0,3.0,,,Y,"DEAR TEAM, NEXA WATCH PURCHASED A MONTH AGO, ORDER VR891086. Watch strap broke within a month. Please advise. Regards, Shreya","cx: strap broken | checked wty eligibility -> rplc approved, reverse pkp arranged",legacy_fd
TK-241394,2025-04-08 10:31,2025-04-08 11:32,2025-04-08 11:42,resolved,voice,C100625,VR887548,VA-EB-PL1,Delivery & Shipping,Normal,Logistics,A3028,0,1.0,,,N,[IVR transcript] hi i have been sitting at home for 3 days waiting for ur courier pulse earbuds vr887548,repeat contact - previous fix did not hold. cx says reverse pickup pending. checked pickup awb. pickup rescheduled for 13 apr. cx informed.,helpdesk
TK-241394,2025-04-08 10:31,2025-04-08 11:32,2025-04-08 06:12,resolved,voice,C100625,VR887548,VA-EB-PL1,Delivery & Shipping,Normal,Logistics,A3028,0,1.0,,,N,[IVR transcript] hi i have been sitting at home for 3 days waiting for ur courier pulse earbuds vr887548,repeat contact - previous fix did not hold. cx says reverse pickup pending. checked pickup awb. pickup rescheduled for 13 apr. cx informed.,legacy_fd
TK-241396,2025-04-08 11:56,2025-04-08 11:59,2025-04-09 13:58,resolved,chat,C101541,VR883726,VA-EB-AIR,Warranty & Repair,Normal,Escalations & Warranty,A3041,0,,1799.0,DOA-REPL,N,"box was crushed & the the airlite buds is cracked, vr883726, waiting for ur reply","1. Damaged in transit
2. Checked with courier for damage claim
3. Refunded Rs 1799",helpdesk
TK-241396,2025-04-08 11:56,2025-04-08 11:59,2025-04-09 08:28,resolved,chat,C101541,VR883726,VA-EB-AIR,Warranty & Repair,Normal,Escalations & Warranty,A3041,0,0.0,1799.0,DOA-REPL,N,"box was crushed & the the airlite buds is cracked, vr883726, waiting for ur reply","1. Damaged in transit
2. Checked with courier for damage claim
3. Refunded Rs 1799",legacy_fd
TK-241399,2025-04-08 13:47,2025-04-08 15:03,2025-04-08 15:12,resolved,email,C100950,,VA-HP-ST3,Other,Normal,Email Frontline,A3015,1,3.0,5949.0,CANCEL,N,"my son ordered this without asking, please reverse - waiting for your reply","1. cancel order
2. chk shipment status
3. transferred to chat frontline
4. already shipped, advised rto/return",helpdesk
TK-241399,2025-04-08 13:47,2025-04-08 15:03,2025-04-08 09:42,resolved,email,C100950,,VA-HP-ST3,Other,Normal,Email Frontline,A3015,1,3.0,5949.0,CANCEL,N,"my son ordered this without asking, please reverse - waiting for your reply","1. cancel order
2. chk shipment status
3. transferred to chat frontline
4. already shipped, advised rto/return",legacy_fd
TK-241407,2025-04-09 13:59,2025-04-09 14:00,,open,chat,C106609,,VA-HP-ST3,Delivery & Shipping,Normal,Logistics,A3031,0,,,,N,"packae not delivered even after 11 days
how do i get this fixed?","1. Shipment not rcvd
2. chk AWB w/ crr
3. crr conf dlvry for 14 Apr, cx informed",helpdesk
TK-241407,2025-04-09 13:59,2025-04-09 14:00,,open,chat,C106609,,VA-HP-ST3,Delivery & Shipping,Normal,Logistics,A3031,0,0.0,,,N,"packae not delivered even after 11 days
how do i get this fixed?","1. Shipment not rcvd
2. chk AWB w/ crr
3. crr conf dlvry for 14 Apr, cx informed",legacy_fd
TK-241415,2025-04-10 09:03,2025-04-10 09:07,2025-04-10 09:21,resolved,chat,C108735,,VA-SW-NX2,Delivery & Shipping,Low,Logistics,A3028,0,4.0,,,N,"pls cancel, ordered by mistake",sorted,helpdesk
TK-241415,2025-04-10 09:03,2025-04-10 09:07,2025-04-10 03:51,resolved,chat,C108735,,VA-SW-NX2,Delivery & Shipping,Low,Logistics,A3028,0,4.0,,,N,"pls cancel, ordered by mistake",sorted,legacy_fd
TK-241418,2025-04-10 11:55,2025-04-10 12:07,2025-04-10 12:22,resolved,chat,C108194,VR887646,VA-SW-FIT,Connectivity,Normal,Chat Frontline,A3004,0,,,,N,"To the Vireo Customer Care Team,

I am writing with reference to my order of the fit band (VR887646) placed on 24-10-2024. The pairing light blinks but nothing ever shows up on my Moto. I have forgot the device and tried again. I request you to kindly arrange a replacement.

Regards,
Isha Mehta","reported: unable to pair with phone. asked cx to reset the device. re-pair successful, rslvd on chat. [closed]",helpdesk
TK-241418,2025-04-10 11:55,2025-04-10 12:07,2025-04-10 06:52,resolved,chat,C108194,VR887646,VA-SW-FIT,Connectivity,Normal,Chat Frontline,A3004,0,0.0,,,N,"To the Vireo Customer Care Team,

I am writing with reference to my order of the fit band (VR887646) placed on 24-10-2024. The pairing light blinks but nothing ever shows up on my Moto. I have forgot the device and tried again. I request you to kindly arrange a replacement.

Regards,
Isha Mehta","reported: unable to pair with phone. asked cx to reset the device. re-pair successful, rslvd on chat. [closed]",legacy_fd
TK-241419,2025-04-10 12:30,2025-04-10 12:34,2025-04-18 13:00,resolved,chat,C108359,VR895370,VA-SW-FIT,Other,Low,Chat Frontline,A3031,1,4.0,,,N,"THE LITTLE METAL PIN FELL OUT AND NOW IT WON'T STAY ON MY WRIST
VR895370","1. Strap damage
2. Checked wty eligibility
3. xfer to Logistics
4. adv pad strap purchase",helpdesk
TK-241419,2025-04-10 12:30,2025-04-10 12:34,2025-04-18 07:30,resolved,chat,C108359,VR895370,VA-SW-FIT,Other,Low,Chat Frontline,A3031,1,4.0,,,N,"THE LITTLE METAL PIN FELL OUT AND NOW IT WON'T STAY ON MY WRIST
VR895370","1. Strap damage
2. Checked wty eligibility
3. xfer to Logistics
4. adv pad strap purchase",legacy_fd
TK-241429,2025-04-10 18:24,2025-04-10 23:06,2025-04-13 23:19,resolved,email,C108042,,VA-EB-PL1,Other,Normal,Email Frontline,A3001,0,,,,N,"To the Vireo Customer Care Team,

I am writing with reference to my order of pulse 1 placed on 30-03-2025. I haven't received my order. I have checked the tracking pge daily. I request you to provide a resolution withhin 3 working days.

Yours faithfully,
Faiasl Arora",cx: delivery delayed | raised ticket with courier partner -> re-shipped from warehouse -SK,helpdesk
TK-241429,2025-04-10 18:24,2025-04-10 23:06,2025-04-13 17:49,resolved,email,C108042,,VA-EB-PL1,Other,Normal,Email Frontline,A3001,0,0.0,,,N,"To the Vireo Customer Care Team,

I am writing with reference to my order of pulse 1 placed on 30-03-2025. I haven't received my order. I have checked the tracking pge daily. I request you to provide a resolution withhin 3 working days.

Yours faithfully,
Faiasl Arora",cx: delivery delayed | raised ticket with courier partner -> re-shipped from warehouse -SK,legacy_fd
TK-241432,2025-04-10 19:32,2025-04-10 21:10,2025-04-10 21:26,resolved,email,C101702,VR882269,VA-EB-PL1,Connectivity,Normal,Email Frontline,A3021,0,5.0,,,N,"Dear Sir/Madam,

I am writing with reference to my order of Pulse earbuds placed on 01-02-2025. Bluetooth piaring fails every time. I have restarted the phone. I request you to provide a resolution within 3 working days.

Sincerely,
Geeta Mishra
Bhubaneswar","cx says pairing failure. asked cx to reset the device. re-pair successful, resolved on chat.",helpdesk
TK-241432,2025-04-10 19:32,2025-04-10 21:10,2025-04-10 15:56,resolved,email,C101702,VR882269,VA-EB-PL1,Connectivity,Normal,Email Frontline,A3021,0,5.0,,,N,"Dear Sir/Madam,

I am writing with reference to my order of Pulse earbuds placed on 01-02-2025. Bluetooth piaring fails every time. I have restarted the phone. I request you to provide a resolution within 3 working days.

Sincerely,
Geeta Mishra
Bhubaneswar","cx says pairing failure. asked cx to reset the device. re-pair successful, resolved on chat.",legacy_fd
TK-241440,2025-04-11 09:44,2025-04-11 15:34,2025-04-11 16:01,resolved,email,C108042,,VA-EB-PL1,Charging & Battery,Normal,Email Frontline,A3019,0,,,,N,"Dear Sir/Madam,

I am writing with reference to my order of the Pulse buds placed on 30 Mar. Goes from full to empty during one commute. I have fully charged and discharged twice. I request you to provide a resolution within 3 working days.

Yours faithfully,
Faisal Arora","re: rapid battery drain | checked fw 2.7.3 -> fw update pushed, advised to monitor (sop 4.2) ~Kavya",helpdesk
TK-241440,2025-04-11 09:44,2025-04-11 15:34,2025-04-11 10:31,resolved,email,C108042,,VA-EB-PL1,Charging & Battery,Normal,Email Frontline,A3019,0,0.0,,,N,"Dear Sir/Madam,

I am writing with reference to my order of the Pulse buds placed on 30 Mar. Goes from full to empty during one commute. I have fully charged and discharged twice. I request you to provide a resolution within 3 working days.

Yours faithfully,
Faisal Arora","re: rapid battery drain | checked fw 2.7.3 -> fw update pushed, advised to monitor (sop 4.2) ~Kavya",legacy_fd
TK-241444,2025-04-11 16:49,2025-04-11 22:06,,pending,email,C102502,VR899264,VA-EB-PL1,Charging & Battery,Normal,Email Frontline,A3037,1,,,,N,"HELLO VIREO,
BOUGHT PULSE 1 AROUND JANUARY 28 FROM FLIPKART. Battery life has dropped to almost nothing.
I want a replacement.
Thank you, Ankit","1. Poor battery backup
2. Checked FW 1.1.5
3. xfer to Returns Desk
4. esc to wty",helpdesk
TK-241444,2025-04-11 16:49,2025-04-11 22:06,,pending,email,C102502,VR899264,VA-EB-PL1,Charging & Battery,Normal,Email Frontline,A3037,1,0.0,,,N,"HELLO VIREO,
BOUGHT PULSE 1 AROUND JANUARY 28 FROM FLIPKART. Battery life has dropped to almost nothing.
I want a replacement.
Thank you, Ankit","1. Poor battery backup
2. Checked FW 1.1.5
3. xfer to Returns Desk
4. esc to wty",legacy_fd
TK-241455,2025-04-12 14:26,2025-04-12 16:33,2025-04-13 16:47,closed,email,C109223,VR896526,VA-SW-NX2,Delivery & Shipping,Normal,Logistics,A3029,0,3.0,,,N,"i am losing patience. my nexa 2 watch purchased a month ago, order vr896526. order status stuck on shipped since 05 apr. i already checked with neighbours. esaclate this to someone senior.",cx reported shipment not rcvd. raised ticket with courier partner. re-shipped from warehouse. will monitor. [closed],helpdesk
TK-241455,2025-04-12 14:26,2025-04-12 16:33,2025-04-13 11:17,closed,email,C109223,VR896526,VA-SW-NX2,Delivery & Shipping,Normal,Logistics,A3029,0,3.0,,,N,"i am losing patience. my nexa 2 watch purchased a month ago, order vr896526. order status stuck on shipped since 05 apr. i already checked with neighbours. esaclate this to someone senior.",cx reported shipment not rcvd. raised ticket with courier partner. re-shipped from warehouse. will monitor. [closed],legacy_fd
TK-241460,2025-04-12 21:49,2025-04-12 22:49,,pending,chat,C108778,,VA-EB-PL1,Billing & Payments,High,Billing,A3034,0,2.0,2499.0,RETURN-QC-OK,N,"Hello, I bought my Pulse on April 08. Still waiting for my refund. Need this sorted this week. Thanks & regards Aishwarya Dhillon","1. Refund not credited
2. Checked reverse pickup QC status
3. ARN shared with cx -MM",helpdesk
TK-241460,2025-04-12 21:49,2025-04-12 22:49,,pending,chat,C108778,,VA-EB-PL1,Billing & Payments,High,Billing,A3034,0,2.0,2499.0,RETURN-QC-OK,N,"Hello, I bought my Pulse on April 08. Still waiting for my refund. Need this sorted this week. Thanks & regards Aishwarya Dhillon","1. Refund not credited
2. Checked reverse pickup QC status
3. ARN shared with cx -MM",legacy_fd
TK-241468,2025-04-13 12:37,2025-04-13 12:54,2025-04-13 13:00,resolved,chat,C100785,VR888276,VA-EB-AIR,Product Enquiry,High,Chat Frontline,A3012,0,,,,N,"Dear Sir/Madam, airlite earbuds purchased a month ago, order VR888276. Is airlite earbuds compatible with my TV. Please help. Rgds",Contact re compatibility query. Shared compatibility info. Cx satisfied. (SOP 4.2),helpdesk
TK-241468,2025-04-13 12:37,2025-04-13 12:54,2025-04-13 07:30,resolved,chat,C100785,VR888276,VA-EB-AIR,Product Enquiry,High,Chat Frontline,A3012,0,0.0,,,N,"Dear Sir/Madam, airlite earbuds purchased a month ago, order VR888276. Is airlite earbuds compatible with my TV. Please help. Rgds",Contact re compatibility query. Shared compatibility info. Cx satisfied. (SOP 4.2),legacy_fd
TK-241469,2025-04-13 12:51,2025-04-13 12:59,2025-04-13 13:30,resolved,chat,C105619,VR880745,VA-EB-PL1,Charging & Battery,Normal,Chat Frontline,A3011,0,,,,N,"Hello, My earlier ticket got closed without a fix. Ordered Pulse earbuds last month. Battery drains very fast, barely lasts 2 hours. I turned off always-on display. Nothing changed. Pathetic experience honestly. Please help.",done,helpdesk
TK-241469,2025-04-13 12:51,2025-04-13 12:59,2025-04-13 08:00,resolved,chat,C105619,VR880745,VA-EB-PL1,Charging & Battery,Normal,Chat Frontline,A3011,0,0.0,,,N,"Hello, My earlier ticket got closed without a fix. Ordered Pulse earbuds last month. Battery drains very fast, barely lasts 2 hours. I turned off always-on display. Nothing changed. Pathetic experience honestly. Please help.",done,legacy_fd
TK-241479,2025-04-14 02:05,2025-04-14 02:21,2025-04-17 02:56,resolved,social,C103457,,VA-SW-NX2,Delivery & Shipping,High,Logistics,A3034,1,,,,Y,Following up on my earlier complaint - nothing has changed.  screen has a crack before I even switched it on,"1. Transit damage
2. Checked with courier for damage claim
3. Transferred to Billing
4. Refund initiated (SOP 3.1)",helpdesk
TK-241479,2025-04-14 02:05,2025-04-14 02:21,2025-04-16 21:26,resolved,social,C103457,,VA-SW-NX2,Delivery & Shipping,High,Logistics,A3034,1,0.0,,,Y,Following up on my earlier complaint - nothing has changed.  screen has a crack before I even switched it on,"1. Transit damage
2. Checked with courier for damage claim
3. Transferred to Billing
4. Refund initiated (SOP 3.1)",legacy_fd
TK-241480,2025-04-14 02:35,2025-04-14 02:40,2025-04-14 03:03,resolved,chat,C104427,VR882799,VA-SP-MINI,Billing & Payments,High,Billing,A3035,1,,,,N,Following up on my eralier complaint - nothing has changed. discount was not applied at checkout. VR882799,"prev ticket closed, issue recurred. re: promo code invalid | checked cart eligibility -> store credit issued",helpdesk
TK-241480,2025-04-14 02:35,2025-04-14 02:40,2025-04-13 21:33,resolved,chat,C104427,VR882799,VA-SP-MINI,Billing & Payments,High,Billing,A3035,1,0.0,,,N,Following up on my eralier complaint - nothing has changed. discount was not applied at checkout. VR882799,"prev ticket closed, issue recurred. re: promo code invalid | checked cart eligibility -> store credit issued",legacy_fd
TK-241493,2025-04-14 22:18,2025-04-14 22:27,2025-04-14 23:00,resolved,chat,C104061,,VA-AC-CH65,Returns & Refunds,Normal,Returns Desk,A3036,0,,,,N,"Very poor quality. Bought your charger around 12-04-2025 from Amazon. received teh wrng item. I already rechecked my order. I want a replacemnt or refund, noothing else.",Reverse pickup + correct item shipped. Issue: incorrect product shipped. Verified order vs delivered item photos.,helpdesk
TK-241493,2025-04-14 22:18,2025-04-14 22:27,2025-04-14 17:30,resolved,chat,C104061,,VA-AC-CH65,Returns & Refunds,Normal,Returns Desk,A3036,0,0.0,,,N,"Very poor quality. Bought your charger around 12-04-2025 from Amazon. received teh wrng item. I already rechecked my order. I want a replacemnt or refund, noothing else.",Reverse pickup + correct item shipped. Issue: incorrect product shipped. Verified order vs delivered item photos.,legacy_fd
TK-241494,2025-04-15 03:27,2025-04-15 10:57,2025-04-17 11:23,resolved,email,C102115,VR902405,VA-HP-ST2,Billing & Payments,High,Billing,A3034,0,3.0,1000.0,RETURN-QC-OK,N,I hvae been a loyal customer and thsi is how you treat me. Your agent said it was fixed. It is not. Bought my Strata 2 headphones aound 24/03 from vireo.in. refund was promised 18 das ago and nothing. I already checked bank. Refund. Now,"1. Refund delay
2. Checked reverse pickup QC status
3. Full refund processed (1000) -MM",helpdesk
TK-241494,2025-04-15 03:27,2025-04-15 10:57,2025-04-17 05:53,resolved,email,C102115,VR902405,VA-HP-ST2,Billing & Payments,High,Billing,A3034,0,3.0,1000.0,RETURN-QC-OK,N,I hvae been a loyal customer and thsi is how you treat me. Your agent said it was fixed. It is not. Bought my Strata 2 headphones aound 24/03 from vireo.in. refund was promised 18 das ago and nothing. I already checked bank. Refund. Now,"1. Refund delay
2. Checked reverse pickup QC status
3. Full refund processed (1000) -MM",legacy_fd
TK-241502,2025-04-15 15:58,2025-04-15 20:42,2025-04-16 21:05,resolved,email,C108359,VR895370,VA-SW-FIT,Delivery & Shipping,Low,Logistics,A3031,0,5.0,,,N,"ORDER NOT DELIVERED, TRACKING NOT UPDATING, HOW DO I GET THIS FIXED?","1. dlvy delayed
2. Riased ticekt w/ crr partner
3. RTO conf, rshipped",helpdesk
TK-241502,2025-04-15 15:58,2025-04-15 20:42,2025-04-16 15:35,resolved,email,C108359,VR895370,VA-SW-FIT,Delivery & Shipping,Low,Logistics,A3031,0,5.0,,,N,"ORDER NOT DELIVERED, TRACKING NOT UPDATING, HOW DO I GET THIS FIXED?","1. dlvy delayed
2. Riased ticekt w/ crr partner
3. RTO conf, rshipped",legacy_fd
TK-241513,2025-04-16 10:40,2025-04-16 10:42,2025-04-16 11:22,closed,chat,C106198,VR907995,VA-EB-PL1,Charging & Battery,Normal,Chat Frontline,A3012,0,,,,N,"Dear Sir/Madam,

I am writing with reference to my order of pulse 1 (VR907995) placed on 15 Mar. Battery drains very fast, barely lasts 2 hours. I have fully charged and discharged twice. I request you to provide a resolution within 3 working days.

Sincerely,
Simran Pawar",Contact re rapid battery drain. chk FW 3.6.0. rplc raised after test.,helpdesk
TK-241513,2025-04-16 10:40,2025-04-16 10:42,2025-04-16 05:52,closed,chat,C106198,VR907995,VA-EB-PL1,Charging & Battery,Normal,Chat Frontline,A3012,0,0.0,,,N,"Dear Sir/Madam,

I am writing with reference to my order of pulse 1 (VR907995) placed on 15 Mar. Battery drains very fast, barely lasts 2 hours. I have fully charged and discharged twice. I request you to provide a resolution within 3 working days.

Sincerely,
Simran Pawar",Contact re rapid battery drain. chk FW 3.6.0. rplc raised after test.,legacy_fd
TK-241519,2025-04-16 23:03,2025-04-17 03:17,2025-04-17 03:34,resolved,email,C108947,VR890301,VA-SW-NX2,Billing & Payments,High,Billing,A3035,0,5.0,617.0,DUP-PAYMENT,N,"hey, i bought nexa 2 on april 03. i was charged twiice for one order. waiting for your reply. please revert,","issue: duplicate payment | checked pg for duplicate txn -> refund approved, rs 617, 5-7 working days",helpdesk
TK-241519,2025-04-16 23:03,2025-04-17 03:17,2025-04-16 22:04,resolved,email,C108947,VR890301,VA-SW-NX2,Billing & Payments,High,Billing,A3035,0,5.0,617.0,DUP-PAYMENT,N,"hey, i bought nexa 2 on april 03. i was charged twiice for one order. waiting for your reply. please revert,","issue: duplicate payment | checked pg for duplicate txn -> refund approved, rs 617, 5-7 working days",legacy_fd
TK-241524,2025-04-17 09:45,2025-04-17 10:45,2025-04-19 10:56,resolved,voice,C101829,VR886758,VA-HP-ST2,Returns & Refunds,Normal,Returns Desk,A3038,0,,4999.0,RETURN-QC-OK,N,[IVR transcript] Not what I expected from Vireo. I bought my Strata 2 headphones on 30-03-2025. nobody came for the pickup. I already rescheduled pickup twice. Refund. Now.,re: pickup missed | re-raised pickup with courier -> refunded rs 4999,helpdesk
TK-241524,2025-04-17 09:45,2025-04-17 10:45,2025-04-19 05:26,resolved,voice,C101829,VR886758,VA-HP-ST2,Returns & Refunds,Normal,Returns Desk,A3038,0,0.0,4999.0,RETURN-QC-OK,N,[IVR transcript] Not what I expected from Vireo. I bought my Strata 2 headphones on 30-03-2025. nobody came for the pickup. I already rescheduled pickup twice. Refund. Now.,re: pickup missed | re-raised pickup with courier -> refunded rs 4999,legacy_fd
TK-241533,2025-04-17 15:28,2025-04-17 15:29,2025-04-18 15:58,resolved,chat,C105943,VR903643,VA-HP-ST2,Delivery & Shipping,Normal,Logistics,A3027,0,,,,N,"Witing again because the issue is back.
Product: Strata 2
Order: VR903643
Purchased: 06 Mar
Issue: the courier marked it delivered but nobody in my house got anything
Tried: checked with neighbourrs
Expected: resolution",cx stats ord not delivered. conf address w/ cx. Re-shipped from warehouse.,helpdesk
TK-241533,2025-04-17 15:28,2025-04-17 15:29,2025-04-18 10:28,resolved,chat,C105943,VR903643,VA-HP-ST2,Delivery & Shipping,Normal,Logistics,A3027,0,0.0,,,N,"Witing again because the issue is back.
Product: Strata 2
Order: VR903643
Purchased: 06 Mar
Issue: the courier marked it delivered but nobody in my house got anything
Tried: checked with neighbourrs
Expected: resolution",cx stats ord not delivered. conf address w/ cx. Re-shipped from warehouse.,legacy_fd
TK-241541,2025-04-18 10:34,2025-04-18 10:39,2025-04-18 10:58,resolved,chat,C105296,,VA-EB-PL1,App & Firmware,Normal,Chat Frontline,A3004,0,,,,N,"PRODUCT: MY PULSE
ORDER: VR907224
PURCHASED: 07-01-2025
ISSUE: APP CRASHES WHEN I OPEN DEVICE SETTINGS
TRIED: REINSTALLED THE APP
EXPECTED: REFUND","cx says app crash on device page. checked app version. cleared cache, rslvd. [closed]",helpdesk
TK-241541,2025-04-18 10:34,2025-04-18 10:39,2025-04-18 05:28,resolved,chat,C105296,,VA-EB-PL1,App & Firmware,Normal,Chat Frontline,A3004,0,0.0,,,N,"PRODUCT: MY PULSE
ORDER: VR907224
PURCHASED: 07-01-2025
ISSUE: APP CRASHES WHEN I OPEN DEVICE SETTINGS
TRIED: REINSTALLED THE APP
EXPECTED: REFUND","cx says app crash on device page. checked app version. cleared cache, rslvd. [closed]",legacy_fd
TK-241553,2025-04-18 15:31,2025-04-18 18:42,2025-04-30 20:28,resolved,email,C107671,,VA-EB-PL1,Warranty & Repair,Normal,Escalations & Warranty,A3040,0,,,,Y,"HEY, THIS IS REGARDING THE PULSE BUDS.  The charging case is not charging. Can someone fix this? Thanks in advance",new unit shipped under doa. issue: case not charging. asked cx to try different cable + adaptor.,helpdesk
TK-241553,2025-04-18 15:31,2025-04-18 18:42,2025-04-30 14:58,resolved,email,C107671,,VA-EB-PL1,Warranty & Repair,Normal,Escalations & Warranty,A3040,0,0.0,,,Y,"HEY, THIS IS REGARDING THE PULSE BUDS.  The charging case is not charging. Can someone fix this? Thanks in advance",new unit shipped under doa. issue: case not charging. asked cx to try different cable + adaptor.,legacy_fd
TK-241558,2025-04-18 17:35,2025-04-18 22:30,2025-04-21 22:58,resolved,email,C103268,VR905433,VA-AC-CBL,Returns & Refunds,High,Returns Desk,A3036,0,3.0,359.0,RETURN-QC-OK,N,Bought the cable aruond April 01 from vireo.in.  Refund was promised 17 days ago and nothing. Please help. Thanks in advance Vihaan Saxena,"Customer reached out - refund pending. Checked refund status on PG. Refund approved, Rs 359, 5-7 working days. Cx informed.",helpdesk
TK-241558,2025-04-18 17:35,2025-04-18 22:30,2025-04-21 17:28,resolved,email,C103268,VR905433,VA-AC-CBL,Returns & Refunds,High,Returns Desk,A3036,0,3.0,359.0,RETURN-QC-OK,N,Bought the cable aruond April 01 from vireo.in.  Refund was promised 17 days ago and nothing. Please help. Thanks in advance Vihaan Saxena,"Customer reached out - refund pending. Checked refund status on PG. Refund approved, Rs 359, 5-7 working days. Cx informed.",legacy_fd
TK-241567,2025-04-19 09:31,2025-04-19 14:59,2025-04-24 15:11,closed,email,C102800,VR902658,VA-NB-ARC,Delivery & Shipping,Normal,Logistics,A3031,0,5.0,208.0,LOST-TRANSIT,N,"Dear Sir/Madam,

I am writing with reference to my order of my Arc (VR902658) placed on April 16. I haven't received my order. I have checked the tracking page daily. I request you to provide a resolution within 3 working days.

Yours faithfully,
Aditya Mukherjee","1. Shipment not rcvvd
2. conf address w/ cx
3. Refunded Rs 208",helpdesk
TK-241567,2025-04-19 09:31,2025-04-19 14:59,2025-04-24 09:41,closed,email,C102800,VR902658,VA-NB-ARC,Delivery & Shipping,Normal,Logistics,A3031,0,5.0,208.0,LOST-TRANSIT,N,"Dear Sir/Madam,

I am writing with reference to my order of my Arc (VR902658) placed on April 16. I haven't received my order. I have checked the tracking page daily. I request you to provide a resolution within 3 working days.

Yours faithfully,
Aditya Mukherjee","1. Shipment not rcvvd
2. conf address w/ cx
3. Refunded Rs 208",legacy_fd
TK-241573,2025-04-19 12:23,2025-04-19 12:47,2025-04-19 13:15,resolved,voice,C106286,VR890344,VA-SP-MINI,Returns & Refunds,Normal,Returns Desk,A3019,1,,1999.0,RETURN-QC-OK,N,you picked up the item 17 days ago and my money hasn't come back. VR890344. HOW DO I GET THIS FIXED?,issue: refund pending | checked refund status on pg -> refunded rs 1999 | xfer email frontline ~Kavya,helpdesk
TK-241573,2025-04-19 12:23,2025-04-19 12:47,2025-04-19 07:45,resolved,voice,C106286,VR890344,VA-SP-MINI,Returns & Refunds,Normal,Returns Desk,A3019,1,0.0,1999.0,RETURN-QC-OK,N,you picked up the item 17 days ago and my money hasn't come back. VR890344. HOW DO I GET THIS FIXED?,issue: refund pending | checked refund status on pg -> refunded rs 1999 | xfer email frontline ~Kavya,legacy_fd
TK-241576,2025-04-19 18:29,2025-04-19 18:34,2025-04-19 18:46,resolved,chat,C104361,,VA-HP-ST3,Other,Normal,Chat Frontline,A3014,0,,,,N,"Hello Vireo, Bought Strata 3 around 10/02 from vireo.in.  It goes sileent for a second every few minutes and comes back. I turned off wifi. Nothing changed. Please advise. Thanks Vikram Chatterjee",cust contacted re intermittent disconnects. checked interference sources. replacement raised. -MI,helpdesk
TK-241576,2025-04-19 18:29,2025-04-19 18:34,2025-04-19 13:16,resolved,chat,C104361,,VA-HP-ST3,Other,Normal,Chat Frontline,A3014,0,0.0,,,N,"Hello Vireo, Bought Strata 3 around 10/02 from vireo.in.  It goes sileent for a second every few minutes and comes back. I turned off wifi. Nothing changed. Please advise. Thanks Vikram Chatterjee",cust contacted re intermittent disconnects. checked interference sources. replacement raised. -MI,legacy_fd
TK-241600,2025-04-20 20:35,2025-04-20 22:37,2025-04-20 23:02,resolved,email,C107765,VR888808,VA-SP-ORB,Delivery & Shipping,Normal,Logistics,A3028,0,4.0,,,N,I HAVEN'T RECEIVED MY ORDER - I WANT MY MONEY BACK,"1. shipment not received
2. confirmed address with cx
3. rto confirmed, reshipped",helpdesk
TK-241600,2025-04-20 20:35,2025-04-20 22:37,2025-04-20 17:32,resolved,email,C107765,VR888808,VA-SP-ORB,Delivery & Shipping,Normal,Logistics,A3028,0,4.0,,,N,I HAVEN'T RECEIVED MY ORDER - I WANT MY MONEY BACK,"1. shipment not received
2. confirmed address with cx
3. rto confirmed, reshipped",legacy_fd
TK-241606,2025-04-21 05:11,2025-04-21 05:13,2025-04-26 06:33,resolved,chat,C108104,,VA-SW-FIT,Warranty & Repair,Normal,Escalations & Warranty,A3041,0,1.0,,,N,"Hello, Same issue, third ticket. Got the fit band from Amazon in December. Screen is unresponsive. I updated firmware. Nothing changed. Waiting for ur reply.","1. Touch issue
2. Walked through hard reset
3. Hard reset resolved",helpdesk
TK-241606,2025-04-21 05:11,2025-04-21 05:13,2025-04-26 01:03,resolved,chat,C108104,,VA-SW-FIT,Warranty & Repair,Normal,Escalations & Warranty,A3041,0,1.0,,,N,"Hello, Same issue, third ticket. Got the fit band from Amazon in December. Screen is unresponsive. I updated firmware. Nothing changed. Waiting for ur reply.","1. Touch issue
2. Walked through hard reset
3. Hard reset resolved",legacy_fd
TK-241616,2025-04-21 22:33,2025-04-22 02:42,2025-04-22 03:05,resolved,social,C107596,,VA-HP-ST2,Delivery & Shipping,Normal,Logistics,A3036,1,,,,N,"Hey,
Bought Strata 2 around 08-04-2025 from vireo.in. I haven't received my order.
I checked the tracking page daily.
Please advise.
Awaiting response","Customer reached out - order not delivered. Checked AWB with courier. Transferred to Returns Desk. RTO confirmed, reshipped. Follow-up not required.",helpdesk
TK-241616,2025-04-21 22:33,2025-04-22 02:42,2025-04-21 21:35,resolved,social,C107596,,VA-HP-ST2,Delivery & Shipping,Normal,Logistics,A3036,1,0.0,,,N,"Hey,
Bought Strata 2 around 08-04-2025 from vireo.in. I haven't received my order.
I checked the tracking page daily.
Please advise.
Awaiting response","Customer reached out - order not delivered. Checked AWB with courier. Transferred to Returns Desk. RTO confirmed, reshipped. Follow-up not required.",legacy_fd
TK-241619,2025-04-22 00:41,2025-04-22 03:24,2025-04-22 04:06,resolved,email,C104546,VR884134,VA-EB-PL1,App & Firmware,Normal,Email Frontline,A3017,0,,,,N,Very poor quality. Ordered the Pulse buds recently. it's showing a spinning circle for hours. I already kept phone nearby. Escalate this to someone senior.,Conttact re FW update stuck. Asked cx to keep in case 30 min. Recovery successful. ~Kabir,helpdesk
TK-241619,2025-04-22 00:41,2025-04-22 03:24,2025-04-21 22:36,resolved,email,C104546,VR884134,VA-EB-PL1,App & Firmware,Normal,Email Frontline,A3017,0,0.0,,,N,Very poor quality. Ordered the Pulse buds recently. it's showing a spinning circle for hours. I already kept phone nearby. Escalate this to someone senior.,Conttact re FW update stuck. Asked cx to keep in case 30 min. Recovery successful. ~Kabir,legacy_fd
TK-241629,2025-04-22 12:46,2025-04-22 14:06,2025-04-22 14:26,resolved,email,C104865,VR900561,VA-HP-ST3,Billing & Payments,High,Billing,A3033,0,,,,N,"Hello, Got Strata 3 from vireo.in a month ago. Invoice not downloading. I checked orders page. Honestly regretting this purchase. I want a replacement. Thank you, Amit Ansari",as discussed ~Diya,helpdesk
TK-241629,2025-04-22 12:46,2025-04-22 14:06,2025-04-22 08:56,resolved,email,C104865,VR900561,VA-HP-ST3,Billing & Payments,High,Billing,A3033,0,0.0,,,N,"Hello, Got Strata 3 from vireo.in a month ago. Invoice not downloading. I checked orders page. Honestly regretting this purchase. I want a replacement. Thank you, Amit Ansari",as discussed ~Diya,legacy_fd
TK-241633,2025-04-22 13:45,2025-04-22 14:42,,pending,social,C102694,VR886311,VA-EB-PL1,Connectivity,Low,Chat Frontline,A3022,1,3.0,,,N,"hey
not pairing with my phone",resolved on call -YM,helpdesk
TK-241633,2025-04-22 13:45,2025-04-22 14:42,,pending,social,C102694,VR886311,VA-EB-PL1,Connectivity,Low,Chat Frontline,A3022,1,3.0,,,N,"hey
not pairing with my phone",resolved on call -YM,legacy_fd
TK-241654,2025-04-23 12:36,2025-04-23 15:44,2025-04-23 16:05,resolved,social,C104303,VR892639,VA-SP-MINI,Connectivity,Normal,Chat Frontline,A3010,0,4.0,,,N,bluetooth keeps cutting out - VR892639 - i want my money back,"1. BT dropouts
2. Checked FW 2.5.2
3. Replacement raised",helpdesk
TK-241654,2025-04-23 12:36,2025-04-23 15:44,2025-04-23 10:35,resolved,social,C104303,VR892639,VA-SP-MINI,Connectivity,Normal,Chat Frontline,A3010,0,4.0,,,N,bluetooth keeps cutting out - VR892639 - i want my money back,"1. BT dropouts
2. Checked FW 2.5.2
3. Replacement raised",legacy_fd
TK-241667,2025-04-23 20:06,2025-04-24 06:05,2025-04-24 06:40,resolved,email,C106153,VR886982,VA-HP-ST3,Charging & Battery,Normal,Email Frontline,A3020,0,,,,N,"Very poor quality.  I bught Strata 3 on 30-03-2025. battery drains very fast, barely lasts 2 hours. I alredy updated the app. Refund. Now.",cx says battery draining fast. chk usage pattern with cx. escalated to warranty.,helpdesk
TK-241667,2025-04-23 20:06,2025-04-24 06:05,2025-04-24 01:10,resolved,email,C106153,VR886982,VA-HP-ST3,Charging & Battery,Normal,Email Frontline,A3020,0,0.0,,,N,"Very poor quality.  I bught Strata 3 on 30-03-2025. battery drains very fast, barely lasts 2 hours. I alredy updated the app. Refund. Now.",cx says battery draining fast. chk usage pattern with cx. escalated to warranty.,legacy_fd
TK-241673,2025-04-24 06:24,2025-04-24 09:00,2025-04-24 09:31,resolved,email,C100711,,VA-HP-ST2,App & Firmware,Normal,Email Frontline,A3022,0,,,,N,"helo
app not opening after update
??","customer reached out - app not opening. known issue on ios 18 - bug logged. cleared cache, resolved. case closed with cx consent. -YM",helpdesk
TK-241673,2025-04-24 06:24,2025-04-24 09:00,2025-04-24 04:01,resolved,email,C100711,,VA-HP-ST2,App & Firmware,Normal,Email Frontline,A3022,0,0.0,,,N,"helo
app not opening after update
??","customer reached out - app not opening. known issue on ios 18 - bug logged. cleared cache, resolved. case closed with cx consent. -YM",legacy_fd
TK-241674,2025-04-24 10:04,2025-04-24 11:15,2025-04-29 11:30,resolved,email,C103606,VR896390,VA-HP-ST3,Delivery & Shipping,Normal,Logistics,A3030,0,,,,N,"I am losing patience. Strata 3 purchased around Diwali, order VR896390. package not delivered even after 8 days. I already checked the tracking page daily. Refund. Now.","Cx reported order not delivered. Checked AWB with courier. Courier confirmed delivery for 27 Apr, cx informed.",helpdesk
TK-241674,2025-04-24 10:04,2025-04-24 11:15,2025-04-29 06:00,resolved,email,C103606,VR896390,VA-HP-ST3,Delivery & Shipping,Normal,Logistics,A3030,0,0.0,,,N,"I am losing patience. Strata 3 purchased around Diwali, order VR896390. package not delivered even after 8 days. I already checked the tracking page daily. Refund. Now.","Cx reported order not delivered. Checked AWB with courier. Courier confirmed delivery for 27 Apr, cx informed.",legacy_fd
TK-241678,2025-04-24 14:04,2025-04-24 14:09,2025-04-24 14:32,resolved,chat,C103606,VR896390,VA-HP-ST3,Delivery & Shipping,Normal,Logistics,A3031,0,5.0,,,Y,I have been a loyal customer and this is how you treat me. Bought Strata 3 around 13-04-2025 from Amazon. the box says Strata 3 but what's inside is not what I paid for. I already rechecked my order. Escalate this to someone senior.,"1. Wrong variant rcvd
2. Verified ord vs delivered item photos
3. Replacement approved, reverse pkp arranged",helpdesk
TK-241678,2025-04-24 14:04,2025-04-24 14:09,2025-04-24 09:02,resolved,chat,C103606,VR896390,VA-HP-ST3,Delivery & Shipping,Normal,Logistics,A3031,0,5.0,,,Y,I have been a loyal customer and this is how you treat me. Bought Strata 3 around 13-04-2025 from Amazon. the box says Strata 3 but what's inside is not what I paid for. I already rechecked my order. Escalate this to someone senior.,"1. Wrong variant rcvd
2. Verified ord vs delivered item photos
3. Replacement approved, reverse pkp arranged",legacy_fd
TK-241679,2025-04-24 16:17,2025-04-25 00:20,2025-04-25 00:43,resolved,email,C108066,VR900649,VA-EB-AIR,Charging & Battery,Normal,Email Frontline,A3017,0,3.0,,,N,"To the Vireo Customer Care Team,

I am writing with reference to my order of airlite earbuds (VR900649) placed on 06 Feb. Battery drains very fast, barely lasts 2 hours. I have updated the app. I request you to provide a resolution within 3 working days.

Regards,
Harsh Singh",esc to warranty ~Kabir,helpdesk
TK-241679,2025-04-24 16:17,2025-04-25 00:20,2025-04-24 19:13,resolved,email,C108066,VR900649,VA-EB-AIR,Charging & Battery,Normal,Email Frontline,A3017,0,3.0,,,N,"To the Vireo Customer Care Team,

I am writing with reference to my order of airlite earbuds (VR900649) placed on 06 Feb. Battery drains very fast, barely lasts 2 hours. I have updated the app. I request you to provide a resolution within 3 working days.

Regards,
Harsh Singh",esc to warranty ~Kabir,legacy_fd
TK-241681,2025-04-24 18:58,2025-04-24 19:02,2025-04-26 23:07,closed,chat,C104361,,VA-HP-ST3,Warranty & Repair,Normal,Escalations & Warranty,A3044,0,,,,Y,"Hello Vireo, Got the strata 3 from vireo.in 3 weeks back.  No update on my repair. I called service centre. Nothing changed. Can someonne fix this? Thanks, Vikram Chatterjee",Contact re RMA status query. Followed up w/ service centre. New unit shipped under DOA.,helpdesk
TK-241681,2025-04-24 18:58,2025-04-24 19:02,2025-04-26 17:37,closed,chat,C104361,,VA-HP-ST3,Warranty & Repair,Normal,Escalations & Warranty,A3044,0,0.0,,,Y,"Hello Vireo, Got the strata 3 from vireo.in 3 weeks back.  No update on my repair. I called service centre. Nothing changed. Can someonne fix this? Thanks, Vikram Chatterjee",Contact re RMA status query. Followed up w/ service centre. New unit shipped under DOA.,legacy_fd
TK-241682,2025-04-24 19:32,2025-04-24 22:57,2025-04-24 23:19,resolved,email,C106168,VR884778,VA-SP-MINI,Connectivity,Normal,Email Frontline,A3002,2,2.0,,,N,"To the Vireo Customer Care Team,

I am writing with reference to my order of the mii speaker (VR884778) placed on February 18.  Seaker not connecting to my router. I have tried hotspot. I requesst you to provide a resolution within 3 working days.

Regards,
Divya Reddy",reported: network setup issue. asked cx to try 2.4ghz only. transferred to chat frontline. advised router settings.,helpdesk
TK-241682,2025-04-24 19:32,2025-04-24 22:57,2025-04-24 17:49,resolved,email,C106168,VR884778,VA-SP-MINI,Connectivity,Normal,Email Frontline,A3002,2,2.0,,,N,"To the Vireo Customer Care Team,

I am writing with reference to my order of the mii speaker (VR884778) placed on February 18.  Seaker not connecting to my router. I have tried hotspot. I requesst you to provide a resolution within 3 working days.

Regards,
Divya Reddy",reported: network setup issue. asked cx to try 2.4ghz only. transferred to chat frontline. advised router settings.,legacy_fd
TK-241686,2025-04-24 23:09,2025-04-25 00:07,2025-04-25 00:29,resolved,email,C107179,VR890004,VA-SP-MINI,Billing & Payments,High,Billing,A3032,0,3.0,,,N,"Dear Sir/Madam,

I am writing with reference to my order of orbit mini (VR890004) placed on 23/04. The invoice PDF link gives a 404. I have checked orders page. I REQUEST YOU TO PROCESS A REFUND TO MY ORIGINAL PAYMENT METHOD.

SINCERELY,
ROHT RAO
CHENNAI","1. invoice query
2. updated gstin on ord
3. invoice emailed",helpdesk
TK-241686,2025-04-24 23:09,2025-04-25 00:07,2025-04-24 18:59,resolved,email,C107179,VR890004,VA-SP-MINI,Billing & Payments,High,Billing,A3032,0,3.0,,,N,"Dear Sir/Madam,

I am writing with reference to my order of orbit mini (VR890004) placed on 23/04. The invoice PDF link gives a 404. I have checked orders page. I REQUEST YOU TO PROCESS A REFUND TO MY ORIGINAL PAYMENT METHOD.

SINCERELY,
ROHT RAO
CHENNAI","1. invoice query
2. updated gstin on ord
3. invoice emailed",legacy_fd
TK-241710,2025-04-26 11:31,2025-04-26 12:05,,pending,voice,C106819,,VA-SP-MINI,Billing & Payments,High,Billing,A3032,0,,,,N,"[IVR transcript] Dear team, Got orbit mini from vireo.in last week. The invoice PDF link gives a 404. I tried different browser. Waiting for your reply. Thakns & regards, Megha",customer reached out - gst invoice request. updated gstin on order. invoice emailed.,helpdesk
TK-241710,2025-04-26 11:31,2025-04-26 12:05,,pending,voice,C106819,,VA-SP-MINI,Billing & Payments,High,Billing,A3032,0,0.0,,,N,"[IVR transcript] Dear team, Got orbit mini from vireo.in last week. The invoice PDF link gives a 404. I tried different browser. Waiting for your reply. Thakns & regards, Megha",customer reached out - gst invoice request. updated gstin on order. invoice emailed.,legacy_fd
TK-241711,2025-04-26 12:01,2025-04-26 12:06,2025-05-01 12:34,resolved,chat,C104120,,VA-EB-PL1,Delivery & Shipping,Normal,Logistics,A3030,0,4.0,,,N,"Namaste, Bought Pulse earbuds around 18/04 from Amazon. Order not delivered, tracking not updating. I want a replacement. Regards, Krishna",as discussed,helpdesk
TK-241711,2025-04-26 12:01,2025-04-26 12:06,2025-05-01 07:04,resolved,chat,C104120,,VA-EB-PL1,Delivery & Shipping,Normal,Logistics,A3030,0,4.0,,,N,"Namaste, Bought Pulse earbuds around 18/04 from Amazon. Order not delivered, tracking not updating. I want a replacement. Regards, Krishna",as discussed,legacy_fd
TK-241727,2025-04-27 11:17,2025-04-27 14:21,2025-04-27 14:33,resolved,email,C103564,VR907984,VA-SW-NX2,Delivery & Shipping,Normal,Logistics,A3005,2,5.0,6499.0,CANCEL,N,"Dear Sir/Madam,

I am writing wtih referene to my order of Nexa 2 placed on 18 Apr. Want to cancel my order. I have tried cancel button, gryeed out. I request you to process a refund to my original payment method.

Sincerely,
Sameer Ghosh
Bengaluru",cx: cancel ord | chk shipment status -> refunded rs 6499 | xfer chat frontline,helpdesk
TK-241727,2025-04-27 11:17,2025-04-27 14:21,2025-04-27 09:03,resolved,email,C103564,VR907984,VA-SW-NX2,Delivery & Shipping,Normal,Logistics,A3005,2,5.0,6499.0,CANCEL,N,"Dear Sir/Madam,

I am writing wtih referene to my order of Nexa 2 placed on 18 Apr. Want to cancel my order. I have tried cancel button, gryeed out. I request you to process a refund to my original payment method.

Sincerely,
Sameer Ghosh
Bengaluru",cx: cancel ord | chk shipment status -> refunded rs 6499 | xfer chat frontline,legacy_fd
TK-241737,2025-04-27 20:24,2025-04-27 21:32,2025-04-27 21:50,resolved,social,C103790,,VA-EB-PL1,Connectivity,Normal,Chat Frontline,A3013,0,,,,N,"hey,
i bought the pulse buds on 19/04. it goes silent for a second every few minutes and comes back.
please resolve asap.
thank you ritika mukherjee","cx states intermittent disconnects. chk interference sources. advised, cx will monitor. ~Ayaan",helpdesk
TK-241737,2025-04-27 20:24,2025-04-27 21:32,2025-04-27 16:20,resolved,social,C103790,,VA-EB-PL1,Connectivity,Normal,Chat Frontline,A3013,0,0.0,,,N,"hey,
i bought the pulse buds on 19/04. it goes silent for a second every few minutes and comes back.
please resolve asap.
thank you ritika mukherjee","cx states intermittent disconnects. chk interference sources. advised, cx will monitor. ~Ayaan",legacy_fd
TK-241741,2025-04-27 22:06,2025-04-27 22:07,2025-04-30 23:46,resolved,chat,C102303,,VA-EB-AIR,Warranty & Repair,Normal,Escalations & Warranty,A3042,0,,,,N,"left earbud not charging, right one is fine","cust contacted re l bud no charge in case. tested with cx on call. reset resolved, cx conf left bud charging. cx informed.",helpdesk
TK-241741,2025-04-27 22:06,2025-04-27 22:07,2025-04-30 18:16,resolved,chat,C102303,,VA-EB-AIR,Warranty & Repair,Normal,Escalations & Warranty,A3042,0,0.0,,,N,"left earbud not charging, right one is fine","cust contacted re l bud no charge in case. tested with cx on call. reset resolved, cx conf left bud charging. cx informed.",legacy_fd
TK-241759,2025-04-29 07:43,2025-04-29 09:09,2025-04-29 09:33,resolved,social,C107406,VR887086,VA-EB-AIR,App & Firmware,Low,Chat Frontline,A3006,0,,,,N,this is v disappointing. this is regarding airlite earbuds. app crashes when i open device settings. i already cleared cache. this is the last time i buy from u.,"Cleared cache, resolved. Issue: app crashing. Known issue on iOS 18 - bug logged. -TS",helpdesk
TK-241759,2025-04-29 07:43,2025-04-29 09:09,2025-04-29 04:03,resolved,social,C107406,VR887086,VA-EB-AIR,App & Firmware,Low,Chat Frontline,A3006,0,0.0,,,N,this is v disappointing. this is regarding airlite earbuds. app crashes when i open device settings. i already cleared cache. this is the last time i buy from u.,"Cleared cache, resolved. Issue: app crashing. Known issue on iOS 18 - bug logged. -TS",legacy_fd
TK-241760,2025-04-29 08:52,2025-04-29 08:58,2025-04-29 09:24,resolved,chat,C104440,VR899314,VA-SW-NX1,App & Firmware,Low,Chat Frontline,A3012,0,,,,N,Bought the nexa smartwatch around 20-02-2025 from Amazon. Since the last update the app just shows a white screen. Waiting for your reply,"1. App not opening
2. Asked for phone model + OS
3. Cleared cache, rslvd (SOP 4.2)",helpdesk
TK-241760,2025-04-29 08:52,2025-04-29 08:58,2025-04-29 03:54,resolved,chat,C104440,VR899314,VA-SW-NX1,App & Firmware,Low,Chat Frontline,A3012,0,0.0,,,N,Bought the nexa smartwatch around 20-02-2025 from Amazon. Since the last update the app just shows a white screen. Waiting for your reply,"1. App not opening
2. Asked for phone model + OS
3. Cleared cache, rslvd (SOP 4.2)",legacy_fd
TK-241761,2025-04-29 10:06,2025-04-29 10:56,2025-04-29 11:09,resolved,social,C100996,VR890094,VA-SW-NX2,Connectivity,Normal,Chat Frontline,A3034,1,,,,N,i have been a loyal customer and this is how you treat me. bought nexa 2 around 10/03 from amazon. app not opening after update. i already reinstalled the app. this is the last time i buy from you.,"Cx reported app not opening. Checked app version. Transferred to Billing. Bug logged, workaround shared.",helpdesk
TK-241761,2025-04-29 10:06,2025-04-29 10:56,2025-04-29 05:39,resolved,social,C100996,VR890094,VA-SW-NX2,Connectivity,Normal,Chat Frontline,A3034,1,0.0,,,N,i have been a loyal customer and this is how you treat me. bought nexa 2 around 10/03 from amazon. app not opening after update. i already reinstalled the app. this is the last time i buy from you.,"Cx reported app not opening. Checked app version. Transferred to Billing. Bug logged, workaround shared.",legacy_fd
TK-241762,2025-04-29 10:27,2025-04-29 10:33,2025-05-01 10:49,resolved,voice,C106681,,VA-SP-ORB,Returns & Refunds,Normal,Returns Desk,A3038,0,3.0,1080.0,RETURN-QC-OK,N,[IVR transcript] Really frustrating.  Got Orbit speaker from vireo.in last month. where is the money for the return. I already checked bank. Refund. Now.,Customer states refund not credited. Checked refund status on PG. Full refund processed (1080).,helpdesk
TK-241762,2025-04-29 10:27,2025-04-29 10:33,2025-05-01 05:19,resolved,voice,C106681,,VA-SP-ORB,Returns & Refunds,Normal,Returns Desk,A3038,0,3.0,1080.0,RETURN-QC-OK,N,[IVR transcript] Really frustrating.  Got Orbit speaker from vireo.in last month. where is the money for the return. I already checked bank. Refund. Now.,Customer states refund not credited. Checked refund status on PG. Full refund processed (1080).,legacy_fd
TK-241782,2025-04-30 12:10,2025-04-30 13:06,2025-05-03 13:25,resolved,voice,C103790,,VA-EB-PL1,Delivery & Shipping,Normal,Logistics,A3030,0,,4498.0,LOST-TRANSIT,N,[IVR transcript] this is very disappointing. got pulse earbuds from vireo.in in april. package not delivered even after 17 days. i already checked with neighbours. escalate this to someone senior.,Cx says shipment not received. Checked AWB with courier. Refunded Rs 4498.,helpdesk
TK-241782,2025-04-30 12:10,2025-04-30 13:06,2025-05-03 07:55,resolved,voice,C103790,,VA-EB-PL1,Delivery & Shipping,Normal,Logistics,A3030,0,0.0,4498.0,LOST-TRANSIT,N,[IVR transcript] this is very disappointing. got pulse earbuds from vireo.in in april. package not delivered even after 17 days. i already checked with neighbours. escalate this to someone senior.,Cx says shipment not received. Checked AWB with courier. Refunded Rs 4498.,legacy_fd
TK-241790,2025-04-30 21:12,2025-04-30 21:19,2025-04-30 21:29,closed,chat,C108469,VR908611,VA-HP-ST3,Other,Normal,Chat Frontline,A3014,0,,,,N,"hi,
strata 3 purchased 3 weeks back, order vr908611.  chnge of mind, please stpo the shipment.
i tried cancel button, geryed out.
i am loing patience.
plese advise.
rgds varun","cust contacted re cancellation request. cancelled before dispatch. cancelled, refund initiated. -MI",helpdesk
TK-241790,2025-04-30 21:12,2025-04-30 21:19,2025-04-30 15:59,closed,chat,C108469,VR908611,VA-HP-ST3,Other,Normal,Chat Frontline,A3014,0,0.0,,,N,"hi,
strata 3 purchased 3 weeks back, order vr908611.  chnge of mind, please stpo the shipment.
i tried cancel button, geryed out.
i am loing patience.
plese advise.
rgds varun","cust contacted re cancellation request. cancelled before dispatch. cancelled, refund initiated. -MI",legacy_fd
TK-241797,2025-05-01 11:31,2025-05-01 11:39,2025-05-04 12:09,resolved,chat,C104386,VR900103,VA-EB-PL1,Billing & Payments,Normal,Billing,A3034,0,,2249.0,RETURN-QC-OK,N,"i am losing patience. the pulse buds purchased around diwali, order vr900103. refund was promised 15 days ago and nothing. i already checked bank. i want a replacement or refund, nothing else.","1. Refund not credited
2. Checked reverse pickup QC status
3. Refunded Rs 2249 (SOP 2.7)",helpdesk
TK-241797,2025-05-01 11:31,2025-05-01 11:39,2025-05-04 06:39,resolved,chat,C104386,VR900103,VA-EB-PL1,Billing & Payments,Normal,Billing,A3034,0,0.0,2249.0,RETURN-QC-OK,N,"i am losing patience. the pulse buds purchased around diwali, order vr900103. refund was promised 15 days ago and nothing. i already checked bank. i want a replacement or refund, nothing else.","1. Refund not credited
2. Checked reverse pickup QC status
3. Refunded Rs 2249 (SOP 2.7)",legacy_fd
TK-241827,2025-05-03 01:27,2025-05-03 06:47,2025-05-03 06:59,resolved,email,C103926,,VA-SP-MINI,Product Enquiry,High,Email Frontline,A3022,0,,,,N,"Hi there, Bought orbit mini around 30-04-2025 from Amazon. Will this survive a shower. I want a replacement. Thank you, Harsh Chopra",cx says pre-sales query. shared compatibility info. cx satisfied. case closed with cx consent.,helpdesk
TK-241827,2025-05-03 01:27,2025-05-03 06:47,2025-05-03 01:29,resolved,email,C103926,,VA-SP-MINI,Product Enquiry,High,Email Frontline,A3022,0,0.0,,,N,"Hi there, Bought orbit mini around 30-04-2025 from Amazon. Will this survive a shower. I want a replacement. Thank you, Harsh Chopra",cx says pre-sales query. shared compatibility info. cx satisfied. case closed with cx consent.,legacy_fd
TK-241834,2025-05-03 14:57,2025-05-03 15:09,2025-05-03 15:25,resolved,voice,C108274,,VA-EB-PL1,Account & Login,Normal,Voice Frontline,A3024,0,,,,N,"hi team, ordreed plse earbuds around diwali. cannot login to my account. i tried on another browser. nothing changed. need this sorted this week.",sorted,helpdesk
TK-241834,2025-05-03 14:57,2025-05-03 15:09,2025-05-03 09:55,resolved,voice,C108274,,VA-EB-PL1,Account & Login,Normal,Voice Frontline,A3024,0,0.0,,,N,"hi team, ordreed plse earbuds around diwali. cannot login to my account. i tried on another browser. nothing changed. need this sorted this week.",sorted,legacy_fd
TK-241836,2025-05-03 15:59,2025-05-03 18:56,2025-05-05 20:13,resolved,voice,C106640,VR892145,VA-SW-NX2,Warranty & Repair,Normal,Escalations & Warranty,A3044,0,2.0,,,N,"hey
touch screen not responding",Cx says touch not responding. Walked through hard reset. Escalated to wty.,helpdesk
TK-241836,2025-05-03 15:59,2025-05-03 18:56,2025-05-05 14:43,resolved,voice,C106640,VR892145,VA-SW-NX2,Warranty & Repair,Normal,Escalations & Warranty,A3044,0,2.0,,,N,"hey
touch screen not responding",Cx says touch not responding. Walked through hard reset. Escalated to wty.,legacy_fd
TK-241840,2025-05-03 19:07,2025-05-03 19:32,2025-05-03 19:59,resolved,voice,C103993,VR894476,VA-SW-NX2,Charging & Battery,Normal,Voice Frontline,A3024,0,2.0,,,N,"[IVR transcript] really frustrating. nexa 2 purchased 2 weeks ago, order vr894476. the progress bar has not moved since morning. i already kept it in the case. escalate this to someone senior","cx unhappy, contacted earlier re same. re: fw update stuck | walked through recoery mode -> rplc raised (bricked)",helpdesk
TK-241840,2025-05-03 19:07,2025-05-03 19:32,2025-05-03 14:29,resolved,voice,C103993,VR894476,VA-SW-NX2,Charging & Battery,Normal,Voice Frontline,A3024,0,2.0,,,N,"[IVR transcript] really frustrating. nexa 2 purchased 2 weeks ago, order vr894476. the progress bar has not moved since morning. i already kept it in the case. escalate this to someone senior","cx unhappy, contacted earlier re same. re: fw update stuck | walked through recoery mode -> rplc raised (bricked)",legacy_fd
TK-241848,2025-05-04 13:15,2025-05-04 14:28,2025-05-04 15:08,resolved,email,C104062,VR903907,VA-SP-MINI,Connectivity,Normal,Email Frontline,A3019,0,2.0,,,N,"Product: orbit mini
Order: VR903907
Purchased: 23-03-2025
Issue: stuck on teh connecting screen forever
Tried: restarted router
Expected: callback",see prev ~Kavya,helpdesk
TK-241848,2025-05-04 13:15,2025-05-04 14:28,2025-05-04 09:38,resolved,email,C104062,VR903907,VA-SP-MINI,Connectivity,Normal,Email Frontline,A3019,0,2.0,,,N,"Product: orbit mini
Order: VR903907
Purchased: 23-03-2025
Issue: stuck on teh connecting screen forever
Tried: restarted router
Expected: callback",see prev ~Kavya,legacy_fd
TK-241852,2025-05-04 16:16,2025-05-04 16:19,2025-05-06 16:48,resolved,chat,C103114,VR900955,VA-EB-PL1,Delivery & Shipping,Normal,Logistics,A3029,0,,,,N,"To the Vireo Customer Care Team,

I am writing with reference to my order of the Pulse buds (VR900955) placed on 27-04-2025. Package not delivered even after 12 days. I have checked the tracking page daily. I request you to process a refund to my original payment method.

Sincerely,
Vihaan Mishra","contact re order not delivered. chk awb w/ courier. courier conf dlvry for 05 may, cx informed. follow-up not required. [closed]",helpdesk
TK-241852,2025-05-04 16:16,2025-05-04 16:19,2025-05-06 11:18,resolved,chat,C103114,VR900955,VA-EB-PL1,Delivery & Shipping,Normal,Logistics,A3029,0,0.0,,,N,"To the Vireo Customer Care Team,

I am writing with reference to my order of the Pulse buds (VR900955) placed on 27-04-2025. Package not delivered even after 12 days. I have checked the tracking page daily. I request you to process a refund to my original payment method.

Sincerely,
Vihaan Mishra","contact re order not delivered. chk awb w/ courier. courier conf dlvry for 05 may, cx informed. follow-up not required. [closed]",legacy_fd
TK-241862,2025-05-05 07:53,2025-05-05 09:40,2025-05-05 10:08,resolved,email,C107006,,VA-EB-AIR,Charging & Battery,Normal,Email Frontline,A3018,0,4.0,,,Y,"hello
left earbud not charging, right one is fine",Reported: left bud not charging. Confirmed FW 2.4.0. New unit shipped under DOA. (SOP 3.1) ~Sukhwinder,helpdesk
TK-241862,2025-05-05 07:53,2025-05-05 09:40,2025-05-05 04:38,resolved,email,C107006,,VA-EB-AIR,Charging & Battery,Normal,Email Frontline,A3018,0,4.0,,,Y,"hello
left earbud not charging, right one is fine",Reported: left bud not charging. Confirmed FW 2.4.0. New unit shipped under DOA. (SOP 3.1) ~Sukhwinder,legacy_fd
TK-241870,2025-05-05 13:36,2025-05-05 15:23,2025-05-07 15:58,resolved,email,C105716,,VA-SW-NX2,Delivery & Shipping,Normal,Logistics,A3029,0,,,,Y,"To the Vireo Customer Care Team,

I am writing with reference to my order of the Nexa 2 placed on 04-04-2025. The box says the Nexa 2 but what's inside is not what I paid for. I HAVE CHECKED THE INVOICE. I request you to provide a resolution within 3 working days.

Sincerely,
Varun Bhatt",recontact. re: wrong item delivered | raised w/ warehouse -> rplc unit dispatched [closed],helpdesk
TK-241870,2025-05-05 13:36,2025-05-05 15:23,2025-05-07 10:28,resolved,email,C105716,,VA-SW-NX2,Delivery & Shipping,Normal,Logistics,A3029,0,0.0,,,Y,"To the Vireo Customer Care Team,

I am writing with reference to my order of the Nexa 2 placed on 04-04-2025. The box says the Nexa 2 but what's inside is not what I paid for. I HAVE CHECKED THE INVOICE. I request you to provide a resolution within 3 working days.

Sincerely,
Varun Bhatt",recontact. re: wrong item delivered | raised w/ warehouse -> rplc unit dispatched [closed],legacy_fd
TK-241873,2025-05-05 14:40,2025-05-05 15:04,2025-05-07 15:19,resolved,chat,C102725,,VA-NB-ARC,Delivery & Shipping,Normal,Logistics,A3029,0,3.0,,,N,package not delivered even after 18 days,"crr conf dlvry for 08 may, cx informed. issue: dlvry delayed. conf address w/ cx. [closed]",helpdesk
TK-241873,2025-05-05 14:40,2025-05-05 15:04,2025-05-07 09:49,resolved,chat,C102725,,VA-NB-ARC,Delivery & Shipping,Normal,Logistics,A3029,0,3.0,,,N,package not delivered even after 18 days,"crr conf dlvry for 08 may, cx informed. issue: dlvry delayed. conf address w/ cx. [closed]",legacy_fd
TK-241874,2025-05-05 17:35,2025-05-05 18:23,2025-05-05 18:44,closed,voice,C100840,VR889142,VA-EB-AIR,Returns & Refunds,Normal,Returns Desk,A3037,0,,,,N,"[IVR transcript] return pickup has not happened, VR889142","pkp done, rfnd initiated. Issue: pkp not done. chk pkp AWB.",helpdesk
TK-241874,2025-05-05 17:35,2025-05-05 18:23,2025-05-05 13:14,closed,voice,C100840,VR889142,VA-EB-AIR,Returns & Refunds,Normal,Returns Desk,A3037,0,0.0,,,N,"[IVR transcript] return pickup has not happened, VR889142","pkp done, rfnd initiated. Issue: pkp not done. chk pkp AWB.",legacy_fd
TK-241875,2025-05-05 17:54,2025-05-05 22:13,2025-05-05 22:43,resolved,email,C106568,VR880550,VA-EB-PL1,Delivery & Shipping,Low,Logistics,A3030,0,3.0,,,Y,"Pathetic experience honestly.  This is regarding Pulse earbuds. ordered black, got white, not what I asked for. I already checked the invoice. This is the last time I buy from you.","re: wrong variant received | veriifed order vs delivered item photos -> replacement raised, rma shared with cx",helpdesk
TK-241875,2025-05-05 17:54,2025-05-05 22:13,2025-05-05 17:13,resolved,email,C106568,VR880550,VA-EB-PL1,Delivery & Shipping,Low,Logistics,A3030,0,3.0,,,Y,"Pathetic experience honestly.  This is regarding Pulse earbuds. ordered black, got white, not what I asked for. I already checked the invoice. This is the last time I buy from you.","re: wrong variant received | veriifed order vs delivered item photos -> replacement raised, rma shared with cx",legacy_fd
TK-241882,2025-05-06 09:41,2025-05-06 12:12,2025-05-09 12:40,resolved,email,C101334,VR880776,VA-SP-MINI,Delivery & Shipping,Normal,Logistics,A3028,0,,,,N,"I am losing patience. Ordered Orbit Mini recently. orrder not delivered, tracking not updating. I already checked with neighbours. This is the last time I buy from you.",cx reached out - delivery delayed. conf address w/ cx. re-shipped from warehouse. will monitor.,helpdesk
TK-241882,2025-05-06 09:41,2025-05-06 12:12,2025-05-09 07:10,resolved,email,C101334,VR880776,VA-SP-MINI,Delivery & Shipping,Normal,Logistics,A3028,0,0.0,,,N,"I am losing patience. Ordered Orbit Mini recently. orrder not delivered, tracking not updating. I already checked with neighbours. This is the last time I buy from you.",cx reached out - delivery delayed. conf address w/ cx. re-shipped from warehouse. will monitor.,legacy_fd
TK-241884,2025-05-06 11:09,2025-05-06 11:10,2025-05-06 11:29,resolved,chat,C107723,VR902739,VA-SW-FIT,Delivery & Shipping,Normal,Logistics,A3027,0,,,,N,Pathetic experience honestly. Ordered my Nexa Fit band 3 weeks back. tracking has said out for delivery for a week now. I ALREADY CALLED THE COURIER. Refund. Now,Contact re delivery delayed. Raised ticket w/ crr partner. Re-shipped from warehouse.,helpdesk
TK-241884,2025-05-06 11:09,2025-05-06 11:10,2025-05-06 05:59,resolved,chat,C107723,VR902739,VA-SW-FIT,Delivery & Shipping,Normal,Logistics,A3027,0,0.0,,,N,Pathetic experience honestly. Ordered my Nexa Fit band 3 weeks back. tracking has said out for delivery for a week now. I ALREADY CALLED THE COURIER. Refund. Now,Contact re delivery delayed. Raised ticket w/ crr partner. Re-shipped from warehouse.,legacy_fd
TK-241890,2025-05-06 17:32,2025-05-06 17:37,2025-05-06 17:57,resolved,chat,C106908,VR888627,VA-SP-MINI,Charging & Battery,High,Chat Frontline,A3010,0,3.0,,,N,"hii
speaker not powering on at all
the mini speaker",resolved on call,helpdesk
TK-241890,2025-05-06 17:32,2025-05-06 17:37,2025-05-06 12:27,resolved,chat,C106908,VR888627,VA-SP-MINI,Charging & Battery,High,Chat Frontline,A3010,0,3.0,,,N,"hii
speaker not powering on at all
the mini speaker",resolved on call,legacy_fd
TK-241899,2025-05-07 10:25,2025-05-07 11:13,2025-05-07 11:45,resolved,social,C109151,VR892913,VA-EB-PL1,Other,Normal,Chat Frontline,A3004,0,,2499.0,DUP-PAYMENT,N,"hi team,
this is regarding the pulse buds.  two entries of rs 3499 on my statement for one pir of earbuds.
plese resolve asap.",as discussed [closed],helpdesk
TK-241899,2025-05-07 10:25,2025-05-07 11:13,2025-05-07 06:15,resolved,social,C109151,VR892913,VA-EB-PL1,Other,Normal,Chat Frontline,A3004,0,0.0,2499.0,DUP-PAYMENT,N,"hi team,
this is regarding the pulse buds.  two entries of rs 3499 on my statement for one pir of earbuds.
plese resolve asap.",as discussed [closed],legacy_fd
TK-241902,2025-05-07 12:17,2025-05-07 12:53,2025-05-07 13:31,resolved,voice,C108788,,VA-EB-PL1,App & Firmware,Normal,Voice Frontline,A3026,0,,,,N,"firmwarre update is stuck at 67%, waiting for your reply",reported: firmware update failed. asked cx to keep in case 30 min. recovery successful. ~Vihaan,helpdesk
TK-241902,2025-05-07 12:17,2025-05-07 12:53,2025-05-07 08:01,resolved,voice,C108788,,VA-EB-PL1,App & Firmware,Normal,Voice Frontline,A3026,0,0.0,,,N,"firmwarre update is stuck at 67%, waiting for your reply",reported: firmware update failed. asked cx to keep in case 30 min. recovery successful. ~Vihaan,legacy_fd
TK-241910,2025-05-08 08:56,2025-05-08 13:14,2025-05-08 13:28,resolved,social,C102351,VR906805,VA-NB-ARC,Billing & Payments,High,Billing,A3035,0,2.0,584.0,CANCEL,N,"hi,
ordered my arc a month ago. change of mind, please stop the shipment.
i tried cancel button, greyed out.
please advise.
regards, abhishek kapoor","cancel order | cancelled before dispatch -> refund approved, rs 584, 5-7 working days",helpdesk
TK-241910,2025-05-08 08:56,2025-05-08 13:14,2025-05-08 07:58,resolved,social,C102351,VR906805,VA-NB-ARC,Billing & Payments,High,Billing,A3035,0,2.0,584.0,CANCEL,N,"hi,
ordered my arc a month ago. change of mind, please stop the shipment.
i tried cancel button, greyed out.
please advise.
regards, abhishek kapoor","cancel order | cancelled before dispatch -> refund approved, rs 584, 5-7 working days",legacy_fd
TK-241913,2025-05-08 12:14,2025-05-08 19:25,2025-05-08 19:36,resolved,email,C106908,,VA-HP-ST2,Product Enquiry,Normal,Email Frontline,A3021,0,5.0,,,N,is Strata 2 compatible with my TV. please advise,cx says product enquiry. shared compatibility info. query answered.,helpdesk
TK-241913,2025-05-08 12:14,2025-05-08 19:25,2025-05-08 14:06,resolved,email,C106908,,VA-HP-ST2,Product Enquiry,Normal,Email Frontline,A3021,0,5.0,,,N,is Strata 2 compatible with my TV. please advise,cx says product enquiry. shared compatibility info. query answered.,legacy_fd
TK-241916,2025-05-08 14:53,2025-05-08 16:39,2025-05-08 17:01,resolved,social,C102345,,VA-HP-ST3,App & Firmware,Normal,Chat Frontline,A3015,0,,,,N,"hey
the progress bar has not moved since morning
strata 3
anyone there","1. fw update failed
2. walked through recovery mode
3. recovery successful",helpdesk
TK-241916,2025-05-08 14:53,2025-05-08 16:39,2025-05-08 11:31,resolved,social,C102345,,VA-HP-ST3,App & Firmware,Normal,Chat Frontline,A3015,0,0.0,,,N,"hey
the progress bar has not moved since morning
strata 3
anyone there","1. fw update failed
2. walked through recovery mode
3. recovery successful",legacy_fd
TK-241930,2025-05-09 08:13,2025-05-09 09:25,2025-05-09 09:40,resolved,email,C101464,VR908065,VA-SP-MINI,Billing & Payments,High,Billing,A3032,0,,,,N,"Honestly regretting this purchase. Same issue, third ticket. Order VR908065 (orbit mini). discount was not applied at checkout. I already tried in caps. Refund. Now","ticket raised for promo code invalid. checked cart eligibility. advised coupon terms, rslvd.",helpdesk
TK-241930,2025-05-09 08:13,2025-05-09 09:25,2025-05-09 04:10,resolved,email,C101464,VR908065,VA-SP-MINI,Billing & Payments,High,Billing,A3032,0,0.0,,,N,"Honestly regretting this purchase. Same issue, third ticket. Order VR908065 (orbit mini). discount was not applied at checkout. I already tried in caps. Refund. Now","ticket raised for promo code invalid. checked cart eligibility. advised coupon terms, rslvd.",legacy_fd
TK-241933,2025-05-09 09:22,2025-05-09 09:23,2025-05-09 09:50,resolved,chat,C107246,,VA-SW-NX1,Delivery & Shipping,Low,Logistics,A3030,0,2.0,,,N,"Hi there,
I bought my Nexa on 29-04-2025.  My order has not been delivered yet.
I called the courier. Nothing changed.
Waiting for your reply.
Regards,",Cx says ordr not delivered. Confirmed address with cx. Refund intiiated as losst in transit.,helpdesk
TK-241933,2025-05-09 09:22,2025-05-09 09:23,2025-05-09 04:20,resolved,chat,C107246,,VA-SW-NX1,Delivery & Shipping,Low,Logistics,A3030,0,2.0,,,N,"Hi there,
I bought my Nexa on 29-04-2025.  My order has not been delivered yet.
I called the courier. Nothing changed.
Waiting for your reply.
Regards,",Cx says ordr not delivered. Confirmed address with cx. Refund intiiated as losst in transit.,legacy_fd
TK-241934,2025-05-09 09:53,2025-05-09 10:14,2025-05-10 10:45,resolved,voice,C109375,VR892938,VA-SW-NX2,Returns & Refunds,Normal,Returns Desk,A3036,0,3.0,5199.0,RETURN-QC-OK,N,This is very disappointing.  Got Nexa 2 from Amazon in May. the return was accepted but the amount is nowhere in my account. I already emaild twice. Fix this or I am posting on twitter.,Cx says refund pending. Checked reverse pickup QC status. Refund of Rs 5199 initiated to source. Will monitor.,helpdesk
TK-241934,2025-05-09 09:53,2025-05-09 10:14,2025-05-10 05:15,resolved,voice,C109375,VR892938,VA-SW-NX2,Returns & Refunds,Normal,Returns Desk,A3036,0,3.0,5199.0,RETURN-QC-OK,N,This is very disappointing.  Got Nexa 2 from Amazon in May. the return was accepted but the amount is nowhere in my account. I already emaild twice. Fix this or I am posting on twitter.,Cx says refund pending. Checked reverse pickup QC status. Refund of Rs 5199 initiated to source. Will monitor.,legacy_fd
TK-241936,2025-05-09 10:41,2025-05-09 10:45,2025-05-21 12:53,resolved,chat,C108104,,VA-SW-FIT,Warranty & Repair,Normal,Escalations & Warranty,A3043,0,2.0,,,N,"This is the third time.
screen is unresponsive
i want a replacement",issue: unresponsive display | chk fw version -> rplc rised,helpdesk
TK-241936,2025-05-09 10:41,2025-05-09 10:45,2025-05-21 07:23,resolved,chat,C108104,,VA-SW-FIT,Warranty & Repair,Normal,Escalations & Warranty,A3043,0,2.0,,,N,"This is the third time.
screen is unresponsive
i want a replacement",issue: unresponsive display | chk fw version -> rplc rised,legacy_fd
TK-241940,2025-05-09 11:11,2025-05-09 11:19,2025-05-12 16:54,resolved,chat,C103552,VR909607,VA-HP-ST2,Warranty & Repair,Normal,Escalations & Warranty,A3042,0,,,,Y,"To the Vireo Customer Care Team,

I am writing wiht reference to my order of my Strata 2 headphones (VR909607) placed on 26-04-2025. What is the status of my warranty claim. I havve emailed twice. I request you to look into this matter at the earliest.

Regards,
Imran Bhatia","cx reported repair status follow-up. chk rma status. repair completed, shipped back. cx satisfied on chat.",helpdesk
TK-241940,2025-05-09 11:11,2025-05-09 11:19,2025-05-12 11:24,resolved,chat,C103552,VR909607,VA-HP-ST2,Warranty & Repair,Normal,Escalations & Warranty,A3042,0,0.0,,,Y,"To the Vireo Customer Care Team,

I am writing wiht reference to my order of my Strata 2 headphones (VR909607) placed on 26-04-2025. What is the status of my warranty claim. I havve emailed twice. I request you to look into this matter at the earliest.

Regards,
Imran Bhatia","cx reported repair status follow-up. chk rma status. repair completed, shipped back. cx satisfied on chat.",legacy_fd
TK-241942,2025-05-09 11:40,2025-05-09 13:47,,pending,email,C105679,VR895821,VA-HP-ST3,Audio Quality,Normal,Email Frontline,A3040,1,,,,Y,"product: the strata 3
order: vr895821
purchased: 19-02-2025
issue: everything sounds like it is coming from one direction now
tried: checked balance settings
expected: refund",done,helpdesk
TK-241942,2025-05-09 11:40,2025-05-09 13:47,,pending,email,C105679,VR895821,VA-HP-ST3,Audio Quality,Normal,Email Frontline,A3040,1,0.0,,,Y,"product: the strata 3
order: vr895821
purchased: 19-02-2025
issue: everything sounds like it is coming from one direction now
tried: checked balance settings
expected: refund",done,legacy_fd
TK-241952,2025-05-09 18:27,2025-05-09 18:30,2025-05-10 18:45,resolved,chat,C106884,VR881719,VA-EB-PL1,Returns & Refunds,Normal,Returns Desk,A3037,0,3.0,2124.0,RETURN-QC-OK,N,"To the Vireo Customer Cre Team,

I am writing with refeerence to my order of Pulse earbuds (VR881719) placed on 25 Apr.  Opened the parcel and it is a completely diferent thing. I have rechecked my order. I request you to loook into this matter at the earliest.

Yours faithfully,
Anjali Sharma",Cust contacted re wrong variant rcvd. Verified ord vs delivered item photos. Refunded Rs 2124.,helpdesk
TK-241952,2025-05-09 18:27,2025-05-09 18:30,2025-05-10 13:15,resolved,chat,C106884,VR881719,VA-EB-PL1,Returns & Refunds,Normal,Returns Desk,A3037,0,3.0,2124.0,RETURN-QC-OK,N,"To the Vireo Customer Cre Team,

I am writing with refeerence to my order of Pulse earbuds (VR881719) placed on 25 Apr.  Opened the parcel and it is a completely diferent thing. I have rechecked my order. I request you to loook into this matter at the earliest.

Yours faithfully,
Anjali Sharma",Cust contacted re wrong variant rcvd. Verified ord vs delivered item photos. Refunded Rs 2124.,legacy_fd
TK-241968,2025-05-10 10:50,2025-05-10 10:53,2025-05-12 11:21,resolved,chat,C109107,VR887458,VA-SW-FIT,Returns & Refunds,Normal,Returns Desk,A3038,0,2.0,,,Y,"hello ji
return pickup has not happened
kal se
the fit band",Customer reached out - pickup missed. Checked pickup AWB. Replacement unit dispatched.,helpdesk
TK-241968,2025-05-10 10:50,2025-05-10 10:53,2025-05-12 05:51,resolved,chat,C109107,VR887458,VA-SW-FIT,Returns & Refunds,Normal,Returns Desk,A3038,0,2.0,,,Y,"hello ji
return pickup has not happened
kal se
the fit band",Customer reached out - pickup missed. Checked pickup AWB. Replacement unit dispatched.,legacy_fd
TK-241969,2025-05-10 12:31,2025-05-11 00:34,2025-05-11 01:12,resolved,email,C108894,VR898760,VA-SP-MINI,Billing & Payments,Normal,Billing,A3032,0,,4998.0,DUP-PAYMENT,N,"Not what I expected from Vireo. Order VR898760 (orbit mini). I was charged twice for one order. I already waited a week. I want a replacement or refund, nothing else.",cx says duplicate payment. checked pg for duplicate txn. full refund processed (4998).,helpdesk
TK-241969,2025-05-10 12:31,2025-05-11 00:34,2025-05-10 19:42,resolved,email,C108894,VR898760,VA-SP-MINI,Billing & Payments,Normal,Billing,A3032,0,0.0,4998.0,DUP-PAYMENT,N,"Not what I expected from Vireo. Order VR898760 (orbit mini). I was charged twice for one order. I already waited a week. I want a replacement or refund, nothing else.",cx says duplicate payment. checked pg for duplicate txn. full refund processed (4998).,legacy_fd
TK-241983,2025-05-11 08:35,2025-05-11 13:26,2025-05-13 13:41,resolved,email,C108939,VR906526,VA-SW-NX2,Delivery & Shipping,Normal,Logistics,A3028,0,4.0,,,N,"to the vireo customer care team,

i am writing with reference to my order of nexa 2 (vr906526) placed on may 02. my order has not been delivered yet. i have checked with neighbours. i request you to kindly arrange a replacement.

sincerely,
pranav pereira",reported: delivery delayed. raised ticket with crr partner. re-shipped from warehouse. cx informed.,helpdesk
TK-241983,2025-05-11 08:35,2025-05-11 13:26,2025-05-13 08:11,resolved,email,C108939,VR906526,VA-SW-NX2,Delivery & Shipping,Normal,Logistics,A3028,0,4.0,,,N,"to the vireo customer care team,

i am writing with reference to my order of nexa 2 (vr906526) placed on may 02. my order has not been delivered yet. i have checked with neighbours. i request you to kindly arrange a replacement.

sincerely,
pranav pereira",reported: delivery delayed. raised ticket with crr partner. re-shipped from warehouse. cx informed.,legacy_fd
TK-241988,2025-05-11 18:11,2025-05-11 18:14,2025-05-11 18:46,closed,chat,C105491,VR896607,VA-HP-ST3,Audio Quality,Normal,Chat Frontline,A3007,1,2.0,,,N,mic not working on calls,issue: mic not working on calls | checked mic permissions on phone -> replacement raised (SOP 2.7),helpdesk
TK-241988,2025-05-11 18:11,2025-05-11 18:14,2025-05-11 13:16,closed,chat,C105491,VR896607,VA-HP-ST3,Audio Quality,Normal,Chat Frontline,A3007,1,2.0,,,N,mic not working on calls,issue: mic not working on calls | checked mic permissions on phone -> replacement raised (SOP 2.7),legacy_fd
TK-241990,2025-05-11 20:48,2025-05-11 21:41,2025-05-11 22:02,resolved,voice,C104008,VR882166,VA-SW-NX1,Delivery & Shipping,Normal,Logistics,A3031,0,4.0,,,N,"teh courer marked it deliveered but nobody in my house got anything, VR882166","1. ord not delivered
2. chk AWB with crr
3. rfnd initiated as lost in transit",helpdesk
TK-241990,2025-05-11 20:48,2025-05-11 21:41,2025-05-11 16:32,resolved,voice,C104008,VR882166,VA-SW-NX1,Delivery & Shipping,Normal,Logistics,A3031,0,4.0,,,N,"teh courer marked it deliveered but nobody in my house got anything, VR882166","1. ord not delivered
2. chk AWB with crr
3. rfnd initiated as lost in transit",legacy_fd
TK-241999,2025-05-12 12:40,2025-05-12 12:42,2025-05-12 13:10,resolved,chat,C106320,,VA-SW-NX2,Connectivity,Low,Chat Frontline,A3011,0,4.0,,,Y,"helo
it connects for a second and then vanishes from teh device list
help",cx ok,helpdesk
TK-241999,2025-05-12 12:40,2025-05-12 12:42,2025-05-12 07:40,resolved,chat,C106320,,VA-SW-NX2,Connectivity,Low,Chat Frontline,A3011,0,4.0,,,Y,"helo
it connects for a second and then vanishes from teh device list
help",cx ok,legacy_fd
TK-242001,2025-05-12 14:57,2025-05-12 15:20,2025-05-12 15:41,resolved,chat,C100152,,VA-AC-CH65,Other,Low,Chat Frontline,A3005,0,3.0,,,N,Really frustrating. Bought your charger around 05/05 frrom vireo.in. discount was not applied at checkout. I already tried on app and website. Fix this or I am posting on twitter.,promo code invalid | chk coupon validity -> store credit issued,helpdesk
TK-242001,2025-05-12 14:57,2025-05-12 15:20,2025-05-12 10:11,resolved,chat,C100152,,VA-AC-CH65,Other,Low,Chat Frontline,A3005,0,3.0,,,N,Really frustrating. Bought your charger around 05/05 frrom vireo.in. discount was not applied at checkout. I already tried on app and website. Fix this or I am posting on twitter.,promo code invalid | chk coupon validity -> store credit issued,legacy_fd
TK-242009,2025-05-12 22:34,2025-05-12 22:36,2025-05-12 22:58,resolved,chat,C109276,VR900723,VA-SW-NX2,Connectivity,Normal,Chat Frontline,A3002,0,5.0,,,N,"hey
my phone just doesn't see it in the list anymore
my nexa 2 watch VR900723
kindly do the needful","device not discoverable | walked through forget + re-pair -> reset done, paired ok",helpdesk
TK-242009,2025-05-12 22:34,2025-05-12 22:36,2025-05-12 17:28,resolved,chat,C109276,VR900723,VA-SW-NX2,Connectivity,Normal,Chat Frontline,A3002,0,5.0,,,N,"hey
my phone just doesn't see it in the list anymore
my nexa 2 watch VR900723
kindly do the needful","device not discoverable | walked through forget + re-pair -> reset done, paired ok",legacy_fd
TK-242019,2025-05-13 13:24,2025-05-13 13:36,2025-05-13 13:53,resolved,voice,C100348,VR884750,VA-SW-NX1,Charging & Battery,Normal,Voice Frontline,A3026,0,5.0,,,N,"Hi Vireo support, Bought the nexa smartwatch around February 18 from vireo.in.  I have to charge it twice a day now, it used to last days. I fully charged & discharged twice. Nothing changed. Waiting for ur reply. Thanks in advance Farah","contact re battery draining fast. chk fw 1.2.5. fw update pushed, advised to monitor.",helpdesk
TK-242019,2025-05-13 13:24,2025-05-13 13:36,2025-05-13 08:23,resolved,voice,C100348,VR884750,VA-SW-NX1,Charging & Battery,Normal,Voice Frontline,A3026,0,5.0,,,N,"Hi Vireo support, Bought the nexa smartwatch around February 18 from vireo.in.  I have to charge it twice a day now, it used to last days. I fully charged & discharged twice. Nothing changed. Waiting for ur reply. Thanks in advance Farah","contact re battery draining fast. chk fw 1.2.5. fw update pushed, advised to monitor.",legacy_fd
TK-242023,2025-05-13 17:02,2025-05-13 17:22,2025-05-14 17:39,resolved,voice,C105023,VR892778,VA-SP-MINI,Delivery & Shipping,Normal,Logistics,A3031,0,4.0,,,N,"[IVR transcript] I have been a loyal customer & this is how u treat me. Writing again because the issue is back. Order VR892778 (orbit mini). ordered black, got white, not what I asked for. I already rechecked my order. Escalate this to someone senior.","cx says was told fixed last time. 1. Wrong item delivered
2. Verified ord vs delivered item photos
3. Replacement dispatched",helpdesk
TK-242023,2025-05-13 17:02,2025-05-13 17:22,2025-05-14 12:09,resolved,voice,C105023,VR892778,VA-SP-MINI,Delivery & Shipping,Normal,Logistics,A3031,0,4.0,,,N,"[IVR transcript] I have been a loyal customer & this is how u treat me. Writing again because the issue is back. Order VR892778 (orbit mini). ordered black, got white, not what I asked for. I already rechecked my order. Escalate this to someone senior.","cx says was told fixed last time. 1. Wrong item delivered
2. Verified ord vs delivered item photos
3. Replacement dispatched",legacy_fd
TK-242024,2025-05-13 18:23,2025-05-13 18:28,2025-05-18 18:43,resolved,chat,C104582,VR888837,VA-EB-PL1,Other,Normal,Chat Frontline,A3008,0,,,,N,my order has not been delivered yet - VR888837 - i want my money back,cx: delivery delayed | conf address w/ cx -> re-shipped from warehouse,helpdesk
TK-242024,2025-05-13 18:23,2025-05-13 18:28,2025-05-18 13:13,resolved,chat,C104582,VR888837,VA-EB-PL1,Other,Normal,Chat Frontline,A3008,0,0.0,,,N,my order has not been delivered yet - VR888837 - i want my money back,cx: delivery delayed | conf address w/ cx -> re-shipped from warehouse,legacy_fd
TK-242029,2025-05-14 11:05,2025-05-14 11:11,2025-05-14 11:20,resolved,chat,C108922,,VA-SW-NX2,Other,Normal,Chat Frontline,A3006,0,5.0,,,N,"Product: Nexa 2
Purchased: May 13
Issue: entered wrong pincode
Tried: tried editing in app
Expected: fix","Already dispatched, advised to rediret with courier. Issue: address update. Updated address with courier.",helpdesk
TK-242029,2025-05-14 11:05,2025-05-14 11:11,2025-05-14 05:50,resolved,chat,C108922,,VA-SW-NX2,Other,Normal,Chat Frontline,A3006,0,5.0,,,N,"Product: Nexa 2
Purchased: May 13
Issue: entered wrong pincode
Tried: tried editing in app
Expected: fix","Already dispatched, advised to rediret with courier. Issue: address update. Updated address with courier.",legacy_fd
TK-242048,2025-05-15 23:39,2025-05-16 02:53,2025-05-19 03:09,resolved,email,C103606,VR896390,VA-HP-ST3,Delivery & Shipping,Normal,Logistics,A3030,0,,,,N,"This is very disappointing. Writing again because the issue is back. my Strata 3 headphones purchased last month, order VR896390. I haven't received my order. I already called the courier. Fix this or I am posting on twitter.","Cust contacted re shipment not received. Confirmed adress wiith cx. Courier confirmed delivey for 20 May, cx informed.",helpdesk
TK-242048,2025-05-15 23:39,2025-05-16 02:53,2025-05-18 21:39,resolved,email,C103606,VR896390,VA-HP-ST3,Delivery & Shipping,Normal,Logistics,A3030,0,0.0,,,N,"This is very disappointing. Writing again because the issue is back. my Strata 3 headphones purchased last month, order VR896390. I haven't received my order. I already called the courier. Fix this or I am posting on twitter.","Cust contacted re shipment not received. Confirmed adress wiith cx. Courier confirmed delivey for 20 May, cx informed.",legacy_fd
TK-242054,2025-05-16 16:19,2025-05-16 19:39,2025-05-16 19:59,resolved,email,C100321,,VA-EB-PL1,App & Firmware,Low,Email Frontline,A3021,0,4.0,,,N,"hi
firmware update is stuck at 40%",customer states update hang. asked cx to keep in case 30 min. recovery successful.,helpdesk
TK-242054,2025-05-16 16:19,2025-05-16 19:39,2025-05-16 14:29,resolved,email,C100321,,VA-EB-PL1,App & Firmware,Low,Email Frontline,A3021,0,4.0,,,N,"hi
firmware update is stuck at 40%",customer states update hang. asked cx to keep in case 30 min. recovery successful.,legacy_fd
TK-242064,2025-05-17 08:26,2025-05-17 20:21,2025-05-17 20:59,closed,email,C103517,VR891847,VA-NB-ARC,Billing & Payments,High,Billing,A3033,0,3.0,1104.0,DUP-PAYMENT,N,"Hi there, Got the neckband from Flipkart a month ago. PAID ONCE, STATEMENT DISAGREES. Can someone fix this? Thanks & regards Mohammed D'Souza",Cust contacted re double charge. Confirmed UTRs. Full refund processed (1104). Will monitor. ~Diya,helpdesk
TK-242064,2025-05-17 08:26,2025-05-17 20:21,2025-05-17 15:29,closed,email,C103517,VR891847,VA-NB-ARC,Billing & Payments,High,Billing,A3033,0,3.0,1104.0,DUP-PAYMENT,N,"Hi there, Got the neckband from Flipkart a month ago. PAID ONCE, STATEMENT DISAGREES. Can someone fix this? Thanks & regards Mohammed D'Souza",Cust contacted re double charge. Confirmed UTRs. Full refund processed (1104). Will monitor. ~Diya,legacy_fd
TK-242069,2025-05-17 10:44,2025-05-17 11:35,2025-05-17 11:59,resolved,voice,C108810,,VA-EB-PL1,Audio Quality,Normal,Voice Frontline,A3023,0,,2124.0,DOA-REPL,N,[IVR transcript] only one side plays sound,refunded Rs 2124 (SOP 3.1) ~Farah,helpdesk
TK-242069,2025-05-17 10:44,2025-05-17 11:35,2025-05-17 06:29,resolved,voice,C108810,,VA-EB-PL1,Audio Quality,Normal,Voice Frontline,A3023,0,0.0,2124.0,DOA-REPL,N,[IVR transcript] only one side plays sound,refunded Rs 2124 (SOP 3.1) ~Farah,legacy_fd
TK-242070,2025-05-17 11:03,2025-05-17 11:04,2025-05-17 11:13,resolved,chat,C106041,VR889026,VA-HP-ST3,Delivery & Shipping,Normal,Logistics,A3030,0,,,,N,"hi
i moved houses yesterday and the oredr is going to the old flat
the strata 3 vr889026
pls reply","Cx says address update. Checked dispatch status. Already dispatched, advised to redirect with courier.",helpdesk
TK-242070,2025-05-17 11:03,2025-05-17 11:04,2025-05-17 05:43,resolved,chat,C106041,VR889026,VA-HP-ST3,Delivery & Shipping,Normal,Logistics,A3030,0,0.0,,,N,"hi
i moved houses yesterday and the oredr is going to the old flat
the strata 3 vr889026
pls reply","Cx says address update. Checked dispatch status. Already dispatched, advised to redirect with courier.",legacy_fd
TK-242079,2025-05-17 19:42,2025-05-17 19:44,2025-05-20 19:59,resolved,chat,C104230,VR893171,VA-SW-FIT,Delivery & Shipping,Normal,Logistics,A3038,1,1.0,,,Y,"hey
opened the parcel and it is a completely different thing
kindly do the needful",Reported: incorrect product shipped. Raised with warehouse. Transferred to Returns Desk. Replacement unit dispatched.,helpdesk
TK-242079,2025-05-17 19:42,2025-05-17 19:44,2025-05-20 14:29,resolved,chat,C104230,VR893171,VA-SW-FIT,Delivery & Shipping,Normal,Logistics,A3038,1,1.0,,,Y,"hey
opened the parcel and it is a completely different thing
kindly do the needful",Reported: incorrect product shipped. Raised with warehouse. Transferred to Returns Desk. Replacement unit dispatched.,legacy_fd
TK-242084,2025-05-17 20:52,2025-05-18 00:34,2025-05-18 00:48,closed,email,C107720,VR902897,VA-SW-NX2,Returns & Refunds,Normal,Returns Desk,A3038,0,,,,N,"Hi team, Order VR902897 (the Nexa 2). Where is the money for the return. How do I get this fixed? Thank you,",ARN shared with cx. Issue: refund delay. Checked refund status on PG.,helpdesk
TK-242084,2025-05-17 20:52,2025-05-18 00:34,2025-05-17 19:18,closed,email,C107720,VR902897,VA-SW-NX2,Returns & Refunds,Normal,Returns Desk,A3038,0,0.0,,,N,"Hi team, Order VR902897 (the Nexa 2). Where is the money for the return. How do I get this fixed? Thank you,",ARN shared with cx. Issue: refund delay. Checked refund status on PG.,legacy_fd
TK-242086,2025-05-18 04:04,2025-05-18 04:19,2025-05-18 04:39,resolved,chat,C100953,VR894596,VA-HP-ST3,Delivery & Shipping,Normal,Logistics,A3030,0,,,,N,"hii
my order has not been delivered yet
strata 3 vr894596
anyone there",sorted,helpdesk
TK-242086,2025-05-18 04:04,2025-05-18 04:19,2025-05-17 23:09,resolved,chat,C100953,VR894596,VA-HP-ST3,Delivery & Shipping,Normal,Logistics,A3030,0,0.0,,,N,"hii
my order has not been delivered yet
strata 3 vr894596
anyone there",sorted,legacy_fd
TK-242088,2025-05-18 13:19,2025-05-18 13:42,2025-05-26 19:05,resolved,email,C103087,,VA-SW-NX1,Warranty & Repair,Normal,Escalations & Warranty,A3041,0,,,,N,what is the status of my warranty claim,"second contact on same fault. 1. RMA status query
2. Followed up with service centre
3. Cx updated, ETA shared",helpdesk
TK-242088,2025-05-18 13:19,2025-05-18 13:42,2025-05-26 13:35,resolved,email,C103087,,VA-SW-NX1,Warranty & Repair,Normal,Escalations & Warranty,A3041,0,0.0,,,N,what is the status of my warranty claim,"second contact on same fault. 1. RMA status query
2. Followed up with service centre
3. Cx updated, ETA shared",legacy_fd
TK-242091,2025-05-18 18:54,2025-05-18 21:16,2025-05-18 21:48,resolved,email,C100136,VR884867,VA-SP-MINI,Connectivity,Normal,Email Frontline,A3019,0,,,,N,"hey
teh pairing light blinsk but nothiing ever shows up on my oneplus
kindly do the needful","re: device not discoverable | checked phone os version -> re-pair successful, resolved on chat (sop 2.7) ~Kavya",helpdesk
TK-242091,2025-05-18 18:54,2025-05-18 21:16,2025-05-18 16:18,resolved,email,C100136,VR884867,VA-SP-MINI,Connectivity,Normal,Email Frontline,A3019,0,0.0,,,N,"hey
teh pairing light blinsk but nothiing ever shows up on my oneplus
kindly do the needful","re: device not discoverable | checked phone os version -> re-pair successful, resolved on chat (sop 2.7) ~Kavya",legacy_fd
TK-242098,2025-05-19 10:02,2025-05-19 10:03,2025-05-19 10:19,resolved,chat,C104255,VR902072,VA-SW-NX2,Connectivity,Normal,Chat Frontline,A3011,0,5.0,,,N,app crashes when I open device settings - VR902072 - can someone fix this?,cx ok,helpdesk
TK-242098,2025-05-19 10:02,2025-05-19 10:03,2025-05-19 04:49,resolved,chat,C104255,VR902072,VA-SW-NX2,Connectivity,Normal,Chat Frontline,A3011,0,5.0,,,N,app crashes when I open device settings - VR902072 - can someone fix this?,cx ok,legacy_fd
TK-242107,2025-05-19 17:50,2025-05-19 17:56,2025-05-19 18:26,resolved,chat,C102302,,VA-SP-ORB,Connectivity,Normal,Chat Frontline,A3008,0,2.0,,,Y,"product: orbit speaker
order: vr882872
purchased: 25-03-2025
issue: keeps losing my phone if i walk to the other room
tried: reset both devices
expected: replacement","rplc approved, reverse pkp arranged. issue: intermittent disconnects. chk interference sources.",helpdesk
TK-242107,2025-05-19 17:50,2025-05-19 17:56,2025-05-19 12:56,resolved,chat,C102302,,VA-SP-ORB,Connectivity,Normal,Chat Frontline,A3008,0,2.0,,,Y,"product: orbit speaker
order: vr882872
purchased: 25-03-2025
issue: keeps losing my phone if i walk to the other room
tried: reset both devices
expected: replacement","rplc approved, reverse pkp arranged. issue: intermittent disconnects. chk interference sources.",legacy_fd
TK-242121,2025-05-20 17:04,2025-05-20 17:09,2025-05-20 17:26,resolved,chat,C103295,VR907662,VA-SW-NX1,Connectivity,Normal,Chat Frontline,A3007,0,,,,N,"helo
my phhone just doesn't see it in the list anymore
the nexa smartwatch
pls reply","device not discoverable | checked phone os version -> reset done, paired ok",helpdesk
TK-242121,2025-05-20 17:04,2025-05-20 17:09,2025-05-20 11:56,resolved,chat,C103295,VR907662,VA-SW-NX1,Connectivity,Normal,Chat Frontline,A3007,0,0.0,,,N,"helo
my phhone just doesn't see it in the list anymore
the nexa smartwatch
pls reply","device not discoverable | checked phone os version -> reset done, paired ok",legacy_fd
TK-242128,2025-05-20 22:17,2025-05-20 22:33,2025-05-26 03:06,resolved,social,C109051,VR905178,VA-HP-ST3,Warranty & Repair,Normal,Escalations & Warranty,A3042,0,,,,N,"Dear team,
Writing again because teh issue is back. Strata 3 purchased in January, order VR905178. No update on my repair.
I emailed twice. Nothing changed.
I want a replacement.
Regards,","1. repair status follow-up
2. chk rma status
3. repair completed, shipped back",helpdesk
TK-242128,2025-05-20 22:17,2025-05-20 22:33,2025-05-25 21:36,resolved,social,C109051,VR905178,VA-HP-ST3,Warranty & Repair,Normal,Escalations & Warranty,A3042,0,0.0,,,N,"Dear team,
Writing again because teh issue is back. Strata 3 purchased in January, order VR905178. No update on my repair.
I emailed twice. Nothing changed.
I want a replacement.
Regards,","1. repair status follow-up
2. chk rma status
3. repair completed, shipped back",legacy_fd
TK-242135,2025-05-21 09:51,2025-05-21 10:33,2025-05-21 10:51,closed,voice,C101760,VR895792,VA-SW-NX1,Billing & Payments,Normal,Billing,A3036,1,,,,N,"money debited but order not showing, VR895792","Reported: payment debited, no order. Asked for UTR. Transferred to Returns Desk. Order manually created. Cx satisfied on chat.",helpdesk
TK-242135,2025-05-21 09:51,2025-05-21 10:33,2025-05-21 05:21,closed,voice,C101760,VR895792,VA-SW-NX1,Billing & Payments,Normal,Billing,A3036,1,0.0,,,N,"money debited but order not showing, VR895792","Reported: payment debited, no order. Asked for UTR. Transferred to Returns Desk. Order manually created. Cx satisfied on chat.",legacy_fd
TK-242140,2025-05-21 15:20,2025-05-21 15:21,2025-05-25 16:28,resolved,chat,C101114,,VA-HP-ST2,Connectivity,Normal,Chat Frontline,A3044,1,,,,N,"hi, i bought my strata 2 headphones on 03 apr. keeps losing my phone if i walk to the other room. i turned off wifi. nothing changed. honestly regretting this purchase. waiting for your reply. thanks in advance, sneha",Cust contacted re intermittent disconnects. chk FW 3.9.6. xfer to Escalations & Warranty. FW update resolved.,helpdesk
TK-242140,2025-05-21 15:20,2025-05-21 15:21,2025-05-25 10:58,resolved,chat,C101114,,VA-HP-ST2,Connectivity,Normal,Chat Frontline,A3044,1,0.0,,,N,"hi, i bought my strata 2 headphones on 03 apr. keeps losing my phone if i walk to the other room. i turned off wifi. nothing changed. honestly regretting this purchase. waiting for your reply. thanks in advance, sneha",Cust contacted re intermittent disconnects. chk FW 3.9.6. xfer to Escalations & Warranty. FW update resolved.,legacy_fd
TK-242141,2025-05-21 15:51,2025-05-21 17:05,2025-05-21 17:24,resolved,voice,C104698,,VA-SW-FIT,Other,Normal,Voice Frontline,A3023,0,,,,N,"money debited but order not shwoing
can someone fix this?",Auto-refund conf within 5-7 days. Issue: amount deducted without order. conf w/ payment gateway. (SOP 3.1) ~Farah,helpdesk
TK-242141,2025-05-21 15:51,2025-05-21 17:05,2025-05-21 11:54,resolved,voice,C104698,,VA-SW-FIT,Other,Normal,Voice Frontline,A3023,0,0.0,,,N,"money debited but order not shwoing
can someone fix this?",Auto-refund conf within 5-7 days. Issue: amount deducted without order. conf w/ payment gateway. (SOP 3.1) ~Farah,legacy_fd
TK-242142,2025-05-21 15:52,2025-05-21 16:58,2025-05-26 19:39,closed,email,C105136,VR903415,VA-SW-NX2,Warranty & Repair,Normal,Escalations & Warranty,A3040,0,3.0,,,N,"Hi team, the Nexa 2 purchased in April, order VR903415. Screen lights up but does nothing wehn I touch. I updated firmware. Nothing changed. Can someeone fix this? Thaanks in advance, Thomas",escalated to warranty. issue: unresponsive display. checked fw version.,helpdesk
TK-242142,2025-05-21 15:52,2025-05-21 16:58,2025-05-26 14:09,closed,email,C105136,VR903415,VA-SW-NX2,Warranty & Repair,Normal,Escalations & Warranty,A3040,0,3.0,,,N,"Hi team, the Nexa 2 purchased in April, order VR903415. Screen lights up but does nothing wehn I touch. I updated firmware. Nothing changed. Can someeone fix this? Thaanks in advance, Thomas",escalated to warranty. issue: unresponsive display. checked fw version.,legacy_fd
TK-242158,2025-05-22 11:23,2025-05-22 14:41,2025-05-22 15:16,resolved,email,C100281,,VA-EB-PL1,Connectivity,Normal,Email Frontline,A3021,0,4.0,,,N,"Pathetic experience honestly. Ordered pulse 1 3 weeks back. it connects for a second and then vanishes from the deviec list. I already restarted the phone. I want a replacement or refund, nothing else.","1. pairing failure
2. walked through forget + re-pair
3. advised fw update via app, resolved",helpdesk
TK-242158,2025-05-22 11:23,2025-05-22 14:41,2025-05-22 09:46,resolved,email,C100281,,VA-EB-PL1,Connectivity,Normal,Email Frontline,A3021,0,4.0,,,N,"Pathetic experience honestly. Ordered pulse 1 3 weeks back. it connects for a second and then vanishes from the deviec list. I already restarted the phone. I want a replacement or refund, nothing else.","1. pairing failure
2. walked through forget + re-pair
3. advised fw update via app, resolved",legacy_fd
TK-242173,2025-05-23 07:18,2025-05-23 07:20,2025-05-24 07:50,resolved,chat,C108599,VR902729,VA-SP-MINI,Returns & Refunds,Normal,Returns Desk,A3038,0,,,,N,"Fourth tiime writing abotu teh same thing.
Product: orbbit minni
Purchased: Marh 30
Issue: the return was accepted but the amount is nowhere in my account
Tried: checked bank
Expected: resolution",recontact. Reported: refund not credited. Checked reverse pickup QC status. ARN shared with cx.,helpdesk
TK-242173,2025-05-23 07:18,2025-05-23 07:20,2025-05-24 02:20,resolved,chat,C108599,VR902729,VA-SP-MINI,Returns & Refunds,Normal,Returns Desk,A3038,0,0.0,,,N,"Fourth tiime writing abotu teh same thing.
Product: orbbit minni
Purchased: Marh 30
Issue: the return was accepted but the amount is nowhere in my account
Tried: checked bank
Expected: resolution",recontact. Reported: refund not credited. Checked reverse pickup QC status. ARN shared with cx.,legacy_fd
TK-242178,2025-05-23 09:56,2025-05-23 10:38,2025-05-23 10:58,resolved,voice,C109164,VR895151,VA-SP-MINI,Other,Normal,Voice Frontline,A3024,0,5.0,,,N,[IVR transcript] i have been a loyal customer and this is how you treat me. bought orbit mini around 09 may from flipkart. i moved houses yesterday and the order is going to the old flat. i already tried editing in app. this is the last time i buy from you.,"address change request | updated address w/ crr -> already dispatched, adv to reddirect w/ crr",helpdesk
TK-242178,2025-05-23 09:56,2025-05-23 10:38,2025-05-23 05:28,resolved,voice,C109164,VR895151,VA-SP-MINI,Other,Normal,Voice Frontline,A3024,0,5.0,,,N,[IVR transcript] i have been a loyal customer and this is how you treat me. bought orbit mini around 09 may from flipkart. i moved houses yesterday and the order is going to the old flat. i already tried editing in app. this is the last time i buy from you.,"address change request | updated address w/ crr -> already dispatched, adv to reddirect w/ crr",legacy_fd
TK-242187,2025-05-23 14:20,2025-05-23 18:00,2025-05-23 18:26,resolved,social,C107283,,VA-HP-ST2,Delivery & Shipping,High,Logistics,A3029,0,4.0,,,Y,"hey
product arrived damaged","ticket raised for unit rcvd damaged. chk w/ crr for damage claim. rplc raised, rma shared w/ cx. cx satisfied on chat. [closed]",helpdesk
TK-242187,2025-05-23 14:20,2025-05-23 18:00,2025-05-23 12:56,resolved,social,C107283,,VA-HP-ST2,Delivery & Shipping,High,Logistics,A3029,0,4.0,,,Y,"hey
product arrived damaged","ticket raised for unit rcvd damaged. chk w/ crr for damage claim. rplc raised, rma shared w/ cx. cx satisfied on chat. [closed]",legacy_fd
TK-242197,2025-05-24 11:33,2025-05-24 14:45,2025-05-29 16:48,resolved,email,C102875,VR898577,VA-EB-AIR,Charging & Battery,Low,Email Frontline,A3040,1,,,,Y,"team,
the l bud is basically a paperweight now, r is fine
kal se
the airlite buds
urgent","replacement approved, reverse pickup arranged. issue: left earbud not taking charge. walked through factory reset. via escalations & warranty.",helpdesk
TK-242197,2025-05-24 11:33,2025-05-24 14:45,2025-05-29 11:18,resolved,email,C102875,VR898577,VA-EB-AIR,Charging & Battery,Low,Email Frontline,A3040,1,0.0,,,Y,"team,
the l bud is basically a paperweight now, r is fine
kal se
the airlite buds
urgent","replacement approved, reverse pickup arranged. issue: left earbud not taking charge. walked through factory reset. via escalations & warranty.",legacy_fd
TK-242201,2025-05-24 15:59,2025-05-24 16:02,2025-05-24 16:15,resolved,chat,C105499,VR891230,VA-HP-ST3,Other,Normal,Chat Frontline,A3008,0,,,,N,"Product: the strata 3
Order: VR891230
Purchased: 14 May
Issue: update my shipping address
Tried: tired editing in app
Expected: replacement",address updated. issue: address change request. chk dispatch status.,helpdesk
TK-242201,2025-05-24 15:59,2025-05-24 16:02,2025-05-24 10:45,resolved,chat,C105499,VR891230,VA-HP-ST3,Other,Normal,Chat Frontline,A3008,0,0.0,,,N,"Product: the strata 3
Order: VR891230
Purchased: 14 May
Issue: update my shipping address
Tried: tired editing in app
Expected: replacement",address updated. issue: address change request. chk dispatch status.,legacy_fd
TK-242220,2025-05-25 12:07,2025-05-25 12:09,2025-05-25 12:19,resolved,chat,C100039,,VA-HP-ST2,Other,Low,Chat Frontline,A3011,0,,,,N,I moved houses yesterday and the order is going to the old flat,resolved on call,helpdesk
TK-242220,2025-05-25 12:07,2025-05-25 12:09,2025-05-25 06:49,resolved,chat,C100039,,VA-HP-ST2,Other,Low,Chat Frontline,A3011,0,0.0,,,N,I moved houses yesterday and the order is going to the old flat,resolved on call,legacy_fd
TK-242225,2025-05-25 15:31,2025-05-25 15:42,2025-05-25 16:00,resolved,voice,C104587,VR889776,VA-SP-ORB,App & Firmware,Normal,Voice Frontline,A3026,0,,,,N,"[IVR transcript] Dear Sir/Madam, Bought Orbit speaker around 15/04 from vireo.in. Can't get past teh loading screen in the app. I reinstalled the app. Nothnig changed. I am losing patience. Need tihs sorted thsi week. Thanks in advance,","cx states app crash on device page. asked for phone model + os. bug logged, workaround shared. ~Vihaan",helpdesk
TK-242225,2025-05-25 15:31,2025-05-25 15:42,2025-05-25 10:30,resolved,voice,C104587,VR889776,VA-SP-ORB,App & Firmware,Normal,Voice Frontline,A3026,0,0.0,,,N,"[IVR transcript] Dear Sir/Madam, Bought Orbit speaker around 15/04 from vireo.in. Can't get past teh loading screen in the app. I reinstalled the app. Nothnig changed. I am losing patience. Need tihs sorted thsi week. Thanks in advance,","cx states app crash on device page. asked for phone model + os. bug logged, workaround shared. ~Vihaan",legacy_fd
TK-242231,2025-05-25 21:47,2025-05-25 23:17,,open,social,C108891,,VA-SP-MINI,Delivery & Shipping,Normal,Logistics,A3030,0,3.0,,,N,I haven't received my order,Reported: order not delivered. Raisde ticket with courier partner. Refund initiated as lost in transit.,helpdesk
TK-242231,2025-05-25 21:47,2025-05-25 23:17,,open,social,C108891,,VA-SP-MINI,Delivery & Shipping,Normal,Logistics,A3030,0,3.0,,,N,I haven't received my order,Reported: order not delivered. Raisde ticket with courier partner. Refund initiated as lost in transit.,legacy_fd
TK-242238,2025-05-26 14:29,2025-05-26 14:41,2025-05-26 15:10,resolved,chat,C104303,VR892639,VA-SP-MINI,Connectivity,Normal,Chat Frontline,A3009,0,3.0,,,N,audio keeps disconnecting every few minutes,replacement raised. issue: bt dropouts. checked interference sources.,helpdesk
TK-242238,2025-05-26 14:29,2025-05-26 14:41,2025-05-26 09:40,resolved,chat,C104303,VR892639,VA-SP-MINI,Connectivity,Normal,Chat Frontline,A3009,0,3.0,,,N,audio keeps disconnecting every few minutes,replacement raised. issue: bt dropouts. checked interference sources.,legacy_fd
TK-242239,2025-05-26 15:46,2025-05-26 17:45,2025-05-28 17:58,resolved,social,C109075,VR908677,VA-HP-ST2,Returns & Refunds,Normal,Returns Desk,A3037,0,3.0,800.0,RETURN-QC-OK,N,"hey
nobody came for the pickup
hello??","1. pkp missed
2. Re-raised pkp w/ crr
3. Refund of Rs 800 initiated to source",helpdesk
TK-242239,2025-05-26 15:46,2025-05-26 17:45,2025-05-28 12:28,resolved,social,C109075,VR908677,VA-HP-ST2,Returns & Refunds,Normal,Returns Desk,A3037,0,3.0,800.0,RETURN-QC-OK,N,"hey
nobody came for the pickup
hello??","1. pkp missed
2. Re-raised pkp w/ crr
3. Refund of Rs 800 initiated to source",legacy_fd
TK-242250,2025-05-27 07:18,2025-05-27 07:23,2025-05-27 07:34,resolved,chat,C100647,VR887514,VA-EB-AIR,Other,Normal,Chat Frontline,A3011,0,4.0,,,N,"Dear Sir/Madam,

I am writng with reference to my order of airlite earbuds (VR887514) placed on May 16. Want to cancel my order. I have tried cancel button, greyed out. I request u to kindly arrange a replacement.

Regards,
Joseph Bansal
Hyderabad",cx ok,helpdesk
TK-242250,2025-05-27 07:18,2025-05-27 07:23,2025-05-27 02:04,resolved,chat,C100647,VR887514,VA-EB-AIR,Other,Normal,Chat Frontline,A3011,0,4.0,,,N,"Dear Sir/Madam,

I am writng with reference to my order of airlite earbuds (VR887514) placed on May 16. Want to cancel my order. I have tried cancel button, greyed out. I request u to kindly arrange a replacement.

Regards,
Joseph Bansal
Hyderabad",cx ok,legacy_fd
TK-242252,2025-05-27 09:50,2025-05-27 10:11,2025-05-27 10:46,resolved,social,C102000,,VA-NB-ARC,Audio Quality,Normal,Chat Frontline,A3006,0,,195.0,GW-OTHER,N,"hey
right earbud completely silent",Refund of Rs 195 initiated to source. Issue: no audio one side. Asked cx to check bud in case. -TS,helpdesk
TK-242252,2025-05-27 09:50,2025-05-27 10:11,2025-05-27 05:16,resolved,social,C102000,,VA-NB-ARC,Audio Quality,Normal,Chat Frontline,A3006,0,0.0,195.0,GW-OTHER,N,"hey
right earbud completely silent",Refund of Rs 195 initiated to source. Issue: no audio one side. Asked cx to check bud in case. -TS,legacy_fd
TK-242255,2025-05-27 11:15,2025-05-27 12:01,2025-05-27 12:13,resolved,voice,C102564,VR903802,VA-SP-MINI,Other,Normal,Voice Frontline,A3023,0,,,,N,[IVR transcript] Not accpetable at this price. Ordered Orbit Mini in May. is Orbit Mini compatible with my TV. Escalate this to someone senior,Query answered. Issue: product enquiry. Shared compatibility info. ~Farah,helpdesk
TK-242255,2025-05-27 11:15,2025-05-27 12:01,2025-05-27 06:43,resolved,voice,C102564,VR903802,VA-SP-MINI,Other,Normal,Voice Frontline,A3023,0,0.0,,,N,[IVR transcript] Not accpetable at this price. Ordered Orbit Mini in May. is Orbit Mini compatible with my TV. Escalate this to someone senior,Query answered. Issue: product enquiry. Shared compatibility info. ~Farah,legacy_fd
TK-242268,2025-05-27 23:56,2025-05-28 00:27,2025-05-28 00:47,resolved,chat,C101545,,VA-EB-AIR,Billing & Payments,Normal,Billing,A3018,1,,,,N,"Dear team, This is regarding AirLite. Need GST invoice for my order. What do I do now? Thanks",Reported: invoice not downloading. Regenerated invoice. xfer to Email Frontline. GST invoice regenerated & shared. (SOP 5.4) ~Sukhwinder,helpdesk
TK-242268,2025-05-27 23:56,2025-05-28 00:27,2025-05-27 19:17,resolved,chat,C101545,,VA-EB-AIR,Billing & Payments,Normal,Billing,A3018,1,0.0,,,N,"Dear team, This is regarding AirLite. Need GST invoice for my order. What do I do now? Thanks",Reported: invoice not downloading. Regenerated invoice. xfer to Email Frontline. GST invoice regenerated & shared. (SOP 5.4) ~Sukhwinder,legacy_fd
TK-242272,2025-05-28 08:38,2025-05-28 08:39,2025-06-02 08:52,closed,chat,C100039,VR906478,VA-HP-ST2,Delivery & Shipping,Low,Logistics,A3030,0,,,,N,"To the Vireo Customer Care Team,

I am writing with reference to my order of my Strata 2 headphones placed on 21 May. It has been 14 days and I have nothing in hand. I have checked the tracking page daily. I request you to provide a resolution within 3 working days.

Regards,
Aishwarya Qureshi
Visakhapatnam",Cx reported shipment not received. Raised ticket with courier partner. Refund initiated as lost in transit.,helpdesk
TK-242272,2025-05-28 08:38,2025-05-28 08:39,2025-06-02 03:22,closed,chat,C100039,VR906478,VA-HP-ST2,Delivery & Shipping,Low,Logistics,A3030,0,0.0,,,N,"To the Vireo Customer Care Team,

I am writing with reference to my order of my Strata 2 headphones placed on 21 May. It has been 14 days and I have nothing in hand. I have checked the tracking page daily. I request you to provide a resolution within 3 working days.

Regards,
Aishwarya Qureshi
Visakhapatnam",Cx reported shipment not received. Raised ticket with courier partner. Refund initiated as lost in transit.,legacy_fd
TK-242281,2025-05-28 15:11,2025-05-28 16:35,2025-05-31 19:10,resolved,social,C105829,VR896420,VA-SW-NX2,Warranty & Repair,Normal,Escalations & Warranty,A3044,0,,,,Y,"Dear Sir/Madam,

I am writing with reference to my order of Nexa 2 placed on 27/01. Watch not responding to touch. I have cleaned screen. I rquest you to kindly arrange a replacement.

Sincerely,
Rahul Sethi","Customer states touch issue. Walked through hard reset. rplc approved, reverse pkp arranged.",helpdesk
TK-242281,2025-05-28 15:11,2025-05-28 16:35,2025-05-31 13:40,resolved,social,C105829,VR896420,VA-SW-NX2,Warranty & Repair,Normal,Escalations & Warranty,A3044,0,0.0,,,Y,"Dear Sir/Madam,

I am writing with reference to my order of Nexa 2 placed on 27/01. Watch not responding to touch. I have cleaned screen. I rquest you to kindly arrange a replacement.

Sincerely,
Rahul Sethi","Customer states touch issue. Walked through hard reset. rplc approved, reverse pkp arranged.",legacy_fd
TK-242283,2025-05-28 16:58,2025-05-28 17:04,2025-06-11 18:14,resolved,voice,C105417,VR885844,VA-NB-ARC,Connectivity,Normal,Voice Frontline,A3043,1,,,,N,I have been a loyal customer and this is how you treat me. Thsi is regarding Arc neckband. keeps losing my phone if I walk to the othre room. I already turnde off wifi. This is the last time I buy from you.,"issue: connection dropping | chk interference sources -> adv, cx will monitor | xfer escalations & wty",helpdesk
TK-242283,2025-05-28 16:58,2025-05-28 17:04,2025-06-11 12:44,resolved,voice,C105417,VR885844,VA-NB-ARC,Connectivity,Normal,Voice Frontline,A3043,1,0.0,,,N,I have been a loyal customer and this is how you treat me. Thsi is regarding Arc neckband. keeps losing my phone if I walk to the othre room. I already turnde off wifi. This is the last time I buy from you.,"issue: connection dropping | chk interference sources -> adv, cx will monitor | xfer escalations & wty",legacy_fd
TK-242286,2025-05-28 17:27,2025-05-28 18:02,2025-05-28 18:31,resolved,voice,C101760,VR895792,VA-SW-NX1,Other,Normal,Voice Frontline,A3026,0,,2374.0,DUP-PAYMENT,N,[IVR transcript] I am losing patience. This is teh second time I am writing about this. Got Nexa watch from vireo.in a month ago. pament went through but I got no order id. I already checked bank statement. Refund. Now.,cx says was told fixed last time. cx: amount deducted without order | chk pg dashboard for txn -> refund of rs 2374 initiated to source ~Vihaan,helpdesk
TK-242286,2025-05-28 17:27,2025-05-28 18:02,2025-05-28 13:01,resolved,voice,C101760,VR895792,VA-SW-NX1,Other,Normal,Voice Frontline,A3026,0,0.0,2374.0,DUP-PAYMENT,N,[IVR transcript] I am losing patience. This is teh second time I am writing about this. Got Nexa watch from vireo.in a month ago. pament went through but I got no order id. I already checked bank statement. Refund. Now.,cx says was told fixed last time. cx: amount deducted without order | chk pg dashboard for txn -> refund of rs 2374 initiated to source ~Vihaan,legacy_fd
TK-242288,2025-05-28 17:59,2025-05-28 19:46,2025-05-28 20:06,resolved,email,C103808,,VA-SP-ORB,Connectivity,Normal,Email Frontline,A3019,0,2.0,,,N,"Hello Vireo, Bought the Orbit smart speaker around 19-12-2024 from Amazon. It connects for a second and then vanishes from the device list. I restarted the phone. Nothing changed. Please call me on my registered number. Awaiting response, Sukhwinder Khanna","repeat contact - previous fix did not hold. cx: device not discoverable | asked cx to reset the device -> reset done, paired ok ~Kavya",helpdesk
TK-242288,2025-05-28 17:59,2025-05-28 19:46,2025-05-28 14:36,resolved,email,C103808,,VA-SP-ORB,Connectivity,Normal,Email Frontline,A3019,0,2.0,,,N,"Hello Vireo, Bought the Orbit smart speaker around 19-12-2024 from Amazon. It connects for a second and then vanishes from the device list. I restarted the phone. Nothing changed. Please call me on my registered number. Awaiting response, Sukhwinder Khanna","repeat contact - previous fix did not hold. cx: device not discoverable | asked cx to reset the device -> reset done, paired ok ~Kavya",legacy_fd
TK-242294,2025-05-29 08:23,2025-05-29 09:51,2025-05-29 10:06,resolved,email,C103042,VR900410,VA-EB-AIR,App & Firmware,Normal,Email Frontline,A3020,0,5.0,,,N,"hi, ordered the airlite buds 3 weeks back. bluetooth pairing fails every time. i forgot the device and tried again. i want my money back. thanks,","contact re pairing failure. walked through forget + re-pair. advised fw update via app, resolved.",helpdesk
TK-242294,2025-05-29 08:23,2025-05-29 09:51,2025-05-29 04:36,resolved,email,C103042,VR900410,VA-EB-AIR,App & Firmware,Normal,Email Frontline,A3020,0,5.0,,,N,"hi, ordered the airlite buds 3 weeks back. bluetooth pairing fails every time. i forgot the device and tried again. i want my money back. thanks,","contact re pairing failure. walked through forget + re-pair. advised fw update via app, resolved.",legacy_fd
TK-242300,2025-05-29 13:37,2025-05-29 13:47,2025-05-31 14:13,resolved,chat,C102863,VR906825,VA-SW-FIT,Returns & Refunds,Normal,Returns Desk,A3036,0,,,,N,"hi
i have been sitting at home for 3 days waiting for your courier
nexa fit vr906825
??","Contact re reverse pickup pending. Checked pickup AWB. Pickup done, refund initiated. Will monitor.",helpdesk
TK-242300,2025-05-29 13:37,2025-05-29 13:47,2025-05-31 08:43,resolved,chat,C102863,VR906825,VA-SW-FIT,Returns & Refunds,Normal,Returns Desk,A3036,0,0.0,,,N,"hi
i have been sitting at home for 3 days waiting for your courier
nexa fit vr906825
??","Contact re reverse pickup pending. Checked pickup AWB. Pickup done, refund initiated. Will monitor.",legacy_fd
TK-242301,2025-05-29 13:48,2025-05-29 17:03,2025-05-29 17:24,resolved,email,C104214,VR903368,VA-SW-NX2,Billing & Payments,Normal,Billing,A3033,0,4.0,975.0,DUP-PAYMENT,N,Not what I expected from Vireo.  Ordered the Nexa 2 10 days ago. my bank says Rs 3499 went to you but ur site says I have no orders. I already tried logging out & in. This is the last time I buy from you.,see prev ~Diya,helpdesk
TK-242301,2025-05-29 13:48,2025-05-29 17:03,2025-05-29 11:54,resolved,email,C104214,VR903368,VA-SW-NX2,Billing & Payments,Normal,Billing,A3033,0,4.0,975.0,DUP-PAYMENT,N,Not what I expected from Vireo.  Ordered the Nexa 2 10 days ago. my bank says Rs 3499 went to you but ur site says I have no orders. I already tried logging out & in. This is the last time I buy from you.,see prev ~Diya,legacy_fd
TK-242302,2025-05-29 16:44,2025-05-29 16:53,2025-05-29 17:17,resolved,chat,C109164,,VA-SP-MINI,Other,Normal,Chat Frontline,A3034,0,,450.0,DUP-PAYMENT,N,"hello vireo, same issue, third ticket.  bought the mini speaker around 05 apr from amazon. two entries of rs 4999 on my statement for one pair of earbuds. i waited a week. nothing changed. please advise. awaiting response,","cx states prior ticket for same issue. 1. Duplicate payment
2. Confirmed UTRs
3. Refund of Rs 450 initiated to source -MM",helpdesk
TK-242302,2025-05-29 16:44,2025-05-29 16:53,2025-05-29 11:47,resolved,chat,C109164,,VA-SP-MINI,Other,Normal,Chat Frontline,A3034,0,0.0,450.0,DUP-PAYMENT,N,"hello vireo, same issue, third ticket.  bought the mini speaker around 05 apr from amazon. two entries of rs 4999 on my statement for one pair of earbuds. i waited a week. nothing changed. please advise. awaiting response,","cx states prior ticket for same issue. 1. Duplicate payment
2. Confirmed UTRs
3. Refund of Rs 450 initiated to source -MM",legacy_fd
TK-242308,2025-05-29 20:41,2025-05-29 21:07,2025-05-29 21:28,resolved,voice,C104920,VR884370,VA-SW-NX2,App & Firmware,Normal,Voice Frontline,A3026,0,,,,N,Pathetic experience honestly. Again the same thing. I bought the Nexa 2 on 20 Feb. firmware update stuck for 2 hours. I already restarted the app. Escalate this to someone senior.,cx reported update hang. walked through recovery mode. rplc raised (bricked). ~Vihaan,helpdesk
TK-242308,2025-05-29 20:41,2025-05-29 21:07,2025-05-29 15:58,resolved,voice,C104920,VR884370,VA-SW-NX2,App & Firmware,Normal,Voice Frontline,A3026,0,0.0,,,N,Pathetic experience honestly. Again the same thing. I bought the Nexa 2 on 20 Feb. firmware update stuck for 2 hours. I already restarted the app. Escalate this to someone senior.,cx reported update hang. walked through recovery mode. rplc raised (bricked). ~Vihaan,legacy_fd
TK-242320,2025-05-30 15:00,2025-05-30 18:37,2025-05-30 19:10,resolved,social,C100996,VR890094,VA-SW-NX2,Connectivity,High,Chat Frontline,A3014,0,,,,N,"raised this 3 weeks ago and was told it was resolved.  my nexa 2 watch purchased last week, order vr890094. app crashes when i open device settings. i updated phone. how do i get this fixed? thank u","ticket raised for app not opening. known issue on ios 18 - bug logged. cleared cache, resolved. -MI",helpdesk
TK-242320,2025-05-30 15:00,2025-05-30 18:37,2025-05-30 13:40,resolved,social,C100996,VR890094,VA-SW-NX2,Connectivity,High,Chat Frontline,A3014,0,0.0,,,N,"raised this 3 weeks ago and was told it was resolved.  my nexa 2 watch purchased last week, order vr890094. app crashes when i open device settings. i updated phone. how do i get this fixed? thank u","ticket raised for app not opening. known issue on ios 18 - bug logged. cleared cache, resolved. -MI",legacy_fd
TK-242321,2025-05-30 15:29,2025-05-30 15:42,2025-06-11 22:35,closed,chat,C103205,,VA-SW-NX1,Warranty & Repair,Normal,Escalations & Warranty,A3044,0,,,,N,no update on my repair - please call me on my registered number,"Cx updated, ETA shared. Issue: warranty claim status. chk QC report.",helpdesk
TK-242321,2025-05-30 15:29,2025-05-30 15:42,2025-06-11 17:05,closed,chat,C103205,,VA-SW-NX1,Warranty & Repair,Normal,Escalations & Warranty,A3044,0,0.0,,,N,no update on my repair - please call me on my registered number,"Cx updated, ETA shared. Issue: warranty claim status. chk QC report.",legacy_fd
TK-242326,2025-05-30 16:50,2025-05-30 18:48,2025-05-30 19:25,resolved,social,C107580,,VA-NB-ARC,Charging & Battery,Normal,Chat Frontline,A3008,0,,,,N,i hae been a loyal customer and this is how you treat me. i bought arc neckband on 11 apr. battery backup is terrible now. i already turned off always-on display. escalate this to someone senior.,cx: poor battery backup | chk usage pattern w/ cx -> escalated to wty,helpdesk
TK-242326,2025-05-30 16:50,2025-05-30 18:48,2025-05-30 13:55,resolved,social,C107580,,VA-NB-ARC,Charging & Battery,Normal,Chat Frontline,A3008,0,0.0,,,N,i hae been a loyal customer and this is how you treat me. i bought arc neckband on 11 apr. battery backup is terrible now. i already turned off always-on display. escalate this to someone senior.,cx: poor battery backup | chk usage pattern w/ cx -> escalated to wty,legacy_fd
TK-242329,2025-05-30 17:58,2025-05-30 21:24,2025-06-09 23:24,closed,email,C103690,VR888142,VA-HP-ST3,Audio Quality,Normal,Email Frontline,A3043,1,2.0,,,N,"Dear Sir/Madam,

I am writing w/ reference to my order of my Strata 3 headphones (VR888142) placed on May 02. Mic not working on calls. I have tried different apps. I request you to provide a resolution within 3 working days.

Sincerely,
Priya Tiwari",re: mic not working on calls | tested on call with cx -> fw update advised | xfer escalations & warranty,helpdesk
TK-242329,2025-05-30 17:58,2025-05-30 21:24,2025-06-09 17:54,closed,email,C103690,VR888142,VA-HP-ST3,Audio Quality,Normal,Email Frontline,A3043,1,2.0,,,N,"Dear Sir/Madam,

I am writing w/ reference to my order of my Strata 3 headphones (VR888142) placed on May 02. Mic not working on calls. I have tried different apps. I request you to provide a resolution within 3 working days.

Sincerely,
Priya Tiwari",re: mic not working on calls | tested on call with cx -> fw update advised | xfer escalations & warranty,legacy_fd
TK-242353,2025-05-31 22:02,2025-06-01 00:00,2025-06-01 00:10,closed,email,C104594,,VA-SW-FIT,Other,Low,Email Frontline,A3017,0,,,,N,"helo
i moved houses yesterday and the order is going to the old flat
the fit band",- ~Kabir,helpdesk
TK-242353,2025-05-31 22:02,2025-06-01 00:00,2025-05-31 18:40,closed,email,C104594,,VA-SW-FIT,Other,Low,Email Frontline,A3017,0,0.0,,,N,"helo
i moved houses yesterday and the order is going to the old flat
the fit band",- ~Kabir,legacy_fd
TK-242364,2025-06-02 06:28,2025-06-02 06:29,2025-06-03 06:51,closed,chat,C104121,VR881642,VA-SP-ORB,Returns & Refunds,Normal,Returns Desk,A3036,0,,,,N,"hey, my orbit purchased last week, order vr881642. nobody came for the pickup. i rescheduled pickup twice. nothing changed. kindly look into it. please revert, kavya sethi",Cust contacted re reverse pickup pending. Checked pickup AWB. Refund processed without pickup as goodwill. Cx informed.,helpdesk
TK-242364,2025-06-02 06:28,2025-06-02 06:29,2025-06-03 01:21,closed,chat,C104121,VR881642,VA-SP-ORB,Returns & Refunds,Normal,Returns Desk,A3036,0,0.0,,,N,"hey, my orbit purchased last week, order vr881642. nobody came for the pickup. i rescheduled pickup twice. nothing changed. kindly look into it. please revert, kavya sethi",Cust contacted re reverse pickup pending. Checked pickup AWB. Refund processed without pickup as goodwill. Cx informed.,legacy_fd
TK-242371,2025-06-02 12:03,2025-06-02 12:44,2025-06-02 12:58,resolved,voice,C107888,,VA-SP-ORB,Connectivity,Normal,Voice Frontline,A3023,0,3.0,,,N,keeps losing my phone if i walk to the other room. i want a replacement,see prev (SOP 5.4) ~Farah,helpdesk
TK-242371,2025-06-02 12:03,2025-06-02 12:44,2025-06-02 07:28,resolved,voice,C107888,,VA-SP-ORB,Connectivity,Normal,Voice Frontline,A3023,0,3.0,,,N,keeps losing my phone if i walk to the other room. i want a replacement,see prev (SOP 5.4) ~Farah,legacy_fd
TK-242385,2025-06-03 05:49,2025-06-03 10:34,2025-06-03 11:06,resolved,email,C100652,VR886797,VA-EB-PL1,Charging & Battery,Normal,Email Frontline,A3022,0,2.0,,,N,"Hi, Got Pulse earbuds from vireo.in recently. Goes from full to epmty during one commute. Kindly look into it.","cx says battery draining fast. checked usage pattern with cx. advised settings change, cx satisfied. will monitor. -YM",helpdesk
TK-242385,2025-06-03 05:49,2025-06-03 10:34,2025-06-03 05:36,resolved,email,C100652,VR886797,VA-EB-PL1,Charging & Battery,Normal,Email Frontline,A3022,0,2.0,,,N,"Hi, Got Pulse earbuds from vireo.in recently. Goes from full to epmty during one commute. Kindly look into it.","cx says battery draining fast. checked usage pattern with cx. advised settings change, cx satisfied. will monitor. -YM",legacy_fd
TK-242386,2025-06-03 10:11,2025-06-03 17:47,2025-06-03 17:59,resolved,email,C102786,VR894585,VA-SW-NX1,Other,Normal,Email Frontline,A3019,0,,8498.0,CANCEL,N,"change of mind, please stop the shipment
VR894585
i want a replacement","order cancellation | checked shipment status -> refund approved, rs 8498, 5-7 working days ~Kavya",helpdesk
TK-242386,2025-06-03 10:11,2025-06-03 17:47,2025-06-03 12:29,resolved,email,C102786,VR894585,VA-SW-NX1,Other,Normal,Email Frontline,A3019,0,0.0,8498.0,CANCEL,N,"change of mind, please stop the shipment
VR894585
i want a replacement","order cancellation | checked shipment status -> refund approved, rs 8498, 5-7 working days ~Kavya",legacy_fd
TK-242389,2025-06-03 11:50,2025-06-03 11:51,2025-06-03 12:30,resolved,chat,C103781,VR898214,VA-EB-PL1,Billing & Payments,Normal,Billing,A3034,0,,,,N,very poor quality.  ordreed the pulse buds recently. payment went through but i got no order id. i already tried logging out and in. refund. now.,"cx: payment debited, no order | confirmed with payment gateway -> order manually created",helpdesk
TK-242389,2025-06-03 11:50,2025-06-03 11:51,2025-06-03 07:00,resolved,chat,C103781,VR898214,VA-EB-PL1,Billing & Payments,Normal,Billing,A3034,0,0.0,,,N,very poor quality.  ordreed the pulse buds recently. payment went through but i got no order id. i already tried logging out and in. refund. now.,"cx: payment debited, no order | confirmed with payment gateway -> order manually created",legacy_fd
TK-242399,2025-06-04 01:54,2025-06-04 01:57,2025-06-04 02:06,resolved,chat,C108368,VR887262,VA-HP-ST3,Billing & Payments,High,Billing,A3033,0,3.0,,,N,"Following up on my earlier complaint - nothing has changed.  the strata 3 purchased around Diwali, order VR887262. Your ad said 20% off and the crt says full price.
I tried in caps.
Can someone fix this?","cx unhappy, contacted earlier re same. advised coupon terms, resolved ~Diya",helpdesk
TK-242399,2025-06-04 01:54,2025-06-04 01:57,2025-06-03 20:36,resolved,chat,C108368,VR887262,VA-HP-ST3,Billing & Payments,High,Billing,A3033,0,3.0,,,N,"Following up on my earlier complaint - nothing has changed.  the strata 3 purchased around Diwali, order VR887262. Your ad said 20% off and the crt says full price.
I tried in caps.
Can someone fix this?","cx unhappy, contacted earlier re same. advised coupon terms, resolved ~Diya",legacy_fd
TK-242413,2025-06-04 22:37,2025-06-04 22:46,2025-06-04 23:10,resolved,chat,C107888,,VA-SP-ORB,Returns & Refunds,Normal,Returns Desk,A3038,0,,5999.0,RETURN-QC-OK,N,refund was promised 15 days ago and nothing. kindly look into it,Reported: refund pending. Checked reverse pickup QC status. Refunded Rs 5999.,helpdesk
TK-242413,2025-06-04 22:37,2025-06-04 22:46,2025-06-04 17:40,resolved,chat,C107888,,VA-SP-ORB,Returns & Refunds,Normal,Returns Desk,A3038,0,0.0,5999.0,RETURN-QC-OK,N,refund was promised 15 days ago and nothing. kindly look into it,Reported: refund pending. Checked reverse pickup QC status. Refunded Rs 5999.,legacy_fd
TK-242420,2025-06-05 11:32,2025-06-05 22:30,2025-06-05 23:09,resolved,email,C101182,VR883247,VA-EB-AIR,Charging & Battery,Normal,Email Frontline,A3003,0,4.0,,,Y,"Namaste,
Got the AirLite buds from vireo.in last week. The promised 30 hours is nowhere close, I get maybe 2.
I turned off always-on display. Nothing changed.
Please resolve asap.
Thank you Kabir","Ticket raised for poor battery backup. Advised disabling ANC/AOD to test. FW update pushed, advised to monitor. Follow-up not required. //ROH",helpdesk
TK-242420,2025-06-05 11:32,2025-06-05 22:30,2025-06-05 17:39,resolved,email,C101182,VR883247,VA-EB-AIR,Charging & Battery,Normal,Email Frontline,A3003,0,4.0,,,Y,"Namaste,
Got the AirLite buds from vireo.in last week. The promised 30 hours is nowhere close, I get maybe 2.
I turned off always-on display. Nothing changed.
Please resolve asap.
Thank you Kabir","Ticket raised for poor battery backup. Advised disabling ANC/AOD to test. FW update pushed, advised to monitor. Follow-up not required. //ROH",legacy_fd
TK-242428,2025-06-05 17:22,2025-06-05 20:40,2025-06-05 21:01,resolved,email,C104737,VR897818,VA-EB-PL1,Charging & Battery,Low,Email Frontline,A3021,0,,,,N,"I bought pulse 1 on 30/01. The promised 40 hours is nowhere close, I get maybe 2.
I updated the app. Nothing changed.
Please advise.
Thanks Reyansh","customer states battery draining fast. advised disabling anc/aod to test. advised settings change, cx satisfied.",helpdesk
TK-242428,2025-06-05 17:22,2025-06-05 20:40,2025-06-05 15:31,resolved,email,C104737,VR897818,VA-EB-PL1,Charging & Battery,Low,Email Frontline,A3021,0,0.0,,,N,"I bought pulse 1 on 30/01. The promised 40 hours is nowhere close, I get maybe 2.
I updated the app. Nothing changed.
Please advise.
Thanks Reyansh","customer states battery draining fast. advised disabling anc/aod to test. advised settings change, cx satisfied.",legacy_fd
TK-242432,2025-06-05 19:26,2025-06-05 19:58,2025-06-05 20:34,closed,email,C109300,VR888173,VA-NB-ARC,Connectivity,Normal,Email Frontline,A3021,0,,,,N,"Hello Vireo, Again the same thing. Bought my Arc around 23-04-2025 frm Amazon. Not pairing with my phone. I want my money back. Regards Harpreet Ansari","cx says unable to pair with phone. walked through forget + re-pair. advised fw update via app, resolved.",helpdesk
TK-242432,2025-06-05 19:26,2025-06-05 19:58,2025-06-05 15:04,closed,email,C109300,VR888173,VA-NB-ARC,Connectivity,Normal,Email Frontline,A3021,0,0.0,,,N,"Hello Vireo, Again the same thing. Bought my Arc around 23-04-2025 frm Amazon. Not pairing with my phone. I want my money back. Regards Harpreet Ansari","cx says unable to pair with phone. walked through forget + re-pair. advised fw update via app, resolved.",legacy_fd
TK-242437,2025-06-06 09:27,2025-06-06 09:57,2025-06-09 10:14,resolved,voice,C102190,VR905013,VA-SW-NX2,Delivery & Shipping,Normal,Logistics,A3030,0,3.0,,,N,"hey
package not delivered even after 14 days
nexa 2",Contact re delivery delayed. Cnfirmed address with cx. Refund initiated as lost in transit.,helpdesk
TK-242437,2025-06-06 09:27,2025-06-06 09:57,2025-06-09 04:44,resolved,voice,C102190,VR905013,VA-SW-NX2,Delivery & Shipping,Normal,Logistics,A3030,0,3.0,,,N,"hey
package not delivered even after 14 days
nexa 2",Contact re delivery delayed. Cnfirmed address with cx. Refund initiated as lost in transit.,legacy_fd
TK-242440,2025-06-06 10:26,2025-06-06 10:33,2025-06-06 10:51,resolved,chat,C105499,VR891230,VA-HP-ST3,Connectivity,Normal,Chat Frontline,A3004,0,,,,N,"Product: my Strata 3 headphones
Order: VR891230
Purchased: 14/05
Issue: the pairing light blinks but nothing ever shws up on my iPhone
Tried: tried on another phone
Expected: fix","ticket raised for device not discoverable. checked phone os version. reset done, paired ok.",helpdesk
TK-242440,2025-06-06 10:26,2025-06-06 10:33,2025-06-06 05:21,resolved,chat,C105499,VR891230,VA-HP-ST3,Connectivity,Normal,Chat Frontline,A3004,0,0.0,,,N,"Product: my Strata 3 headphones
Order: VR891230
Purchased: 14/05
Issue: the pairing light blinks but nothing ever shws up on my iPhone
Tried: tried on another phone
Expected: fix","ticket raised for device not discoverable. checked phone os version. reset done, paired ok.",legacy_fd
TK-242442,2025-06-06 11:20,2025-06-06 11:40,2025-06-08 12:00,resolved,voice,C100454,,VA-SP-MINI,Billing & Payments,High,Billing,A3035,0,,1187.0,RETURN-QC-OK,N,Honestly regretting this purchase. I bought Orbit Mini on May 22. the return was accepted but the amount is nowhere in my account. I already emailed twice. This is the last time I buy from you,"1. Refund delay
2. Checked refund status on PG
3. Refund reprocessed",helpdesk
TK-242442,2025-06-06 11:20,2025-06-06 11:40,2025-06-08 06:30,resolved,voice,C100454,,VA-SP-MINI,Billing & Payments,High,Billing,A3035,0,0.0,1187.0,RETURN-QC-OK,N,Honestly regretting this purchase. I bought Orbit Mini on May 22. the return was accepted but the amount is nowhere in my account. I already emailed twice. This is the last time I buy from you,"1. Refund delay
2. Checked refund status on PG
3. Refund reprocessed",legacy_fd
TK-242460,2025-06-07 09:53,2025-06-07 10:51,2025-06-07 11:03,resolved,voice,C106819,VR900449,VA-SP-MINI,Audio Quality,Normal,Voice Frontline,A3024,0,3.0,,,N,"[IVR transcript] Dear team, Ordered the mini speaker last week. Buzzing sound from the speaker. I tried wired mode. Waiting for yoru reply. Thanks & regards,","issue: audio distortion | chk w/ different soure -> fw update, cx to monitor",helpdesk
TK-242460,2025-06-07 09:53,2025-06-07 10:51,2025-06-07 05:33,resolved,voice,C106819,VR900449,VA-SP-MINI,Audio Quality,Normal,Voice Frontline,A3024,0,3.0,,,N,"[IVR transcript] Dear team, Ordered the mini speaker last week. Buzzing sound from the speaker. I tried wired mode. Waiting for yoru reply. Thanks & regards,","issue: audio distortion | chk w/ different soure -> fw update, cx to monitor",legacy_fd
TK-242464,2025-06-07 11:24,2025-06-07 14:19,2025-06-07 14:49,resolved,voice,C106834,,VA-SP-ORB,Connectivity,Normal,Voice Frontline,A3023,0,4.0,,,N,Not what I expected from Vireo.  I BOUGHT THE ORBIT SMART SEAKER ON 24-01-2025. it connects for a second and then vanishes from the device list. I already tried on another phone. This is the last time I buy from you.,"cx states device not discoverable. Checked phone OS version. Reset done, paired ok. ~Farah",helpdesk
TK-242464,2025-06-07 11:24,2025-06-07 14:19,2025-06-07 09:19,resolved,voice,C106834,,VA-SP-ORB,Connectivity,Normal,Voice Frontline,A3023,0,4.0,,,N,Not what I expected from Vireo.  I BOUGHT THE ORBIT SMART SEAKER ON 24-01-2025. it connects for a second and then vanishes from the device list. I already tried on another phone. This is the last time I buy from you.,"cx states device not discoverable. Checked phone OS version. Reset done, paired ok. ~Farah",legacy_fd
TK-242468,2025-06-07 20:35,2025-06-08 00:56,2025-06-11 02:00,resolved,email,C107205,VR890601,VA-EB-PL1,Charging & Battery,High,Email Frontline,A3043,1,2.0,2499.0,GW-OTHER,N,"hii
battery draining even when not in use",issue: battery draining fast | adv disabling anc/aod to test -> esc to wty | xfer escalations & wty,helpdesk
TK-242468,2025-06-07 20:35,2025-06-08 00:56,2025-06-10 20:30,resolved,email,C107205,VR890601,VA-EB-PL1,Charging & Battery,High,Email Frontline,A3043,1,2.0,2499.0,GW-OTHER,N,"hii
battery draining even when not in use",issue: battery draining fast | adv disabling anc/aod to test -> esc to wty | xfer escalations & wty,legacy_fd
TK-242474,2025-06-08 10:06,2025-06-08 11:15,2025-06-08 11:23,resolved,email,C108411,VR891567,VA-SW-NX2,Other,Normal,Email Frontline,A3022,0,,,,N,"Really frustrating. Bought my Nexa 2 watch around 07-06-2025 from Flipkart. cancel order VR891567. I already tried cancel button, greyed out. Refund. Now.","cust contacted re cancel order. checked shipment status. already shipped, advised rto/return. follow-up not required. -YM",helpdesk
TK-242474,2025-06-08 10:06,2025-06-08 11:15,2025-06-08 05:53,resolved,email,C108411,VR891567,VA-SW-NX2,Other,Normal,Email Frontline,A3022,0,0.0,,,N,"Really frustrating. Bought my Nexa 2 watch around 07-06-2025 from Flipkart. cancel order VR891567. I already tried cancel button, greyed out. Refund. Now.","cust contacted re cancel order. checked shipment status. already shipped, advised rto/return. follow-up not required. -YM",legacy_fd
TK-242483,2025-06-09 02:46,2025-06-09 02:50,2025-06-10 03:05,resolved,chat,C106323,VR889976,VA-EB-AIR,Returns & Refunds,Normal,Returns Desk,A3036,1,3.0,,,N,"Hey,
Bought AirLite around 17/02 from vireo.in.  Nobody came for the pickup.
I called courier. Noothing changed.
Kindly look ino it.",Cust contacted re pickup missed. Checked pickup AWB. Refund processed without pickup as goodwill. Closing.,helpdesk
TK-242483,2025-06-09 02:46,2025-06-09 02:50,2025-06-09 21:35,resolved,chat,C106323,VR889976,VA-EB-AIR,Returns & Refunds,Normal,Returns Desk,A3036,1,3.0,,,N,"Hey,
Bought AirLite around 17/02 from vireo.in.  Nobody came for the pickup.
I called courier. Noothing changed.
Kindly look ino it.",Cust contacted re pickup missed. Checked pickup AWB. Refund processed without pickup as goodwill. Closing.,legacy_fd
TK-242486,2025-06-09 09:44,2025-06-09 09:50,,open,chat,C100279,VR898939,VA-SP-MINI,Other,Low,Chat Frontline,A3011,0,3.0,,,N,"hi
paid on 06-06-2025, still waiting for something to show up
urgent",done,helpdesk
TK-242486,2025-06-09 09:44,2025-06-09 09:50,,open,chat,C100279,VR898939,VA-SP-MINI,Other,Low,Chat Frontline,A3011,0,3.0,,,N,"hi
paid on 06-06-2025, still waiting for something to show up
urgent",done,legacy_fd
TK-242487,2025-06-09 10:50,2025-06-09 12:42,2025-06-09 12:56,resolved,social,C102362,,VA-SP-MINI,Product Enquiry,Normal,Chat Frontline,A3011,0,5.0,,,N,is Orbit Mini compatible with my TV. i want a replacement,closed,helpdesk
TK-242487,2025-06-09 10:50,2025-06-09 12:42,2025-06-09 07:26,resolved,social,C102362,,VA-SP-MINI,Product Enquiry,Normal,Chat Frontline,A3011,0,5.0,,,N,is Orbit Mini compatible with my TV. i want a replacement,closed,legacy_fd
TK-242491,2025-06-09 15:16,2025-06-09 15:43,2025-06-09 16:00,resolved,chat,C108179,VR899135,VA-SP-ORB,Product Enquiry,Normal,Chat Frontline,A3013,0,4.0,,,N,"Hello Vireo,
my Orbit purchased 2 weeks ago, order VR899135. My dad has an old Nokia, will the watch app run.
Please call me on my registered number.
Regards, Tanvi",cx reported product enquiry. shared spec sheet. query answered.,helpdesk
TK-242491,2025-06-09 15:16,2025-06-09 15:43,2025-06-09 10:30,resolved,chat,C108179,VR899135,VA-SP-ORB,Product Enquiry,Normal,Chat Frontline,A3013,0,4.0,,,N,"Hello Vireo,
my Orbit purchased 2 weeks ago, order VR899135. My dad has an old Nokia, will the watch app run.
Please call me on my registered number.
Regards, Tanvi",cx reported product enquiry. shared spec sheet. query answered.,legacy_fd
TK-242493,2025-06-09 16:05,2025-06-09 18:15,2025-06-12 18:39,resolved,email,C100474,VR885104,VA-SP-MINI,Returns & Refunds,Normal,Returns Desk,A3033,1,,,,N,"Dear Sir/Madam,

I am writing with reference to my order of the mini speaker (VR885104) placed on 04-06-2025. Return pickup has not happened. I have rescheduled pickup twice. I request you to process a refund to my original payment method.

Regards,
Aditya Pereira",Cx says reverse pickup pending. Checked pickup AWB. Transferred to Billing. Refund processed without pickup as goodwill. Follow-up not required. ~Diya,helpdesk
TK-242493,2025-06-09 16:05,2025-06-09 18:15,2025-06-12 13:09,resolved,email,C100474,VR885104,VA-SP-MINI,Returns & Refunds,Normal,Returns Desk,A3033,1,0.0,,,N,"Dear Sir/Madam,

I am writing with reference to my order of the mini speaker (VR885104) placed on 04-06-2025. Return pickup has not happened. I have rescheduled pickup twice. I request you to process a refund to my original payment method.

Regards,
Aditya Pereira",Cx says reverse pickup pending. Checked pickup AWB. Transferred to Billing. Refund processed without pickup as goodwill. Follow-up not required. ~Diya,legacy_fd
TK-242497,2025-06-09 18:30,2025-06-09 22:54,2025-06-09 23:27,resolved,email,C104214,VR903368,VA-SW-NX2,Billing & Payments,Normal,Billing,A3034,0,3.0,6499.0,DUP-PAYMENT,N,"Really frustrating. Same problem again. Nexa 2 purchased around Diwali, order VR903368. paid via UPI, amount deducted, no order confirmation. I already waited 24 hours. Fix this or I am posting on twitter.","1. Payment debited, no order
2. Checked PG dashboard for txn
3. Refund of Rs 6499 initiated to source -MM",helpdesk
TK-242497,2025-06-09 18:30,2025-06-09 22:54,2025-06-09 17:57,resolved,email,C104214,VR903368,VA-SW-NX2,Billing & Payments,Normal,Billing,A3034,0,3.0,6499.0,DUP-PAYMENT,N,"Really frustrating. Same problem again. Nexa 2 purchased around Diwali, order VR903368. paid via UPI, amount deducted, no order confirmation. I already waited 24 hours. Fix this or I am posting on twitter.","1. Payment debited, no order
2. Checked PG dashboard for txn
3. Refund of Rs 6499 initiated to source -MM",legacy_fd
TK-242500,2025-06-09 19:17,2025-06-09 19:33,2025-06-12 20:00,resolved,chat,C100831,,VA-HP-ST3,Returns & Refunds,High,Returns Desk,A3037,0,3.0,6999.0,RETURN-QC-OK,N,"PRODUCT: STRATA 3
PURCHASED: 17/05
ISSUE: RETURN PICKUP HAS NOT HAPPENED
TRIED: RESCHEDULED PICKUP TWICE
EXPECTED: FIX","1. Reverse pickup pending
2. Re-raised pickup with courier
3. Refund processed without pickup as goodwill",helpdesk
TK-242500,2025-06-09 19:17,2025-06-09 19:33,2025-06-12 14:30,resolved,chat,C100831,,VA-HP-ST3,Returns & Refunds,High,Returns Desk,A3037,0,3.0,6999.0,RETURN-QC-OK,N,"PRODUCT: STRATA 3
PURCHASED: 17/05
ISSUE: RETURN PICKUP HAS NOT HAPPENED
TRIED: RESCHEDULED PICKUP TWICE
EXPECTED: FIX","1. Reverse pickup pending
2. Re-raised pickup with courier
3. Refund processed without pickup as goodwill",legacy_fd
TK-242514,2025-06-10 12:38,2025-06-10 14:23,2025-06-11 14:41,resolved,email,C107472,,VA-HP-ST3,Returns & Refunds,Normal,Returns Desk,A3037,0,3.0,6999.0,RETURN-QC-OK,N,still waiting for my refund - i want a replacement,"1. Refund not credited
2. chk reverse pickup QC status
3. Refund of Rs 6999 initiated to source",helpdesk
TK-242514,2025-06-10 12:38,2025-06-10 14:23,2025-06-11 09:11,resolved,email,C107472,,VA-HP-ST3,Returns & Refunds,Normal,Returns Desk,A3037,0,3.0,6999.0,RETURN-QC-OK,N,still waiting for my refund - i want a replacement,"1. Refund not credited
2. chk reverse pickup QC status
3. Refund of Rs 6999 initiated to source",legacy_fd
TK-242518,2025-06-10 17:57,2025-06-10 18:03,2025-06-13 18:29,resolved,chat,C100174,VR893631,VA-SP-MINI,Delivery & Shipping,Normal,Logistics,A3031,0,,,,N,"HELO
THE COURIER MARKED IT DELIVERED BUT NOBODY IN MY HOUSE GOT ANYTHING
THE MNII SPEAKER
ANYONE THERE","1. ord not delivered
2. chk AWB w/ crr
3. Refund initiated as lsot in transit",helpdesk
TK-242518,2025-06-10 17:57,2025-06-10 18:03,2025-06-13 12:59,resolved,chat,C100174,VR893631,VA-SP-MINI,Delivery & Shipping,Normal,Logistics,A3031,0,0.0,,,N,"HELO
THE COURIER MARKED IT DELIVERED BUT NOBODY IN MY HOUSE GOT ANYTHING
THE MNII SPEAKER
ANYONE THERE","1. ord not delivered
2. chk AWB w/ crr
3. Refund initiated as lsot in transit",legacy_fd
TK-242527,2025-06-11 10:17,2025-06-11 14:17,2025-06-11 14:40,resolved,social,C105749,,VA-SP-ORB,Other,Normal,Chat Frontline,A3008,0,2.0,,,N,"there is a frying sound in the background of every song, kindly look into it","contact re crackling/distortion. checked w/ different source. advised eq reset, rslvd. cx satisfied on chat.",helpdesk
TK-242527,2025-06-11 10:17,2025-06-11 14:17,2025-06-11 09:10,resolved,social,C105749,,VA-SP-ORB,Other,Normal,Chat Frontline,A3008,0,2.0,,,N,"there is a frying sound in the background of every song, kindly look into it","contact re crackling/distortion. checked w/ different source. advised eq reset, rslvd. cx satisfied on chat.",legacy_fd
TK-242529,2025-06-11 13:40,2025-06-11 13:40,2025-06-18 15:58,resolved,chat,C103052,VR895310,VA-NB-ARC,Charging & Battery,Normal,Chat Frontline,A3044,1,4.0,,,N,"product: arc neckband
order: vr895310
purchased: 14 may
issue: battery draining even when not in use
tried: fully charged and discharged twice
expected: fix",Customer reached out - rapid battery drain. Checked usage pattern with cx. Transferred to Escalations & Warranty. Replacement raised after test.,helpdesk
TK-242529,2025-06-11 13:40,2025-06-11 13:40,2025-06-18 10:28,resolved,chat,C103052,VR895310,VA-NB-ARC,Charging & Battery,Normal,Chat Frontline,A3044,1,4.0,,,N,"product: arc neckband
order: vr895310
purchased: 14 may
issue: battery draining even when not in use
tried: fully charged and discharged twice
expected: fix",Customer reached out - rapid battery drain. Checked usage pattern with cx. Transferred to Escalations & Warranty. Replacement raised after test.,legacy_fd
TK-242545,2025-06-12 12:44,2025-06-12 12:46,,open,chat,C102345,,VA-EB-AIR,Delivery & Shipping,Normal,Logistics,A3027,0,3.0,,,N,"hii
package not delivered even after 17 days
airlite",see prev,helpdesk
TK-242545,2025-06-12 12:44,2025-06-12 12:46,,open,chat,C102345,,VA-EB-AIR,Delivery & Shipping,Normal,Logistics,A3027,0,3.0,,,N,"hii
package not delivered even after 17 days
airlite",see prev,legacy_fd
TK-242546,2025-06-12 12:47,2025-06-12 12:56,2025-06-12 13:25,resolved,chat,C102327,,VA-HP-ST3,Connectivity,Normal,Chat Frontline,A3012,0,5.0,,,N,"I have been a loyal customer and this is how you treat me. Ordered my Strata 3 headphones in April. keeps losing my phone if I walk to the other room. I already kept phone in hand. I want a replacement or refund, nothing else",Ticket raised for connection dropping. chk interference sources. FW update rslvd.,helpdesk
TK-242546,2025-06-12 12:47,2025-06-12 12:56,2025-06-12 07:55,resolved,chat,C102327,,VA-HP-ST3,Connectivity,Normal,Chat Frontline,A3012,0,5.0,,,N,"I have been a loyal customer and this is how you treat me. Ordered my Strata 3 headphones in April. keeps losing my phone if I walk to the other room. I already kept phone in hand. I want a replacement or refund, nothing else",Ticket raised for connection dropping. chk interference sources. FW update rslvd.,legacy_fd
TK-242556,2025-06-13 04:56,2025-06-13 05:00,2025-06-21 06:35,closed,chat,C107283,VR884367,VA-HP-ST2,Warranty & Repair,Normal,Escalations & Warranty,A3039,0,2.0,,,Y,"received damgaed product, please advise",Ticket raised for transit damage. Checked with courier for damage claim. New unit shipped under DOA. ~Vivaan,helpdesk
TK-242556,2025-06-13 04:56,2025-06-13 05:00,2025-06-21 01:05,closed,chat,C107283,VR884367,VA-HP-ST2,Warranty & Repair,Normal,Escalations & Warranty,A3039,0,2.0,,,Y,"received damgaed product, please advise",Ticket raised for transit damage. Checked with courier for damage claim. New unit shipped under DOA. ~Vivaan,legacy_fd
TK-242560,2025-06-13 13:41,2025-06-13 16:49,2025-06-18 17:02,resolved,email,C108500,VR884993,VA-EB-AIR,Delivery & Shipping,Normal,Logistics,A3029,0,,,,Y,"hi
wrong product delivered
hello??","cx says wrong item delivered. raised with warehouse. replacement raised, rma shared with cx. cx satisfied on chat.",helpdesk
TK-242560,2025-06-13 13:41,2025-06-13 16:49,2025-06-18 11:32,resolved,email,C108500,VR884993,VA-EB-AIR,Delivery & Shipping,Normal,Logistics,A3029,0,0.0,,,Y,"hi
wrong product delivered
hello??","cx says wrong item delivered. raised with warehouse. replacement raised, rma shared with cx. cx satisfied on chat.",legacy_fd
TK-242567,2025-06-13 19:45,2025-06-13 19:48,2025-06-25 21:24,closed,chat,C109244,VR894428,VA-NB-ARC,Warranty & Repair,Normal,Escalations & Warranty,A3044,0,5.0,,,Y,"the lefft one stopped charging sincce a month ago, please ressolve asap",Customer reached out - left earbud not taking charge. Asked for photo of the bud contacts. Replacement unit dispatched.,helpdesk
TK-242567,2025-06-13 19:45,2025-06-13 19:48,2025-06-25 15:54,closed,chat,C109244,VR894428,VA-NB-ARC,Warranty & Repair,Normal,Escalations & Warranty,A3044,0,5.0,,,Y,"the lefft one stopped charging sincce a month ago, please ressolve asap",Customer reached out - left earbud not taking charge. Asked for photo of the bud contacts. Replacement unit dispatched.,legacy_fd
TK-242569,2025-06-13 20:45,2025-06-13 21:26,2025-06-13 22:01,resolved,voice,C100391,VR895646,VA-SP-MINI,Connectivity,Normal,Voice Frontline,A3024,0,4.0,,,N,[IVR transcript] honnestly regretting this purchase. bought the mini speaker around march 11 from vireo.in. pairing is not working. i already tried on another phone. refund. now.,"cx: unable to pair w/ phone | walked through forget + re-pair -> adv fw update via app, rslvd",helpdesk
TK-242569,2025-06-13 20:45,2025-06-13 21:26,2025-06-13 16:31,resolved,voice,C100391,VR895646,VA-SP-MINI,Connectivity,Normal,Voice Frontline,A3024,0,4.0,,,N,[IVR transcript] honnestly regretting this purchase. bought the mini speaker around march 11 from vireo.in. pairing is not working. i already tried on another phone. refund. now.,"cx: unable to pair w/ phone | walked through forget + re-pair -> adv fw update via app, rslvd",legacy_fd
TK-242574,2025-06-14 14:19,2025-06-14 17:22,2025-06-16 17:43,resolved,email,C102670,VR908785,VA-SP-MINI,Delivery & Shipping,Normal,Logistics,A3029,0,,,,Y,the box says the mini speaker but what's inside is not what i paid for,"ticket raised for wrong item delivered. raised with warehouse. rplc raised, rma shared with cx. will monitor. [closed]",helpdesk
TK-242574,2025-06-14 14:19,2025-06-14 17:22,2025-06-16 12:13,resolved,email,C102670,VR908785,VA-SP-MINI,Delivery & Shipping,Normal,Logistics,A3029,0,0.0,,,Y,the box says the mini speaker but what's inside is not what i paid for,"ticket raised for wrong item delivered. raised with warehouse. rplc raised, rma shared with cx. will monitor. [closed]",legacy_fd
TK-242582,2025-06-14 21:44,2025-06-15 01:15,2025-06-22 02:55,resolved,email,C102819,VR880959,VA-SW-NX1,Connectivity,Normal,Email Frontline,A3041,1,,,,N,"HEY
CANNOT PAIR MY NEXA WITH MY LAPTOP
ANYONE THERE","1. Device not discoverable
2. Checked phone OS version
3. Transferred to Escalations & Warranty
4. Advised FW update via app, resolved",helpdesk
TK-242582,2025-06-14 21:44,2025-06-15 01:15,2025-06-21 21:25,resolved,email,C102819,VR880959,VA-SW-NX1,Connectivity,Normal,Email Frontline,A3041,1,0.0,,,N,"HEY
CANNOT PAIR MY NEXA WITH MY LAPTOP
ANYONE THERE","1. Device not discoverable
2. Checked phone OS version
3. Transferred to Escalations & Warranty
4. Advised FW update via app, resolved",legacy_fd
TK-242588,2025-06-15 10:21,2025-06-15 10:22,2025-06-15 11:10,closed,chat,C105394,VR891041,VA-EB-AIR,Audio Quality,Normal,Chat Frontline,A3006,0,4.0,,,Y,one of them is just decoration at this point,"Replacement raised, RMA shared with cx. Issue: single side audio only. Walked through reset. -TS",helpdesk
TK-242588,2025-06-15 10:21,2025-06-15 10:22,2025-06-15 05:40,closed,chat,C105394,VR891041,VA-EB-AIR,Audio Quality,Normal,Chat Frontline,A3006,0,4.0,,,Y,one of them is just decoration at this point,"Replacement raised, RMA shared with cx. Issue: single side audio only. Walked through reset. -TS",legacy_fd
TK-242589,2025-06-15 11:22,2025-06-15 11:25,2025-06-15 11:37,resolved,chat,C100840,VR889142,VA-EB-AIR,App & Firmware,Normal,Chat Frontline,A3011,0,3.0,,,Y,"Dear Sir/Madam, airlite earbuds purchased 10 days ago, order VR889142.  App not opening after update. I cleared cache. Nothing changed. What do I do now?",done,helpdesk
TK-242589,2025-06-15 11:22,2025-06-15 11:25,2025-06-15 06:07,resolved,chat,C100840,VR889142,VA-EB-AIR,App & Firmware,Normal,Chat Frontline,A3011,0,3.0,,,Y,"Dear Sir/Madam, airlite earbuds purchased 10 days ago, order VR889142.  App not opening after update. I cleared cache. Nothing changed. What do I do now?",done,legacy_fd
TK-242590,2025-06-15 12:35,2025-06-15 21:52,,pending,email,C105361,VR888486,VA-EB-PL1,Billing & Payments,Normal,Billing,A3033,0,,,,N,"Dear Sir/Madam,

I am writing with reference to my order of my Pulse (VR888486) placed on June 01. Need the bill with my firm's GSTIN on it. I haev cheecked orders page. I request you to kindly arrnage a replacement.

Sincerely,
Geeta Sandhu",as discussed ~Diya,helpdesk
TK-242590,2025-06-15 12:35,2025-06-15 21:52,,pending,email,C105361,VR888486,VA-EB-PL1,Billing & Payments,Normal,Billing,A3033,0,0.0,,,N,"Dear Sir/Madam,

I am writing with reference to my order of my Pulse (VR888486) placed on June 01. Need the bill with my firm's GSTIN on it. I haev cheecked orders page. I request you to kindly arrnage a replacement.

Sincerely,
Geeta Sandhu",as discussed ~Diya,legacy_fd
TK-242591,2025-06-15 14:04,2025-06-15 14:04,2025-06-15 14:54,resolved,chat,C101487,VR884303,VA-EB-PL1,Audio Quality,Normal,Chat Frontline,A3007,0,2.0,,,Y,"Hello,
Ordered Pulse earbuds around Diwali.  Everything sounds like it is coming from one direction now.
Please help.
Please revert, Tenzin","rplc raised, RMA shared w/ cx. Issue: single side audio only. Walked through reset. (SOP 5.4)",helpdesk
TK-242591,2025-06-15 14:04,2025-06-15 14:04,2025-06-15 09:24,resolved,chat,C101487,VR884303,VA-EB-PL1,Audio Quality,Normal,Chat Frontline,A3007,0,2.0,,,Y,"Hello,
Ordered Pulse earbuds around Diwali.  Everything sounds like it is coming from one direction now.
Please help.
Please revert, Tenzin","rplc raised, RMA shared w/ cx. Issue: single side audio only. Walked through reset. (SOP 5.4)",legacy_fd
TK-242594,2025-06-15 16:56,2025-06-15 17:12,2025-06-18 17:40,resolved,voice,C108346,VR884419,VA-SW-FIT,Delivery & Shipping,Normal,Logistics,A3031,0,,,,Y,"[IVR transcript] honestly regretting this purchase. ordered my nexa fit band around diwali. the app said pickup today, that was on 01 jun. i already rescheduled piickup twice. i want a replacement or refund, nothing else.","1. Reverse pkp pending
2. chk pkp AWB
3. rplc approved, reverse pkp arranged",helpdesk
TK-242594,2025-06-15 16:56,2025-06-15 17:12,2025-06-18 12:10,resolved,voice,C108346,VR884419,VA-SW-FIT,Delivery & Shipping,Normal,Logistics,A3031,0,0.0,,,Y,"[IVR transcript] honestly regretting this purchase. ordered my nexa fit band around diwali. the app said pickup today, that was on 01 jun. i already rescheduled piickup twice. i want a replacement or refund, nothing else.","1. Reverse pkp pending
2. chk pkp AWB
3. rplc approved, reverse pkp arranged",legacy_fd
TK-242599,2025-06-15 18:36,2025-06-15 20:36,2025-06-18 20:58,resolved,social,C102043,,VA-SW-NX2,Delivery & Shipping,High,Logistics,A3029,0,,,,Y,"product: my nexa 2 watch
order: vr895823
purchased: june 01
issue: product arrvied damaged
tried: refused nothing as i didn't notice till later
expected: calblack",cx reached out - transit damage. chk w/ crr for damage claim. new unit shipped under doa. closing. [closed],helpdesk
TK-242599,2025-06-15 18:36,2025-06-15 20:36,2025-06-18 15:28,resolved,social,C102043,,VA-SW-NX2,Delivery & Shipping,High,Logistics,A3029,0,0.0,,,Y,"product: my nexa 2 watch
order: vr895823
purchased: june 01
issue: product arrvied damaged
tried: refused nothing as i didn't notice till later
expected: calblack",cx reached out - transit damage. chk w/ crr for damage claim. new unit shipped under doa. closing. [closed],legacy_fd
TK-242601,2025-06-15 20:22,2025-06-15 22:53,2025-06-15 23:09,resolved,email,C101414,,VA-SW-NX2,Billing & Payments,High,Billing,A3032,0,,6499.0,DUP-PAYMENT,N,This is the second time I am writing about this. - my bank says Rs 2499 went to you but your site says I have no orders - pleae call me on my registered number,cx ok,helpdesk
TK-242601,2025-06-15 20:22,2025-06-15 22:53,2025-06-15 17:39,resolved,email,C101414,,VA-SW-NX2,Billing & Payments,High,Billing,A3032,0,0.0,6499.0,DUP-PAYMENT,N,This is the second time I am writing about this. - my bank says Rs 2499 went to you but your site says I have no orders - pleae call me on my registered number,cx ok,legacy_fd
TK-242606,2025-06-15 23:55,2025-06-16 00:34,2025-06-16 00:48,resolved,chat,C101955,VR892455,VA-NB-ARC,Account & Login,Normal,Chat Frontline,A3016,0,3.0,,,N,"hello ji
not receiving otp to login
reccently se",number updated [closed],helpdesk
TK-242606,2025-06-15 23:55,2025-06-16 00:34,2025-06-15 19:18,resolved,chat,C101955,VR892455,VA-NB-ARC,Account & Login,Normal,Chat Frontline,A3016,0,3.0,,,N,"hello ji
not receiving otp to login
reccently se",number updated [closed],legacy_fd
TK-242619,2025-06-16 18:27,2025-06-16 18:30,2025-06-20 19:43,resolved,chat,C101750,VR881638,VA-EB-AIR,Charging & Battery,Normal,Chat Frontline,A3043,1,4.0,,,N,"hii
battery drains very fast, barely lasts 2 hours
hello??",poor battery backup | chk fw 1.0.6 -> rplc raised after test | xfer escalations & wty,helpdesk
TK-242619,2025-06-16 18:27,2025-06-16 18:30,2025-06-20 14:13,resolved,chat,C101750,VR881638,VA-EB-AIR,Charging & Battery,Normal,Chat Frontline,A3043,1,4.0,,,N,"hii
battery drains very fast, barely lasts 2 hours
hello??",poor battery backup | chk fw 1.0.6 -> rplc raised after test | xfer escalations & wty,legacy_fd
TK-242645,2025-06-18 08:52,2025-06-18 09:36,2025-06-18 10:25,resolved,chat,C105744,VR904505,VA-EB-AIR,Other,Normal,Chat Frontline,A3037,2,,,,N,"dear sir/madam,

i am writing w/ reference to my order of airlite placed on 02 may. the left earbud is not charging at all. i have tried another charger. i request you to look into this matter at the earliest.

yours faithfully,
steven banerjee","1. Left bud not charging
2. Checked case LED behaviour with cx
3. Transferred to Returns Desk
4. rplc raised for full set",helpdesk
TK-242645,2025-06-18 08:52,2025-06-18 09:36,2025-06-18 04:55,resolved,chat,C105744,VR904505,VA-EB-AIR,Other,Normal,Chat Frontline,A3037,2,0.0,,,N,"dear sir/madam,

i am writing w/ reference to my order of airlite placed on 02 may. the left earbud is not charging at all. i have tried another charger. i request you to look into this matter at the earliest.

yours faithfully,
steven banerjee","1. Left bud not charging
2. Checked case LED behaviour with cx
3. Transferred to Returns Desk
4. rplc raised for full set",legacy_fd
TK-242646,2025-06-18 09:15,2025-06-18 09:20,2025-06-18 09:45,resolved,chat,C101558,VR901219,VA-SW-FIT,Delivery & Shipping,High,Logistics,A3027,0,1.0,,,N,"To the Vieo Csutomer Crae Team,

I already raised this onnce and the ticket was closed. I am writing wiht reference to my order of my Neax Fit band (VR901219) placed on 13 May. Package not deliverd even after 19 days. I have checked the traccking page daily. I request you to kindly arrnge a replacement.

Sincerely,
Rohan Gaikwad
Noida",cx states prior ticket for same issue. Cx says dlvry delayed. conf adderss w/ cx. rfnd initiated as lost in transit.,helpdesk
TK-242646,2025-06-18 09:15,2025-06-18 09:20,2025-06-18 04:15,resolved,chat,C101558,VR901219,VA-SW-FIT,Delivery & Shipping,High,Logistics,A3027,0,1.0,,,N,"To the Vieo Csutomer Crae Team,

I already raised this onnce and the ticket was closed. I am writing wiht reference to my order of my Neax Fit band (VR901219) placed on 13 May. Package not deliverd even after 19 days. I have checked the traccking page daily. I request you to kindly arrnge a replacement.

Sincerely,
Rohan Gaikwad
Noida",cx states prior ticket for same issue. Cx says dlvry delayed. conf adderss w/ cx. rfnd initiated as lost in transit.,legacy_fd
TK-242664,2025-06-19 09:39,2025-06-19 09:42,2025-06-21 09:52,resolved,chat,C101888,VR897808,VA-EB-AIR,Other,Low,Chat Frontline,A3011,0,2.0,,,N,"Hey, This is regarding airlitte earbuds. The courier makred it delivered but nobody in my house got anything. I checkeed teh trackiing page daily. What do I do now? Pease revert,","1. Order not delivered
2. Confirmed address with cx
3. Courier confirmed delivery for 21 Jun, cx informed",helpdesk
TK-242664,2025-06-19 09:39,2025-06-19 09:42,2025-06-21 04:22,resolved,chat,C101888,VR897808,VA-EB-AIR,Other,Low,Chat Frontline,A3011,0,2.0,,,N,"Hey, This is regarding airlitte earbuds. The courier makred it delivered but nobody in my house got anything. I checkeed teh trackiing page daily. What do I do now? Pease revert,","1. Order not delivered
2. Confirmed address with cx
3. Courier confirmed delivery for 21 Jun, cx informed",legacy_fd
TK-242667,2025-06-19 10:58,2025-06-19 11:04,2025-06-27 14:33,resolved,chat,C102951,,VA-EB-PL1,Warranty & Repair,Normal,Escalations & Warranty,A3039,0,4.0,,,Y,"dear team,
ordered my pulse 10 days ago.  wht is the status of my warranty claim.
i called service centre. nothig changed.
how do i get tis fixed?
regards,","Cx says RMA status query. Followed up with service centre. Repair completed, shipped back. ~Vivaan",helpdesk
TK-242667,2025-06-19 10:58,2025-06-19 11:04,2025-06-27 09:03,resolved,chat,C102951,,VA-EB-PL1,Warranty & Repair,Normal,Escalations & Warranty,A3039,0,4.0,,,Y,"dear team,
ordered my pulse 10 days ago.  wht is the status of my warranty claim.
i called service centre. nothig changed.
how do i get tis fixed?
regards,","Cx says RMA status query. Followed up with service centre. Repair completed, shipped back. ~Vivaan",legacy_fd
TK-242671,2025-06-19 13:07,2025-06-19 13:17,2025-07-01 16:33,resolved,chat,C105716,,VA-SW-NX2,Warranty & Repair,Normal,Escalations & Warranty,A3042,0,5.0,,,Y,"Hi Vireo support, I bought my Nexa 2 watch on April 04. Claim number RMA74949, anyone alive there?. I emailed twice. Nothing changed. PLEASE HELP. Regards, Varun","contact re rma status query. chk rma status. rplc raised, rma shared with cx. case closed with cx consent.",helpdesk
TK-242671,2025-06-19 13:07,2025-06-19 13:17,2025-07-01 11:03,resolved,chat,C105716,,VA-SW-NX2,Warranty & Repair,Normal,Escalations & Warranty,A3042,0,5.0,,,Y,"Hi Vireo support, I bought my Nexa 2 watch on April 04. Claim number RMA74949, anyone alive there?. I emailed twice. Nothing changed. PLEASE HELP. Regards, Varun","contact re rma status query. chk rma status. rplc raised, rma shared with cx. case closed with cx consent.",legacy_fd
TK-242680,2025-06-19 23:14,2025-06-19 23:20,2025-06-24 23:37,resolved,chat,C104959,VR892012,VA-EB-PL1,Delivery & Shipping,Normal,Logistics,A3028,0,,,,N,"sir ji
it has been 9 days and i have nothing in hand
help","cx reported order not delivered. conf address w/ cx. crr conf delivery for 24 jun, cx informed. will monitor.",helpdesk
TK-242680,2025-06-19 23:14,2025-06-19 23:20,2025-06-24 18:07,resolved,chat,C104959,VR892012,VA-EB-PL1,Delivery & Shipping,Normal,Logistics,A3028,0,0.0,,,N,"sir ji
it has been 9 days and i have nothing in hand
help","cx reported order not delivered. conf address w/ cx. crr conf delivery for 24 jun, cx informed. will monitor.",legacy_fd
TK-242681,2025-06-20 00:59,2025-06-20 01:41,2025-06-28 06:39,resolved,social,C102660,,VA-HP-ST3,Warranty & Repair,Normal,Escalations & Warranty,A3038,1,2.0,,,Y,"PRODUCT: STRATA 3
ORDER: VR890141
PURCHASED: 16-05-2025
ISSUE: WARRANTY CLAIM PENDING FOR 17 DAYS
TRIED: CALLED SERVICE CENTRE
EXPECTED: CALLBACK","Reported: warranty claim status. Checked QC report. Transferred to Returns Desk. Replacement raised, RMA shared with cx.",helpdesk
TK-242681,2025-06-20 00:59,2025-06-20 01:41,2025-06-28 01:09,resolved,social,C102660,,VA-HP-ST3,Warranty & Repair,Normal,Escalations & Warranty,A3038,1,2.0,,,Y,"PRODUCT: STRATA 3
ORDER: VR890141
PURCHASED: 16-05-2025
ISSUE: WARRANTY CLAIM PENDING FOR 17 DAYS
TRIED: CALLED SERVICE CENTRE
EXPECTED: CALLBACK","Reported: warranty claim status. Checked QC report. Transferred to Returns Desk. Replacement raised, RMA shared with cx.",legacy_fd
TK-242685,2025-06-20 09:14,2025-06-20 09:17,2025-06-25 09:52,resolved,chat,C107256,VR891358,VA-SW-NX2,Delivery & Shipping,Normal,Logistics,A3028,0,3.0,,,Y,"Product: my Nexa 2 watch
Order: VR891358
Purchased: June 12
Issue: received the wrong item
Tried: checked the invoice
Expected: callback","1. wrong variant received
2. raised with warehouse
3. replacement unit dispatched",helpdesk
TK-242685,2025-06-20 09:14,2025-06-20 09:17,2025-06-25 04:22,resolved,chat,C107256,VR891358,VA-SW-NX2,Delivery & Shipping,Normal,Logistics,A3028,0,3.0,,,Y,"Product: my Nexa 2 watch
Order: VR891358
Purchased: June 12
Issue: received the wrong item
Tried: checked the invoice
Expected: callback","1. wrong variant received
2. raised with warehouse
3. replacement unit dispatched",legacy_fd
TK-242707,2025-06-21 18:30,2025-06-21 22:31,2025-06-23 22:46,resolved,email,C103320,VR904305,VA-SP-MINI,Returns & Refunds,Low,Returns Desk,A3036,0,4.0,,,N,"i have been a loyal customer and this is how you treat me. orbit mini purchased 3 weeks back, order vr904305. packed the box a week ago and it's still here. i already called courier. fix this or i am posting on twitter.",issue: reverse pickup pending | re-raised pickup with courier -> refund processed without pickup as goodwill,helpdesk
TK-242707,2025-06-21 18:30,2025-06-21 22:31,2025-06-23 17:16,resolved,email,C103320,VR904305,VA-SP-MINI,Returns & Refunds,Low,Returns Desk,A3036,0,4.0,,,N,"i have been a loyal customer and this is how you treat me. orbit mini purchased 3 weeks back, order vr904305. packed the box a week ago and it's still here. i already called courier. fix this or i am posting on twitter.",issue: reverse pickup pending | re-raised pickup with courier -> refund processed without pickup as goodwill,legacy_fd
TK-242709,2025-06-21 18:33,2025-06-21 19:31,2025-06-21 19:46,resolved,social,C102140,VR892447,VA-SW-NX2,Other,Normal,Chat Frontline,A3008,0,,5524.0,CANCEL,N,"bhai
cancel order vr892447
nexa 2 VR892447",refunded rs 5524. issue: cancel order. chk shipment status.,helpdesk
TK-242709,2025-06-21 18:33,2025-06-21 19:31,2025-06-21 14:16,resolved,social,C102140,VR892447,VA-SW-NX2,Other,Normal,Chat Frontline,A3008,0,0.0,5524.0,CANCEL,N,"bhai
cancel order vr892447
nexa 2 VR892447",refunded rs 5524. issue: cancel order. chk shipment status.,legacy_fd
TK-242710,2025-06-21 19:04,2025-06-21 19:56,,open,social,C106307,,VA-SW-NX2,Other,Normal,Chat Frontline,A3005,0,5.0,6499.0,CANCEL,N,"Not acceptable at this price. Got the Nexa 2 from Flipkart in May. want to cancel my order. I already tried cancel button, greyed out. I want a replacement or refund, nothing else",issue: cancel ord | chk shipment status -> refunded rs 6499,helpdesk
TK-242710,2025-06-21 19:04,2025-06-21 19:56,,open,social,C106307,,VA-SW-NX2,Other,Normal,Chat Frontline,A3005,0,5.0,6499.0,CANCEL,N,"Not acceptable at this price. Got the Nexa 2 from Flipkart in May. want to cancel my order. I already tried cancel button, greyed out. I want a replacement or refund, nothing else",issue: cancel ord | chk shipment status -> refunded rs 6499,legacy_fd
TK-242715,2025-06-21 23:28,2025-06-21 23:35,2025-06-21 23:43,resolved,chat,C106841,VR905359,VA-EB-AIR,Billing & Payments,High,Billing,A3035,0,,,,N,"really frustrating. this is regarding airlite earbuds. the festive offer vanished when i clicked pay. i already tried on app and website. i want a replacement or refund, nothing else.","1. Promo code invalid
2. Checked cart eligibility
3. Store credit issued",helpdesk
TK-242715,2025-06-21 23:28,2025-06-21 23:35,2025-06-21 18:13,resolved,chat,C106841,VR905359,VA-EB-AIR,Billing & Payments,High,Billing,A3035,0,0.0,,,N,"really frustrating. this is regarding airlite earbuds. the festive offer vanished when i clicked pay. i already tried on app and website. i want a replacement or refund, nothing else.","1. Promo code invalid
2. Checked cart eligibility
3. Store credit issued",legacy_fd
TK-242725,2025-06-22 12:08,2025-06-22 12:24,2025-06-22 12:37,resolved,voice,C103756,,VA-HP-ST3,Billing & Payments,Low,Billing,A3035,0,,,,N,"[IVR transcript] hey, ordered my strata 3 headphones last week. rfeund was promised 9 days ago and nothing. what do i do now? rgds",refund not cedited | checked reverse picukp qc status -> arn shared with cx,helpdesk
TK-242725,2025-06-22 12:08,2025-06-22 12:24,2025-06-22 07:07,resolved,voice,C103756,,VA-HP-ST3,Billing & Payments,Low,Billing,A3035,0,0.0,,,N,"[IVR transcript] hey, ordered my strata 3 headphones last week. rfeund was promised 9 days ago and nothing. what do i do now? rgds",refund not cedited | checked reverse picukp qc status -> arn shared with cx,legacy_fd
TK-242730,2025-06-22 14:09,2025-06-22 14:10,2025-06-22 14:34,resolved,chat,C102710,VR894462,VA-HP-ST3,App & Firmware,High,Chat Frontline,A3015,0,4.0,,,N,"Hey,
This is regarding my Strata 3 headphones. Since the last update the app just sohws a white screen.
I cleared cache.
This is very disappointing.
Waiting for yur reply.","1. app not opening
2. checked app version
3. advised beta build, rslvd",helpdesk
TK-242730,2025-06-22 14:09,2025-06-22 14:10,2025-06-22 09:04,resolved,chat,C102710,VR894462,VA-HP-ST3,App & Firmware,High,Chat Frontline,A3015,0,4.0,,,N,"Hey,
This is regarding my Strata 3 headphones. Since the last update the app just sohws a white screen.
I cleared cache.
This is very disappointing.
Waiting for yur reply.","1. app not opening
2. checked app version
3. advised beta build, rslvd",legacy_fd
TK-242735,2025-06-22 16:44,2025-06-22 17:47,2025-06-27 23:58,resolved,voice,C101041,,VA-EB-AIR,Warranty & Repair,Low,Escalations & Warranty,A3044,0,4.0,,,Y,[IVR transcript] Pathetic experience honestly.  This is regarding the AirLite buds. I sent the unit in 4 days ago and have heard nothing. I already emailed twice. This is the last time I buy from you.,"Cust contacted re RMA status query. Checked RMA status. rplc raised, RMA shared w/ cx.",helpdesk
TK-242735,2025-06-22 16:44,2025-06-22 17:47,2025-06-27 18:28,resolved,voice,C101041,,VA-EB-AIR,Warranty & Repair,Low,Escalations & Warranty,A3044,0,4.0,,,Y,[IVR transcript] Pathetic experience honestly.  This is regarding the AirLite buds. I sent the unit in 4 days ago and have heard nothing. I already emailed twice. This is the last time I buy from you.,"Cust contacted re RMA status query. Checked RMA status. rplc raised, RMA shared w/ cx.",legacy_fd
TK-242749,2025-06-23 14:47,2025-06-24 03:09,2025-06-26 04:45,closed,email,C107440,,VA-EB-PL1,Other,Normal,Email Frontline,A3002,0,,,,Y,"hi team, bought my pulse around 31 mar from amazon. claim number rma81220, anyone alive there?. i called service centre. nothing changed. please resolve asap. regards, rahul nair","recontact. cust contacted re warranty claim status. followed up with service centre. replacement raised, rma shared with cx.",helpdesk
TK-242749,2025-06-23 14:47,2025-06-24 03:09,2025-06-25 23:15,closed,email,C107440,,VA-EB-PL1,Other,Normal,Email Frontline,A3002,0,0.0,,,Y,"hi team, bought my pulse around 31 mar from amazon. claim number rma81220, anyone alive there?. i called service centre. nothing changed. please resolve asap. regards, rahul nair","recontact. cust contacted re warranty claim status. followed up with service centre. replacement raised, rma shared with cx.",legacy_fd
TK-242756,2025-06-23 20:26,2025-06-23 20:48,2025-06-23 21:11,resolved,voice,C104799,VR890802,VA-HP-ST3,App & Firmware,Normal,Voice Frontline,A3023,0,3.0,,,N,Pathetic experience honestly. Order VR890802 (Strata 3). firmware update stuck for 2 hours. I already kept phone nearby. Escalate this to someone senior.,Recovery successful. Issue: update hang. Checked FW 2.9.3 rollout. ~Farah,helpdesk
TK-242756,2025-06-23 20:26,2025-06-23 20:48,2025-06-23 15:41,resolved,voice,C104799,VR890802,VA-HP-ST3,App & Firmware,Normal,Voice Frontline,A3023,0,3.0,,,N,Pathetic experience honestly. Order VR890802 (Strata 3). firmware update stuck for 2 hours. I already kept phone nearby. Escalate this to someone senior.,Recovery successful. Issue: update hang. Checked FW 2.9.3 rollout. ~Farah,legacy_fd
TK-242772,2025-06-24 16:47,2025-06-24 18:58,2025-06-24 19:28,resolved,email,C100652,VR886797,VA-EB-PL1,Charging & Battery,Normal,Email Frontline,A3019,0,2.0,,,N,"Hi, This is the third time. Bought the Pulse bus around 26-12-2024 from vireo.in. Goes from full to empty during one commute. Can someone fix this?","issue: battery draining fast | checked fw 3.4.11 -> fw update pushed, advised to monitor (sop 4.2)",helpdesk
TK-242772,2025-06-24 16:47,2025-06-24 18:58,2025-06-24 13:58,resolved,email,C100652,VR886797,VA-EB-PL1,Charging & Battery,Normal,Email Frontline,A3019,0,2.0,,,N,"Hi, This is the third time. Bought the Pulse bus around 26-12-2024 from vireo.in. Goes from full to empty during one commute. Can someone fix this?","issue: battery draining fast | checked fw 3.4.11 -> fw update pushed, advised to monitor (sop 4.2)",legacy_fd
TK-242774,2025-06-24 18:47,2025-06-24 19:53,2025-06-24 20:05,resolved,email,C103818,VR882778,VA-EB-PL1,Billing & Payments,High,Billing,A3033,0,,,,N,"To the Vireo Customer Care Team,

I am writing with reference to my order of the Pulse buds (VR882778) placed on June 13. Invoice not downloading. I have tried different browser. I request you to look into this matter at the earliest.

Sincerely,
Simran Ghosh
Kochi",closed ~Diya,helpdesk
TK-242774,2025-06-24 18:47,2025-06-24 19:53,2025-06-24 14:35,resolved,email,C103818,VR882778,VA-EB-PL1,Billing & Payments,High,Billing,A3033,0,0.0,,,N,"To the Vireo Customer Care Team,

I am writing with reference to my order of the Pulse buds (VR882778) placed on June 13. Invoice not downloading. I have tried different browser. I request you to look into this matter at the earliest.

Sincerely,
Simran Ghosh
Kochi",closed ~Diya,legacy_fd
TK-242781,2025-06-25 01:14,2025-06-25 01:19,2025-06-25 01:38,resolved,chat,C106640,VR907091,VA-EB-AIR,Audio Quality,Normal,Chat Frontline,A3016,0,,,,N,"to the vireo customer care team,

i am writing with reference to my order of airlite placed on may 21. mic not working on calls. i have checked mic permissions. i request you to kindly arrange a replacement.

sincerely,
kavya shah",cx ok [closed],helpdesk
TK-242781,2025-06-25 01:14,2025-06-25 01:19,2025-06-24 20:08,resolved,chat,C106640,VR907091,VA-EB-AIR,Audio Quality,Normal,Chat Frontline,A3016,0,0.0,,,N,"to the vireo customer care team,

i am writing with reference to my order of airlite placed on may 21. mic not working on calls. i have checked mic permissions. i request you to kindly arrange a replacement.

sincerely,
kavya shah",cx ok [closed],legacy_fd
TK-242783,2025-06-25 09:00,2025-06-25 12:08,2025-06-25 12:45,resolved,social,C104785,VR904326,VA-HP-ST3,Connectivity,Normal,Chat Frontline,A3006,0,,,,N,"Dear team,
Got my Strata 3 headphones from vireo.in 3 weeks back. Bluetooth keeps cutting out.
I kept phone in hand.
I want a replacement.
Regards, Vihaan Kaur",Relacement raised. Issue: connection dropping. Checked FW 3.8.12. -TS,helpdesk
TK-242783,2025-06-25 09:00,2025-06-25 12:08,2025-06-25 07:15,resolved,social,C104785,VR904326,VA-HP-ST3,Connectivity,Normal,Chat Frontline,A3006,0,0.0,,,N,"Dear team,
Got my Strata 3 headphones from vireo.in 3 weeks back. Bluetooth keeps cutting out.
I kept phone in hand.
I want a replacement.
Regards, Vihaan Kaur",Relacement raised. Issue: connection dropping. Checked FW 3.8.12. -TS,legacy_fd
TK-242803,2025-06-26 11:23,2025-06-26 19:39,2025-07-04 22:59,resolved,email,C107932,VR908714,VA-EB-PL1,Warranty & Repair,Normal,Escalations & Warranty,A3044,0,2.0,,,N,"Hi team,
I bought Pulse earbuds on 14/03. No update on my repair.
I called service centre. Nothing changed.
Pathetic experience honestly.
I want my money back.
Thank you Nisha Gupta","cx states warranty claim status. Followed up w/ service centre. Repair completed, shipped back.",helpdesk
TK-242803,2025-06-26 11:23,2025-06-26 19:39,2025-07-04 17:29,resolved,email,C107932,VR908714,VA-EB-PL1,Warranty & Repair,Normal,Escalations & Warranty,A3044,0,2.0,,,N,"Hi team,
I bought Pulse earbuds on 14/03. No update on my repair.
I called service centre. Nothing changed.
Pathetic experience honestly.
I want my money back.
Thank you Nisha Gupta","cx states warranty claim status. Followed up w/ service centre. Repair completed, shipped back.",legacy_fd
TK-242809,2025-06-26 21:35,2025-06-26 21:56,2025-06-28 23:38,resolved,voice,C108761,VR897089,VA-SP-MINI,Warranty & Repair,Normal,Escalations & Warranty,A3044,0,1.0,,,Y,"received damaged product
i want a replacement","unit rcvd damaged | checked with crr for damage claim -> rplc approved, reverse pickup arranged",helpdesk
TK-242809,2025-06-26 21:35,2025-06-26 21:56,2025-06-28 18:08,resolved,voice,C108761,VR897089,VA-SP-MINI,Warranty & Repair,Normal,Escalations & Warranty,A3044,0,1.0,,,Y,"received damaged product
i want a replacement","unit rcvd damaged | checked with crr for damage claim -> rplc approved, reverse pickup arranged",legacy_fd
TK-242813,2025-06-27 04:07,2025-06-27 04:19,2025-07-02 04:53,resolved,chat,C108487,VR894971,VA-SP-MINI,Delivery & Shipping,Normal,Logistics,A3028,0,2.0,,,Y,received the wrong item,"contact re incorrect product shipped. raised with warehouse. replacement raised, rma shared with cx. closing.",helpdesk
TK-242813,2025-06-27 04:07,2025-06-27 04:19,2025-07-01 23:23,resolved,chat,C108487,VR894971,VA-SP-MINI,Delivery & Shipping,Normal,Logistics,A3028,0,2.0,,,Y,received the wrong item,"contact re incorrect product shipped. raised with warehouse. replacement raised, rma shared with cx. closing.",legacy_fd
TK-242816,2025-06-27 10:47,2025-06-27 10:49,2025-06-27 10:57,resolved,chat,C101748,VR899819,VA-SP-MINI,Billing & Payments,High,Billing,A3034,0,5.0,,,N,"Product: the mini speaker
Order: VR899819
Purchased: 22-06-2025
Issue: please share invoice with GST number
Tried: checked orders page
Expected: fix",invoice emailed -MM,helpdesk
TK-242816,2025-06-27 10:47,2025-06-27 10:49,2025-06-27 05:27,resolved,chat,C101748,VR899819,VA-SP-MINI,Billing & Payments,High,Billing,A3034,0,5.0,,,N,"Product: the mini speaker
Order: VR899819
Purchased: 22-06-2025
Issue: please share invoice with GST number
Tried: checked orders page
Expected: fix",invoice emailed -MM,legacy_fd
TK-242827,2025-06-27 23:03,2025-06-27 23:09,2025-06-27 23:39,resolved,chat,C108722,VR902056,VA-HP-ST3,Billing & Payments,High,Billing,A3035,0,,,,N,"product: my strata 3 headphones
order: vr902056
purchased: 25-06-2025
issue: my bank says rs 1799 went to you but your site says i have no orders
tried: tried logging out and in
expected: replacement","re: payment debited, no order | asked for utr -> refund processed to source",helpdesk
TK-242827,2025-06-27 23:03,2025-06-27 23:09,2025-06-27 18:09,resolved,chat,C108722,VR902056,VA-HP-ST3,Billing & Payments,High,Billing,A3035,0,0.0,,,N,"product: my strata 3 headphones
order: vr902056
purchased: 25-06-2025
issue: my bank says rs 1799 went to you but your site says i have no orders
tried: tried logging out and in
expected: replacement","re: payment debited, no order | asked for utr -> refund processed to source",legacy_fd
TK-242839,2025-06-28 23:13,2025-06-28 23:15,2025-06-28 23:41,resolved,chat,C103869,VR891929,VA-SW-NX2,Delivery & Shipping,Normal,Logistics,A3028,0,,,,N,"Hey, Got my Nexa 2 watch from Amazon around Diwali. The courier marked it delivered but nobody in my house got anything. I checked the tracking page daily. Not what I expected from Vireo. Waiting for your reply. Thanks in advance,","reported: shipment not received. confirmed address with cx. rto confirmed, reshipped. follow-up not required.",helpdesk
TK-242839,2025-06-28 23:13,2025-06-28 23:15,2025-06-28 18:11,resolved,chat,C103869,VR891929,VA-SW-NX2,Delivery & Shipping,Normal,Logistics,A3028,0,0.0,,,N,"Hey, Got my Nexa 2 watch from Amazon around Diwali. The courier marked it delivered but nobody in my house got anything. I checked the tracking page daily. Not what I expected from Vireo. Waiting for your reply. Thanks in advance,","reported: shipment not received. confirmed address with cx. rto confirmed, reshipped. follow-up not required.",legacy_fd
TK-242846,2025-06-29 16:55,2025-06-29 17:12,2025-07-02 17:33,resolved,voice,C106001,VR902251,VA-EB-PL1,Delivery & Shipping,Normal,Logistics,A3031,0,,,,N,[IVR transcript] order status stuck on shpiped since 06/12,"1. dvry delayed
2. chk AWB w/ crr
3. rfnd initiated as lost in transit",helpdesk
TK-242846,2025-06-29 16:55,2025-06-29 17:12,2025-07-02 12:03,resolved,voice,C106001,VR902251,VA-EB-PL1,Delivery & Shipping,Normal,Logistics,A3031,0,0.0,,,N,[IVR transcript] order status stuck on shpiped since 06/12,"1. dvry delayed
2. chk AWB w/ crr
3. rfnd initiated as lost in transit",legacy_fd
TK-242848,2025-06-29 18:08,2025-06-29 18:31,2025-06-29 18:47,resolved,voice,C104436,VR899268,VA-HP-ST2,Other,Normal,Voice Frontline,A3026,0,,,,N,"[IVR transcript] Hi Vireo support, Bought my Strata 2 headphones around 18/06 from Amazon. Ordered the wrong colour, don't ship it. Please resolve asap. Thank you Kavya","cx says cancel order. checked shipment status. already shipped, adv rto/return.",helpdesk
TK-242848,2025-06-29 18:08,2025-06-29 18:31,2025-06-29 13:17,resolved,voice,C104436,VR899268,VA-HP-ST2,Other,Normal,Voice Frontline,A3026,0,0.0,,,N,"[IVR transcript] Hi Vireo support, Bought my Strata 2 headphones around 18/06 from Amazon. Ordered the wrong colour, don't ship it. Please resolve asap. Thank you Kavya","cx says cancel order. checked shipment status. already shipped, adv rto/return.",legacy_fd
TK-242851,2025-06-29 19:36,2025-06-30 04:26,2025-06-30 04:53,closed,email,C109429,VR889129,VA-NB-ARC,Charging & Battery,High,Email Frontline,A3001,0,,,,N,goes from full to empty during one commute - need this sorted this week,"issue: battery draining fast | checked usage pattern wiht cx -> fw update pushed, advised to monitor -SK",helpdesk
TK-242851,2025-06-29 19:36,2025-06-30 04:26,2025-06-29 23:23,closed,email,C109429,VR889129,VA-NB-ARC,Charging & Battery,High,Email Frontline,A3001,0,0.0,,,N,goes from full to empty during one commute - need this sorted this week,"issue: battery draining fast | checked usage pattern wiht cx -> fw update pushed, advised to monitor -SK",legacy_fd
TK-242858,2025-06-30 11:52,2025-06-30 12:00,2025-06-30 12:37,resolved,chat,C107728,,VA-EB-PL1,Connectivity,Normal,Chat Frontline,A3004,0,4.0,,,Y,"hey
keeps losing my phone if i walk to the other room
my pulse",cx says connection dropping. chk interference sources. new unit shipped under doa.,helpdesk
TK-242858,2025-06-30 11:52,2025-06-30 12:00,2025-06-30 07:07,resolved,chat,C107728,,VA-EB-PL1,Connectivity,Normal,Chat Frontline,A3004,0,4.0,,,Y,"hey
keeps losing my phone if i walk to the other room
my pulse",cx says connection dropping. chk interference sources. new unit shipped under doa.,legacy_fd
TK-242863,2025-06-30 17:10,2025-06-30 17:11,2025-06-30 17:30,resolved,chat,C108844,VR882072,VA-EB-PL1,Charging & Battery,Normal,Chat Frontline,A3014,0,4.0,,,Y,"Dear team,
Got my Pulse from vireo.in last week. The charging case is not charging.
I tried 3 different cables. Nothing changed.
Kindly look into it.","contact re charging case dead. asked cx to try different cable + adaptor. replacement raised, rma shared with cx. -MI",helpdesk
TK-242863,2025-06-30 17:10,2025-06-30 17:11,2025-06-30 12:00,resolved,chat,C108844,VR882072,VA-EB-PL1,Charging & Battery,Normal,Chat Frontline,A3014,0,4.0,,,Y,"Dear team,
Got my Pulse from vireo.in last week. The charging case is not charging.
I tried 3 different cables. Nothing changed.
Kindly look into it.","contact re charging case dead. asked cx to try different cable + adaptor. replacement raised, rma shared with cx. -MI",legacy_fd
TK-242872,2025-07-01 08:19,2025-07-01 08:26,2025-07-01 09:00,resolved,chat,C102788,VR887849,VA-SW-FIT,Other,Normal,Chat Frontline,A3006,0,,,,N,"Hi team, Bought Nexa Fit around 15/08 from Amazon. Cannot pair Nexa Fit w/ my laptop. I forgot the device & tried again. Nothing changed. I want my money back.","Re-pair successful, resolved on chat. Issue: device not discoverable. Checked phone OS version. -TS",helpdesk
TK-242872,2025-07-01 08:19,2025-07-01 08:26,2025-07-01 03:30,resolved,chat,C102788,VR887849,VA-SW-FIT,Other,Normal,Chat Frontline,A3006,0,0.0,,,N,"Hi team, Bought Nexa Fit around 15/08 from Amazon. Cannot pair Nexa Fit w/ my laptop. I forgot the device & tried again. Nothing changed. I want my money back.","Re-pair successful, resolved on chat. Issue: device not discoverable. Checked phone OS version. -TS",legacy_fd
TK-242874,2025-07-01 09:05,2025-07-01 09:09,2025-07-01 09:36,resolved,chat,C102954,,VA-EB-AIR,App & Firmware,Low,Chat Frontline,A3011,0,5.0,,,N,Very poor quality. This is regarding airlite earbuds. app not opening after update. I already updated phone. Escalate this to someone senior.,cx ok,helpdesk
TK-242874,2025-07-01 09:05,2025-07-01 09:09,2025-07-01 04:06,resolved,chat,C102954,,VA-EB-AIR,App & Firmware,Low,Chat Frontline,A3011,0,5.0,,,N,Very poor quality. This is regarding airlite earbuds. app not opening after update. I already updated phone. Escalate this to someone senior.,cx ok,legacy_fd
TK-242877,2025-07-01 10:51,2025-07-01 10:58,2025-07-01 11:08,resolved,chat,C103984,VR884274,VA-EB-PL1,Account & Login,Normal,Chat Frontline,A3006,0,3.0,,,N,"Hello,
Got my Pulse from Amazon a month ago.  The login code never arrives, tried 6 times.
Please call me on my registered number.
Thanks in advance Komal","Number updated, resolved. Issue: OTP not received. Checked number on account. -TS",helpdesk
TK-242877,2025-07-01 10:51,2025-07-01 10:58,2025-07-01 05:38,resolved,chat,C103984,VR884274,VA-EB-PL1,Account & Login,Normal,Chat Frontline,A3006,0,3.0,,,N,"Hello,
Got my Pulse from Amazon a month ago.  The login code never arrives, tried 6 times.
Please call me on my registered number.
Thanks in advance Komal","Number updated, resolved. Issue: OTP not received. Checked number on account. -TS",legacy_fd
TK-242907,2025-07-02 08:39,2025-07-02 08:39,2025-07-02 08:49,resolved,chat,C104959,VR892012,VA-EB-PL1,Product Enquiry,Low,Chat Frontline,A3012,0,4.0,,,N,"Hey, I bought Pulse earbuds on 19 Jun. Does Pulse earbuds work with iPhone. Please advise. Thanks",Ticket raised for pre-sales query. Shared compatibility info. Query answered. (SOP 2.7),helpdesk
TK-242907,2025-07-02 08:39,2025-07-02 08:39,2025-07-02 03:19,resolved,chat,C104959,VR892012,VA-EB-PL1,Product Enquiry,Low,Chat Frontline,A3012,0,4.0,,,N,"Hey, I bought Pulse earbuds on 19 Jun. Does Pulse earbuds work with iPhone. Please advise. Thanks",Ticket raised for pre-sales query. Shared compatibility info. Query answered. (SOP 2.7),legacy_fd
TK-242915,2025-07-02 17:35,2025-07-02 20:03,2025-07-04 20:26,resolved,email,C107935,VR904202,VA-SP-ORB,Delivery & Shipping,Low,Logistics,A3035,1,,,,Y,GOT A DIFFERENT COLOUR THAN ORDERED,cx: wrong variant received | raised with warehouse -> new unit shipped under doa | xfer billing,helpdesk
TK-242915,2025-07-02 17:35,2025-07-02 20:03,2025-07-04 14:56,resolved,email,C107935,VR904202,VA-SP-ORB,Delivery & Shipping,Low,Logistics,A3035,1,0.0,,,Y,GOT A DIFFERENT COLOUR THAN ORDERED,cx: wrong variant received | raised with warehouse -> new unit shipped under doa | xfer billing,legacy_fd
TK-242920,2025-07-03 08:00,2025-07-03 09:45,2025-07-03 10:24,resolved,email,C100367,,VA-HP-ST3,Billing & Payments,High,Billing,A3032,0,,2100.0,DUP-PAYMENT,N,"PRODUCT: STRATA 3
PURCHASED: JUNE 24
ISSUE: PAID VIA UPI, AMOUNT DEDUCTED, NO ORDER CONFIRMATION
TRIED: TRIED LOGGING OUT AND IN
EXPECTED: REPLACEMENT",see prev,helpdesk
TK-242920,2025-07-03 08:00,2025-07-03 09:45,2025-07-03 04:54,resolved,email,C100367,,VA-HP-ST3,Billing & Payments,High,Billing,A3032,0,0.0,2100.0,DUP-PAYMENT,N,"PRODUCT: STRATA 3
PURCHASED: JUNE 24
ISSUE: PAID VIA UPI, AMOUNT DEDUCTED, NO ORDER CONFIRMATION
TRIED: TRIED LOGGING OUT AND IN
EXPECTED: REPLACEMENT",see prev,legacy_fd
TK-242930,2025-07-03 19:47,2025-07-03 22:04,2025-07-03 22:22,resolved,voice,C106219,VR887762,VA-HP-ST3,Billing & Payments,Low,Billing,A3035,0,2.0,6649.0,DUP-PAYMENT,N,[IVR transcript] payment was deducted but no order was created - VR887762 - please advise,"issue: payment debited, no order | asked for utr -> refund approved, rs 6649, 5-7 working days",helpdesk
TK-242930,2025-07-03 19:47,2025-07-03 22:04,2025-07-03 16:52,resolved,voice,C106219,VR887762,VA-HP-ST3,Billing & Payments,Low,Billing,A3035,0,2.0,6649.0,DUP-PAYMENT,N,[IVR transcript] payment was deducted but no order was created - VR887762 - please advise,"issue: payment debited, no order | asked for utr -> refund approved, rs 6649, 5-7 working days",legacy_fd
TK-242932,2025-07-03 22:28,2025-07-03 23:16,2025-07-12 01:58,resolved,social,C109315,VR902184,VA-SW-NX2,Warranty & Repair,Normal,Escalations & Warranty,A3039,0,1.0,,,N,"Hi Vireo support, Third time now.  Nexa 2 purchased around Diwali, order VR902184. What is the status of my warranty claim. I emailed twice. Honestly regretting this purchase. Waiting for your reply. Please revert, Imran","Reported: RMA status query. Checked RMA status. Repair completed, shipped back.",helpdesk
TK-242932,2025-07-03 22:28,2025-07-03 23:16,2025-07-11 20:28,resolved,social,C109315,VR902184,VA-SW-NX2,Warranty & Repair,Normal,Escalations & Warranty,A3039,0,1.0,,,N,"Hi Vireo support, Third time now.  Nexa 2 purchased around Diwali, order VR902184. What is the status of my warranty claim. I emailed twice. Honestly regretting this purchase. Waiting for your reply. Please revert, Imran","Reported: RMA status query. Checked RMA status. Repair completed, shipped back.",legacy_fd
TK-242939,2025-07-04 14:33,2025-07-04 19:26,2025-07-04 19:49,resolved,email,C107607,VR881812,VA-SW-NX2,Delivery & Shipping,Normal,Logistics,A3031,0,3.0,,,N,"hi
order status stuck on shipped since 29-06-2025
kinldy do the needful","1. dlvvry delayed
2. cnof address w/ cx
3. rfnd initiated as lost in transit",helpdesk
TK-242939,2025-07-04 14:33,2025-07-04 19:26,2025-07-04 14:19,resolved,email,C107607,VR881812,VA-SW-NX2,Delivery & Shipping,Normal,Logistics,A3031,0,3.0,,,N,"hi
order status stuck on shipped since 29-06-2025
kinldy do the needful","1. dlvvry delayed
2. cnof address w/ cx
3. rfnd initiated as lost in transit",legacy_fd
TK-242955,2025-07-05 10:05,2025-07-05 10:24,2025-07-05 10:37,resolved,voice,C102663,VR901763,VA-SP-MINI,Other,Normal,Voice Frontline,A3026,0,,,,N,[IVR transcript] Got Orbit Mini from vireo.in 3 weeks back. Does Orbit Mini work with iPhone. Waiting for your reply. Thanks in advance Yash,customer states pre-sales query. shared compatibility info. query answered. ~Vihaan,helpdesk
TK-242955,2025-07-05 10:05,2025-07-05 10:24,2025-07-05 05:07,resolved,voice,C102663,VR901763,VA-SP-MINI,Other,Normal,Voice Frontline,A3026,0,0.0,,,N,[IVR transcript] Got Orbit Mini from vireo.in 3 weeks back. Does Orbit Mini work with iPhone. Waiting for your reply. Thanks in advance Yash,customer states pre-sales query. shared compatibility info. query answered. ~Vihaan,legacy_fd
TK-242965,2025-07-05 22:02,2025-07-05 22:04,2025-07-05 22:32,resolved,chat,C101527,VR906179,VA-NB-ARC,Charging & Battery,Normal,Chat Frontline,A3017,0,,,,N,battery life has dropped to almost nothing,see prev,helpdesk
TK-242965,2025-07-05 22:02,2025-07-05 22:04,2025-07-05 17:02,resolved,chat,C101527,VR906179,VA-NB-ARC,Charging & Battery,Normal,Chat Frontline,A3017,0,0.0,,,N,battery life has dropped to almost nothing,see prev,legacy_fd
TK-242972,2025-07-06 11:58,2025-07-06 13:00,2025-07-06 13:34,resolved,voice,C105706,,VA-HP-ST3,Audio Quality,Low,Voice Frontline,A3012,1,,,,N,Pathetic experience honestly.  Ordered my Straat 3 hedaphones in June. microphone is very low on the my Strata 3 headphones. I already checked mic permissions. Fix this or I am posting on twitter.,"Cx reported mic issue. Tested on call w/ cx. xfer to Chat Frontline. Permissions fixed, rslvd. (SOP 2.7)",helpdesk
TK-242972,2025-07-06 11:58,2025-07-06 13:00,2025-07-06 08:04,resolved,voice,C105706,,VA-HP-ST3,Audio Quality,Low,Voice Frontline,A3012,1,0.0,,,N,Pathetic experience honestly.  Ordered my Straat 3 hedaphones in June. microphone is very low on the my Strata 3 headphones. I already checked mic permissions. Fix this or I am posting on twitter.,"Cx reported mic issue. Tested on call w/ cx. xfer to Chat Frontline. Permissions fixed, rslvd. (SOP 2.7)",legacy_fd
TK-242973,2025-07-06 14:04,2025-07-06 17:29,2025-07-06 17:59,resolved,email,C102818,,VA-EB-PL1,App & Firmware,High,Email Frontline,A3019,0,5.0,,,N,Very poor quality. Ordered the Pulse buds recently. the app closes itself the moment I tap on my device. I already cleared cache. Fix this or I am posting on twitter.,"app crash on device page | asked for phone model + os -> advised beta build, resolved ~Kavya",helpdesk
TK-242973,2025-07-06 14:04,2025-07-06 17:29,2025-07-06 12:29,resolved,email,C102818,,VA-EB-PL1,App & Firmware,High,Email Frontline,A3019,0,5.0,,,N,Very poor quality. Ordered the Pulse buds recently. the app closes itself the moment I tap on my device. I already cleared cache. Fix this or I am posting on twitter.,"app crash on device page | asked for phone model + os -> advised beta build, resolved ~Kavya",legacy_fd
TK-242975,2025-07-06 17:39,2025-07-07 03:10,2025-07-07 03:24,resolved,email,C102819,VR880959,VA-SW-NX1,Connectivity,Normal,Email Frontline,A3002,0,,,,N,"Hello Vireo, Raised this 3 weeks ago and was told it was resolved. Got the nexa smartwatch from Flipkart 3 weeks back. It connects for a second and then vanishes from the device list. I tried on another phone. Nothing changed. I want a replacement. Please revert, Lakshmi","cx unhappy, contacted earlier re same. cust contacted re pairing failure. asked cx to reset the device. re-pair successful, resolved on chat.",helpdesk
TK-242975,2025-07-06 17:39,2025-07-07 03:10,2025-07-06 21:54,resolved,email,C102819,VR880959,VA-SW-NX1,Connectivity,Normal,Email Frontline,A3002,0,0.0,,,N,"Hello Vireo, Raised this 3 weeks ago and was told it was resolved. Got the nexa smartwatch from Flipkart 3 weeks back. It connects for a second and then vanishes from the device list. I tried on another phone. Nothing changed. I want a replacement. Please revert, Lakshmi","cx unhappy, contacted earlier re same. cust contacted re pairing failure. asked cx to reset the device. re-pair successful, resolved on chat.",legacy_fd
TK-242976,2025-07-06 18:02,2025-07-06 20:26,2025-07-06 20:40,resolved,email,C104001,VR891343,VA-SW-NX2,Product Enquiry,Normal,Email Frontline,A3021,0,5.0,,,N,"Hello,
Bought Nexa 2 around June 23 from vireo.in. Your ad said 20% off and the cart says full price.
I tried on app and website.
Kindly look into it.
Regards,",re: discount not applied | checked cart eligibility -> partial refund of discount amount issued,helpdesk
TK-242976,2025-07-06 18:02,2025-07-06 20:26,2025-07-06 15:10,resolved,email,C104001,VR891343,VA-SW-NX2,Product Enquiry,Normal,Email Frontline,A3021,0,5.0,,,N,"Hello,
Bought Nexa 2 around June 23 from vireo.in. Your ad said 20% off and the cart says full price.
I tried on app and website.
Kindly look into it.
Regards,",re: discount not applied | checked cart eligibility -> partial refund of discount amount issued,legacy_fd
TK-242983,2025-07-07 11:31,2025-07-07 11:52,2025-07-07 12:25,resolved,voice,C104438,VR895599,VA-SW-NX1,Other,Normal,Voice Frontline,A3026,0,4.0,4249.0,DUP-PAYMENT,N,[IVR transcript] Not acceptable at this price. Order VR895599 (the nexa smartwatch). I was charged twice for one order. I already waited a week. Fix this or I am posting on twitter,"cx states duplicate payment. confirmed utrs. refund approved, rs 4249, 5-7 working days. ~Vihaan",helpdesk
TK-242983,2025-07-07 11:31,2025-07-07 11:52,2025-07-07 06:55,resolved,voice,C104438,VR895599,VA-SW-NX1,Other,Normal,Voice Frontline,A3026,0,4.0,4249.0,DUP-PAYMENT,N,[IVR transcript] Not acceptable at this price. Order VR895599 (the nexa smartwatch). I was charged twice for one order. I already waited a week. Fix this or I am posting on twitter,"cx states duplicate payment. confirmed utrs. refund approved, rs 4249, 5-7 working days. ~Vihaan",legacy_fd
TK-242985,2025-07-07 12:48,2025-07-07 14:29,2025-07-07 14:53,closed,voice,C105813,,VA-SP-ORB,Delivery & Shipping,Normal,Logistics,A3031,0,,,,N,"hii
package not delivered even after 19 days
help","1. Delivery delayed
2. conf address w/ cx
3. RTO conf, reshipped",helpdesk
TK-242985,2025-07-07 12:48,2025-07-07 14:29,2025-07-07 09:23,closed,voice,C105813,,VA-SP-ORB,Delivery & Shipping,Normal,Logistics,A3031,0,0.0,,,N,"hii
package not delivered even after 19 days
help","1. Delivery delayed
2. conf address w/ cx
3. RTO conf, reshipped",legacy_fd
TK-242994,2025-07-08 11:37,2025-07-08 11:48,2025-07-08 12:04,resolved,social,C109043,VR887720,VA-EB-AIR,Charging & Battery,Low,Chat Frontline,A3004,0,,,,N,"Ordered airlite earbuds last month. Battery drains very fast, barely lasts 2 hours. I turned off always-on display. Nothing changed. Please call me on my registered number.","cx says poor battery backup. checked usage patern w/ cx. advised settings change, cx satisfied. [closed]",helpdesk
TK-242994,2025-07-08 11:37,2025-07-08 11:48,2025-07-08 06:34,resolved,social,C109043,VR887720,VA-EB-AIR,Charging & Battery,Low,Chat Frontline,A3004,0,0.0,,,N,"Ordered airlite earbuds last month. Battery drains very fast, barely lasts 2 hours. I turned off always-on display. Nothing changed. Please call me on my registered number.","cx says poor battery backup. checked usage patern w/ cx. advised settings change, cx satisfied. [closed]",legacy_fd
TK-243000,2025-07-09 00:14,2025-07-09 00:16,2025-07-09 00:48,resolved,chat,C106734,VR908245,VA-SW-FIT,App & Firmware,Normal,Chat Frontline,A3001,0,,,,N,honestly regretting this purchase. this is regarding the fit band. can't get past the loading screen in the app. i already cleared cache. refund. now.,"app not opening | asked for phone model + os -> cleared cache, resolved -SK",helpdesk
TK-243000,2025-07-09 00:14,2025-07-09 00:16,2025-07-08 19:18,resolved,chat,C106734,VR908245,VA-SW-FIT,App & Firmware,Normal,Chat Frontline,A3001,0,0.0,,,N,honestly regretting this purchase. this is regarding the fit band. can't get past the loading screen in the app. i already cleared cache. refund. now.,"app not opening | asked for phone model + os -> cleared cache, resolved -SK",legacy_fd
TK-243001,2025-07-09 01:06,2025-07-09 01:40,2025-07-09 02:21,resolved,social,C101900,VR902312,VA-HP-ST2,Charging & Battery,Normal,Chat Frontline,A3017,0,,,,N,"team,
the progress bar has not moved since morning
recently se","cx unhappy, contacted earlier re same. sorted ~Kabir",helpdesk
TK-243001,2025-07-09 01:06,2025-07-09 01:40,2025-07-08 20:51,resolved,social,C101900,VR902312,VA-HP-ST2,Charging & Battery,Normal,Chat Frontline,A3017,0,0.0,,,N,"team,
the progress bar has not moved since morning
recently se","cx unhappy, contacted earlier re same. sorted ~Kabir",legacy_fd
TK-243002,2025-07-09 01:07,2025-07-09 01:18,2025-07-14 01:41,closed,chat,C105708,VR894421,VA-EB-PL1,Delivery & Shipping,Normal,Logistics,A3028,0,3.0,1062.0,LOST-TRANSIT,N,This was supposeldy sorted by your taem last time. - the courier marked it delivered but nobody in my house got anything - VR894421,cust contacted re shipment not received. raised ticket with crr partner. refund of rs 1062 initiated to source. follow-up not required.,helpdesk
TK-243002,2025-07-09 01:07,2025-07-09 01:18,2025-07-13 20:11,closed,chat,C105708,VR894421,VA-EB-PL1,Delivery & Shipping,Normal,Logistics,A3028,0,3.0,1062.0,LOST-TRANSIT,N,This was supposeldy sorted by your taem last time. - the courier marked it delivered but nobody in my house got anything - VR894421,cust contacted re shipment not received. raised ticket with crr partner. refund of rs 1062 initiated to source. follow-up not required.,legacy_fd
TK-243003,2025-07-09 06:12,2025-07-09 06:17,2025-07-09 06:50,resolved,chat,C106117,VR884473,VA-EB-AIR,App & Firmware,Normal,Chat Frontline,A3004,0,5.0,,,N,not pairing with my phone. VR884473. i want my money back,"advised fw update via app, rslvd. issue: pairing failure. asked cx to reset the device.",helpdesk
TK-243003,2025-07-09 06:12,2025-07-09 06:17,2025-07-09 01:20,resolved,chat,C106117,VR884473,VA-EB-AIR,App & Firmware,Normal,Chat Frontline,A3004,0,5.0,,,N,not pairing with my phone. VR884473. i want my money back,"advised fw update via app, rslvd. issue: pairing failure. asked cx to reset the device.",legacy_fd
TK-243020,2025-07-10 09:41,2025-07-10 10:03,2025-07-10 10:17,resolved,chat,C102332,VR887801,VA-AC-CH65,Other,Normal,Chat Frontline,A3032,1,1.0,1499.0,CANCEL,N,"hi viero support, got youur charer from flipkart 10 days ago. orered the wrong colour, don't ship it. i tried canecl button, gryeed out. need this sorted tis week. please revert, pranav","cust contacted re cancel ord. cancelled before dispatch. xfer to billing. already shipped, adv rto/return.",helpdesk
TK-243020,2025-07-10 09:41,2025-07-10 10:03,2025-07-10 04:47,resolved,chat,C102332,VR887801,VA-AC-CH65,Other,Normal,Chat Frontline,A3032,1,1.0,1499.0,CANCEL,N,"hi viero support, got youur charer from flipkart 10 days ago. orered the wrong colour, don't ship it. i tried canecl button, gryeed out. need this sorted tis week. please revert, pranav","cust contacted re cancel ord. cancelled before dispatch. xfer to billing. already shipped, adv rto/return.",legacy_fd
TK-243027,2025-07-10 22:21,2025-07-10 22:24,2025-07-20 00:04,resolved,chat,C103317,VR906468,VA-NB-ARC,Audio Quality,Normal,Chat Frontline,A3039,1,,,,N,"DEAR SIR/MADAM,

I AM WRITING WITH REFERENCE TO MY ORDER OF THE NECKBAND (VR906468) PLACED ON 04 APR. People cannot hear me on calls. I have checked mic permissions. I request u to kindly arrange a replacement.

Sincerely,
Manish Shah","Reported: low mic pickup. Checked mic permissions on phone. Transferred to Escalations & Warranty. Permissions fixed, resolved. ~Vivaan",helpdesk
TK-243027,2025-07-10 22:21,2025-07-10 22:24,2025-07-19 18:34,resolved,chat,C103317,VR906468,VA-NB-ARC,Audio Quality,Normal,Chat Frontline,A3039,1,0.0,,,N,"DEAR SIR/MADAM,

I AM WRITING WITH REFERENCE TO MY ORDER OF THE NECKBAND (VR906468) PLACED ON 04 APR. People cannot hear me on calls. I have checked mic permissions. I request u to kindly arrange a replacement.

Sincerely,
Manish Shah","Reported: low mic pickup. Checked mic permissions on phone. Transferred to Escalations & Warranty. Permissions fixed, resolved. ~Vivaan",legacy_fd
TK-243036,2025-07-11 11:09,2025-07-11 13:15,2025-07-11 13:33,resolved,email,C105218,,VA-EB-AIR,Billing & Payments,High,Billing,A3032,0,,,,N,"hi team, this is regarding the airlite buds. my bank says rs 1799 went to you but your site says i have no orders. please resolve asap. regards,","1. failed order after payment
2. asked for utr
3. rfnd processed to source",helpdesk
TK-243036,2025-07-11 11:09,2025-07-11 13:15,2025-07-11 08:03,resolved,email,C105218,,VA-EB-AIR,Billing & Payments,High,Billing,A3032,0,0.0,,,N,"hi team, this is regarding the airlite buds. my bank says rs 1799 went to you but your site says i have no orders. please resolve asap. regards,","1. failed order after payment
2. asked for utr
3. rfnd processed to source",legacy_fd
TK-243037,2025-07-11 11:50,2025-07-11 14:58,2025-07-11 15:09,resolved,email,C101839,,VA-SW-NX2,Product Enquiry,Normal,Email Frontline,A3021,0,,,,N,"Product: my Nexa 2 watch
Order: VR880280
Purchased: July 13
Issue: can I connect two my Nexa 2 watch together
Expected: fix",contact re pre-sales query. shared compatibility info. query answered.,helpdesk
TK-243037,2025-07-11 11:50,2025-07-11 14:58,2025-07-11 09:39,resolved,email,C101839,,VA-SW-NX2,Product Enquiry,Normal,Email Frontline,A3021,0,0.0,,,N,"Product: my Nexa 2 watch
Order: VR880280
Purchased: July 13
Issue: can I connect two my Nexa 2 watch together
Expected: fix",contact re pre-sales query. shared compatibility info. query answered.,legacy_fd
TK-243049,2025-07-11 20:04,2025-07-11 20:53,2025-07-11 21:13,resolved,voice,C103974,VR909994,VA-SP-MINI,Connectivity,Normal,Voice Frontline,A3024,0,5.0,,,N,[IVR transcript] pairing is not working - VR909994 - please help,"cx: device not discoverable | walked through forget + re-pair -> reset done, paired ok",helpdesk
TK-243049,2025-07-11 20:04,2025-07-11 20:53,2025-07-11 15:43,resolved,voice,C103974,VR909994,VA-SP-MINI,Connectivity,Normal,Voice Frontline,A3024,0,5.0,,,N,[IVR transcript] pairing is not working - VR909994 - please help,"cx: device not discoverable | walked through forget + re-pair -> reset done, paired ok",legacy_fd
TK-243053,2025-07-12 09:29,2025-07-12 10:50,2025-07-12 11:02,resolved,email,C108849,VR901111,VA-EB-AIR,Billing & Payments,Normal,Billing,A3034,0,4.0,,,N,"Hi, Got the AirLite buuds from vireo.in 2 weeks ago. Discount was not applied at checkout. Please call me on my registered number. Please revert Saanvvi Patel","promo code invalid | checked cart eligibility -> advised coupon terms, resolved -MM",helpdesk
TK-243053,2025-07-12 09:29,2025-07-12 10:50,2025-07-12 05:32,resolved,email,C108849,VR901111,VA-EB-AIR,Billing & Payments,Normal,Billing,A3034,0,4.0,,,N,"Hi, Got the AirLite buuds from vireo.in 2 weeks ago. Discount was not applied at checkout. Please call me on my registered number. Please revert Saanvvi Patel","promo code invalid | checked cart eligibility -> advised coupon terms, resolved -MM",legacy_fd
TK-243055,2025-07-12 09:35,2025-07-12 09:49,2025-07-12 10:20,resolved,chat,C106324,VR884772,VA-HP-ST3,Audio Quality,High,Chat Frontline,A3011,0,4.0,,,Y,"hi sir
callers keep asking me to repeat myself since 2 weeks ago
abhi tak kuch nahi hua
strata 3",done,helpdesk
TK-243055,2025-07-12 09:35,2025-07-12 09:49,2025-07-12 04:50,resolved,chat,C106324,VR884772,VA-HP-ST3,Audio Quality,High,Chat Frontline,A3011,0,4.0,,,Y,"hi sir
callers keep asking me to repeat myself since 2 weeks ago
abhi tak kuch nahi hua
strata 3",done,legacy_fd
TK-243061,2025-07-12 11:39,2025-07-12 17:18,2025-07-14 17:33,closed,email,C104879,VR881317,VA-EB-PL1,Returns & Refunds,Normal,Returns Desk,A3037,0,,,,N,"Hey, pulse 1 purchased around Diwali, order VR881317. Refund not received yet. I emailed twice. What do I do now?",rfnd reprocessed. Issue: rfnd not credited. chk rfnd status on PG.,helpdesk
TK-243061,2025-07-12 11:39,2025-07-12 17:18,2025-07-14 12:03,closed,email,C104879,VR881317,VA-EB-PL1,Returns & Refunds,Normal,Returns Desk,A3037,0,0.0,,,N,"Hey, pulse 1 purchased around Diwali, order VR881317. Refund not received yet. I emailed twice. What do I do now?",rfnd reprocessed. Issue: rfnd not credited. chk rfnd status on PG.,legacy_fd
TK-243064,2025-07-12 12:55,2025-07-12 18:29,2025-07-12 18:46,resolved,email,C107871,VR881623,VA-SW-NX2,Other,Normal,Email Frontline,A3021,0,,,,N,"please cancel, ordered by mistake - please resolve asap","reported: cancel order. checked shipment status. cancelled, refund initiated.",helpdesk
TK-243064,2025-07-12 12:55,2025-07-12 18:29,2025-07-12 13:16,resolved,email,C107871,VR881623,VA-SW-NX2,Other,Normal,Email Frontline,A3021,0,0.0,,,N,"please cancel, ordered by mistake - please resolve asap","reported: cancel order. checked shipment status. cancelled, refund initiated.",legacy_fd
TK-243073,2025-07-12 21:45,2025-07-13 00:05,2025-07-14 00:25,resolved,voice,C106920,,VA-SW-NX2,Returns & Refunds,Normal,Returns Desk,A3036,0,2.0,5849.0,RETURN-QC-OK,N,"[IVR transcript] hi there, this is regarding my nexa 2 watch. the return was accepted but the amount is nowhere in my account. i checked bank. what do i do now? awaiting response,",Cx says refund delay. Checked refund status on PG. Full refund processed (5849). Closing.,helpdesk
TK-243073,2025-07-12 21:45,2025-07-13 00:05,2025-07-13 18:55,resolved,voice,C106920,,VA-SW-NX2,Returns & Refunds,Normal,Returns Desk,A3036,0,2.0,5849.0,RETURN-QC-OK,N,"[IVR transcript] hi there, this is regarding my nexa 2 watch. the return was accepted but the amount is nowhere in my account. i checked bank. what do i do now? awaiting response,",Cx says refund delay. Checked refund status on PG. Full refund processed (5849). Closing.,legacy_fd
TK-243076,2025-07-12 23:10,2025-07-12 23:11,,pending,chat,C106185,VR902005,VA-SP-MINI,Delivery & Shipping,Normal,Logistics,A3030,0,3.0,,,N,"Namaste, Ordered the minni speaker 3 weeks back. Paid on July 10, still waiting for something to show up. How do I get this fixed? Thank you","Cx reported shippment not received. Raised ticket wih courier partner. Courier confirmed delivery for 18 Jul, cx informed.",helpdesk
TK-243076,2025-07-12 23:10,2025-07-12 23:11,,pending,chat,C106185,VR902005,VA-SP-MINI,Delivery & Shipping,Normal,Logistics,A3030,0,3.0,,,N,"Namaste, Ordered the minni speaker 3 weeks back. Paid on July 10, still waiting for something to show up. How do I get this fixed? Thank you","Cx reported shippment not received. Raised ticket wih courier partner. Courier confirmed delivery for 18 Jul, cx informed.",legacy_fd
TK-243085,2025-07-13 10:56,2025-07-13 10:59,2025-07-15 16:43,resolved,chat,C103171,,VA-SP-ORB,Warranty & Repair,Normal,Escalations & Warranty,A3043,0,3.0,,,N,"Hi Vireo support, Ordered the Orbit smart speaker in September.  I sent the unit in 21 days ago and have heard nothing. I called service centre. Need this sorted this week. Thanks, Farah","Cx says RMA status query. Followed up w/ service centre. Repair completed, shipped back. Case closed w/ cx consent.",helpdesk
TK-243085,2025-07-13 10:56,2025-07-13 10:59,2025-07-15 11:13,resolved,chat,C103171,,VA-SP-ORB,Warranty & Repair,Normal,Escalations & Warranty,A3043,0,3.0,,,N,"Hi Vireo support, Ordered the Orbit smart speaker in September.  I sent the unit in 21 days ago and have heard nothing. I called service centre. Need this sorted this week. Thanks, Farah","Cx says RMA status query. Followed up w/ service centre. Repair completed, shipped back. Case closed w/ cx consent.",legacy_fd
TK-243092,2025-07-13 20:11,2025-07-13 20:12,2025-07-13 20:50,resolved,chat,C100060,,VA-EB-PL1,Billing & Payments,High,Billing,A3033,0,,,,N,Pathetic experience honestly. Got my Pulse from Amazon 3 weeks back. the page failed after I paid and now nothing shows in my account. I already checked bank statement. This is the lasst time I buy from you.,see prev ~Diya,helpdesk
TK-243092,2025-07-13 20:11,2025-07-13 20:12,2025-07-13 15:20,resolved,chat,C100060,,VA-EB-PL1,Billing & Payments,High,Billing,A3033,0,0.0,,,N,Pathetic experience honestly. Got my Pulse from Amazon 3 weeks back. the page failed after I paid and now nothing shows in my account. I already checked bank statement. This is the lasst time I buy from you.,see prev ~Diya,legacy_fd
TK-243100,2025-07-14 11:42,2025-07-14 13:33,2025-07-14 14:08,resolved,email,C102099,,VA-EB-PL1,Charging & Battery,Normal,Email Frontline,A3020,0,,,,N,"hi
i have to chharge it twice a day now, it ussed to last days","ticket raised for poor battery backup. adv disabling anc/aod to test. adv settings change, cx satisfied.",helpdesk
TK-243100,2025-07-14 11:42,2025-07-14 13:33,2025-07-14 08:38,resolved,email,C102099,,VA-EB-PL1,Charging & Battery,Normal,Email Frontline,A3020,0,0.0,,,N,"hi
i have to chharge it twice a day now, it ussed to last days","ticket raised for poor battery backup. adv disabling anc/aod to test. adv settings change, cx satisfied.",legacy_fd
TK-243112,2025-07-14 23:11,2025-07-14 23:13,2025-07-14 23:33,resolved,chat,C104336,VR882760,VA-NB-ARC,App & Firmware,Normal,Chat Frontline,A3017,0,4.0,,,N,"hi
app crashes when i open device settings",see prev,helpdesk
TK-243112,2025-07-14 23:11,2025-07-14 23:13,2025-07-14 18:03,resolved,chat,C104336,VR882760,VA-NB-ARC,App & Firmware,Normal,Chat Frontline,A3017,0,4.0,,,N,"hi
app crashes when i open device settings",see prev,legacy_fd
TK-243113,2025-07-15 01:01,2025-07-15 16:46,2025-07-18 17:01,resolved,email,C102257,VR896588,VA-SW-NX2,Delivery & Shipping,Normal,Logistics,A3031,0,,,,N,"Dear Sir/Madam,

I am writing with reference to my order of Nexa 2 (VR896588) placed on 28-05-2025. Tracking has said out for delivery for a week now. I have checked the tracking page daily. I request you to look into this matter at the earliest.

Yours faithfully,
Harpreet Kapoor
Chennai","1. Shipment not rcvd
2. chk AWB with crr
3. RTO confirmed, reshipped",helpdesk
TK-243113,2025-07-15 01:01,2025-07-15 16:46,2025-07-18 11:31,resolved,email,C102257,VR896588,VA-SW-NX2,Delivery & Shipping,Normal,Logistics,A3031,0,0.0,,,N,"Dear Sir/Madam,

I am writing with reference to my order of Nexa 2 (VR896588) placed on 28-05-2025. Tracking has said out for delivery for a week now. I have checked the tracking page daily. I request you to look into this matter at the earliest.

Yours faithfully,
Harpreet Kapoor
Chennai","1. Shipment not rcvd
2. chk AWB with crr
3. RTO confirmed, reshipped",legacy_fd
TK-243122,2025-07-15 14:07,2025-07-16 01:52,2025-07-16 02:12,resolved,email,C108692,VR892770,VA-SW-NX2,Charging & Battery,High,Email Frontline,A3002,0,,,,N,"product: the nexa 2
order: vr892770
purchased: may 21
issue: i have to charge it twice a day now, it used to lat days
tried: updated the app
expected: replacement",customer states rapid battery drain. checked fw 3.3.9. escalated to warranty.,helpdesk
TK-243122,2025-07-15 14:07,2025-07-16 01:52,2025-07-15 20:42,resolved,email,C108692,VR892770,VA-SW-NX2,Charging & Battery,High,Email Frontline,A3002,0,0.0,,,N,"product: the nexa 2
order: vr892770
purchased: may 21
issue: i have to charge it twice a day now, it used to lat days
tried: updated the app
expected: replacement",customer states rapid battery drain. checked fw 3.3.9. escalated to warranty.,legacy_fd
TK-243143,2025-07-16 07:38,2025-07-16 08:50,2025-07-16 09:22,resolved,email,C108732,,VA-EB-AIR,Billing & Payments,Normal,Billing,A3034,0,,1709.0,RETURN-QC-OK,N,"Product: airlite earbuds
Purchased: 04-07-2025
Issue: teh return was accepted but the amount is nowhere in my account
Tried: checked bank
Expected: resolution","1. Refund not credited
2. Checked refund status on PG
3. Full refund processed (1709) -MM",helpdesk
TK-243143,2025-07-16 07:38,2025-07-16 08:50,2025-07-16 03:52,resolved,email,C108732,,VA-EB-AIR,Billing & Payments,Normal,Billing,A3034,0,0.0,1709.0,RETURN-QC-OK,N,"Product: airlite earbuds
Purchased: 04-07-2025
Issue: teh return was accepted but the amount is nowhere in my account
Tried: checked bank
Expected: resolution","1. Refund not credited
2. Checked refund status on PG
3. Full refund processed (1709) -MM",legacy_fd
TK-243148,2025-07-16 14:00,2025-07-16 14:03,2025-07-16 14:33,resolved,chat,C100566,,VA-SP-ORB,Audio Quality,Normal,Chat Frontline,A3014,0,3.0,,,N,"hi team,
ordered the orbit smart speaker 2 weeks ago.  distorted audio at hiigh volume.
i tried wired mode.
waiting for ur reply.","reported: audio distortion. chk with different source. fw update, cx to monitor. -MI",helpdesk
TK-243148,2025-07-16 14:00,2025-07-16 14:03,2025-07-16 09:03,resolved,chat,C100566,,VA-SP-ORB,Audio Quality,Normal,Chat Frontline,A3014,0,3.0,,,N,"hi team,
ordered the orbit smart speaker 2 weeks ago.  distorted audio at hiigh volume.
i tried wired mode.
waiting for ur reply.","reported: audio distortion. chk with different source. fw update, cx to monitor. -MI",legacy_fd
TK-243156,2025-07-17 06:48,2025-07-17 06:57,2025-07-17 07:11,resolved,chat,C103214,VR907690,VA-EB-PL1,Product Enquiry,Normal,Chat Frontline,A3012,0,,,,N,"Hello, Order VR907690 (Pulse earbuds). Is Pulse earbuds compatible with my TV. How do I get this fixed? Thansk & regards,",Cust contacted re product enquiry. Shared compatibility info. Cx satisfied. (SOP 2.7),helpdesk
TK-243156,2025-07-17 06:48,2025-07-17 06:57,2025-07-17 01:41,resolved,chat,C103214,VR907690,VA-EB-PL1,Product Enquiry,Normal,Chat Frontline,A3012,0,0.0,,,N,"Hello, Order VR907690 (Pulse earbuds). Is Pulse earbuds compatible with my TV. How do I get this fixed? Thansk & regards,",Cust contacted re product enquiry. Shared compatibility info. Cx satisfied. (SOP 2.7),legacy_fd
TK-243157,2025-07-17 12:35,2025-07-17 12:39,,open,chat,C108069,VR892385,VA-EB-PL2,Product Enquiry,Normal,Chat Frontline,A3004,0,5.0,,,N,"to the vireo customer care team,

i am writting with reference to my order of pulse2 (vr892385) placed on juy 26. does pulse2 work with iphone. i request you to look intto this matter at the earliest.

regards,
komal khanna
coimbatore",contact re product enquiry. shared spec sheet. query answered. [closed],helpdesk
TK-243157,2025-07-17 12:35,2025-07-17 12:39,,open,chat,C108069,VR892385,VA-EB-PL2,Product Enquiry,Normal,Chat Frontline,A3004,0,5.0,,,N,"to the vireo customer care team,

i am writting with reference to my order of pulse2 (vr892385) placed on juy 26. does pulse2 work with iphone. i request you to look intto this matter at the earliest.

regards,
komal khanna
coimbatore",contact re product enquiry. shared spec sheet. query answered. [closed],legacy_fd
TK-243175,2025-07-18 11:29,2025-07-18 16:20,2025-07-18 16:49,resolved,email,C105679,VR889345,VA-EB-PL1,App & Firmware,Normal,Email Frontline,A3021,0,,,,N,"product: pulse 1
order: vr889345
purchased: 07/06
issue: the vireo app keeps crashing
tried: cleared cache
expected: replacement","reported: app crash on device page. known issue on android 14 - bug logged. cleared cache, resolved.",helpdesk
TK-243175,2025-07-18 11:29,2025-07-18 16:20,2025-07-18 11:19,resolved,email,C105679,VR889345,VA-EB-PL1,App & Firmware,Normal,Email Frontline,A3021,0,0.0,,,N,"product: pulse 1
order: vr889345
purchased: 07/06
issue: the vireo app keeps crashing
tried: cleared cache
expected: replacement","reported: app crash on device page. known issue on android 14 - bug logged. cleared cache, resolved.",legacy_fd
TK-243179,2025-07-18 20:12,2025-07-18 22:54,2025-07-18 23:13,resolved,email,C105737,,VA-EB-PL1,Returns & Refunds,Normal,Returns Desk,A3038,0,4.0,4248.0,RETURN-QC-OK,N,Not what I expected from Vireo. Bought pulse 1 arounnd 19 Jun from Amazon. you picked up teh item 17 days ago & my money hasn't come back. I already emaileed twice. This is the last time I buy from you.,"Cx says refund delay. Checked refund status on PG. Refund approved, Rs 4248, 5-7 working days.",helpdesk
TK-243179,2025-07-18 20:12,2025-07-18 22:54,2025-07-18 17:43,resolved,email,C105737,,VA-EB-PL1,Returns & Refunds,Normal,Returns Desk,A3038,0,4.0,4248.0,RETURN-QC-OK,N,Not what I expected from Vireo. Bought pulse 1 arounnd 19 Jun from Amazon. you picked up teh item 17 days ago & my money hasn't come back. I already emaileed twice. This is the last time I buy from you.,"Cx says refund delay. Checked refund status on PG. Refund approved, Rs 4248, 5-7 working days.",legacy_fd
TK-243197,2025-07-19 15:41,2025-07-19 15:43,,open,chat,C104868,,VA-NB-ARC,Billing & Payments,Normal,Billing,A3033,0,3.0,,,N,"Product: my Arc
Order: VR881216
Purchased: 19-07-2025
Issue: please share invoice with GST number
Tried: checked orders page
Expected: refund",sorted ~Diya,helpdesk
TK-243197,2025-07-19 15:41,2025-07-19 15:43,,open,chat,C104868,,VA-NB-ARC,Billing & Payments,Normal,Billing,A3033,0,3.0,,,N,"Product: my Arc
Order: VR881216
Purchased: 19-07-2025
Issue: please share invoice with GST number
Tried: checked orders page
Expected: refund",sorted ~Diya,legacy_fd
TK-243206,2025-07-20 00:52,2025-07-20 06:49,2025-07-20 07:20,resolved,email,C107251,VR904720,VA-EB-PL1,Billing & Payments,Normal,Billing,A3032,0,4.0,,,N,"Pathetic experience honestly. Bought Pulse earbuds around 12/07 from Amazon. paid via UPI, amount deducted, no order confirmation. I already checked bank statement. I want a replacement or refund, nothing else.",cx says amount deducted without ord. chk pg dashboard for txn. ord manually created.,helpdesk
TK-243206,2025-07-20 00:52,2025-07-20 06:49,2025-07-20 01:50,resolved,email,C107251,VR904720,VA-EB-PL1,Billing & Payments,Normal,Billing,A3032,0,4.0,,,N,"Pathetic experience honestly. Bought Pulse earbuds around 12/07 from Amazon. paid via UPI, amount deducted, no order confirmation. I already checked bank statement. I want a replacement or refund, nothing else.",cx says amount deducted without ord. chk pg dashboard for txn. ord manually created.,legacy_fd
TK-243207,2025-07-20 03:36,2025-07-20 05:16,2025-07-25 05:35,resolved,social,C101241,VR898628,VA-SW-NX2,Delivery & Shipping,Normal,Logistics,A3028,0,3.0,,,Y,"i have been a loyal customer and this is how you treat me. bought nexa 2 around july 12 from vireo.in. opened the parcel and it is a completely differetn thing. i already rechecked my order. i want a replacement or refund, nothing else.","customer states wrong variant rcvd. raised w/ warehouse. replacement approved, reverse pickup arranged. case closed w/ cx consent.",helpdesk
TK-243207,2025-07-20 03:36,2025-07-20 05:16,2025-07-25 00:05,resolved,social,C101241,VR898628,VA-SW-NX2,Delivery & Shipping,Normal,Logistics,A3028,0,3.0,,,Y,"i have been a loyal customer and this is how you treat me. bought nexa 2 around july 12 from vireo.in. opened the parcel and it is a completely differetn thing. i already rechecked my order. i want a replacement or refund, nothing else.","customer states wrong variant rcvd. raised w/ warehouse. replacement approved, reverse pickup arranged. case closed w/ cx consent.",legacy_fd
TK-243219,2025-07-20 16:32,2025-07-20 19:12,2025-07-25 19:24,resolved,email,C107087,VR904663,VA-SW-NX1,Delivery & Shipping,Normal,Logistics,A3029,0,2.0,,,Y,"Product: the nexa smartwatch
Order: VR904663
Purchased: 10 Jul
Issue: there's a dent on the case straight out of the box
Tried: took photos
Expected: refund","new unit shipped under doa. issue: transit damage. photos rcvd, damage conf.",helpdesk
TK-243219,2025-07-20 16:32,2025-07-20 19:12,2025-07-25 13:54,resolved,email,C107087,VR904663,VA-SW-NX1,Delivery & Shipping,Normal,Logistics,A3029,0,2.0,,,Y,"Product: the nexa smartwatch
Order: VR904663
Purchased: 10 Jul
Issue: there's a dent on the case straight out of the box
Tried: took photos
Expected: refund","new unit shipped under doa. issue: transit damage. photos rcvd, damage conf.",legacy_fd
TK-243227,2025-07-20 21:24,2025-07-20 22:36,2025-07-22 22:58,resolved,email,C104486,VR888967,VA-HP-ST3,Delivery & Shipping,Normal,Logistics,A3028,0,2.0,,,Y,got a different colour than ordered.  VR888967. waiting for your reply,ticket raised for wrong variant received. raised with warehouse. reverse pkp + correct item shipped. cx informed.,helpdesk
TK-243227,2025-07-20 21:24,2025-07-20 22:36,2025-07-22 17:28,resolved,email,C104486,VR888967,VA-HP-ST3,Delivery & Shipping,Normal,Logistics,A3028,0,2.0,,,Y,got a different colour than ordered.  VR888967. waiting for your reply,ticket raised for wrong variant received. raised with warehouse. reverse pkp + correct item shipped. cx informed.,legacy_fd
TK-243238,2025-07-21 13:43,2025-07-21 21:28,2025-07-21 21:44,resolved,email,C100653,,VA-SW-FIT,App & Firmware,Low,Email Frontline,A3019,0,4.0,,,N,since the last update the app just shows a white screen - kindly look into it,"bug logged, workaround shared. issue: app not opening. checked app version. (sop 5.4) ~Kavya",helpdesk
TK-243238,2025-07-21 13:43,2025-07-21 21:28,2025-07-21 16:14,resolved,email,C100653,,VA-SW-FIT,App & Firmware,Low,Email Frontline,A3019,0,4.0,,,N,since the last update the app just shows a white screen - kindly look into it,"bug logged, workaround shared. issue: app not opening. checked app version. (sop 5.4) ~Kavya",legacy_fd
TK-243254,2025-07-22 08:40,2025-07-22 10:26,2025-07-22 10:55,resolved,social,C106381,VR894397,VA-EB-AIR,Charging & Battery,Normal,Chat Frontline,A3004,0,,,,Y,"Hi Vireo support, Bought the AirLite buds around 07-07-2025 from Amazon.  Left earbud not charging, right one is fine. KINDLY LOOK INTO IT. Awaiting response, Payal Dhillon","cx reported left earbud not taking charge. asked cx to clean charging pins. rplc approved, reverse pickup arranged. [closed]",helpdesk
TK-243254,2025-07-22 08:40,2025-07-22 10:26,2025-07-22 05:25,resolved,social,C106381,VR894397,VA-EB-AIR,Charging & Battery,Normal,Chat Frontline,A3004,0,0.0,,,Y,"Hi Vireo support, Bought the AirLite buds around 07-07-2025 from Amazon.  Left earbud not charging, right one is fine. KINDLY LOOK INTO IT. Awaiting response, Payal Dhillon","cx reported left earbud not taking charge. asked cx to clean charging pins. rplc approved, reverse pickup arranged. [closed]",legacy_fd
TK-243260,2025-07-22 11:38,2025-07-22 11:43,2025-07-22 11:56,resolved,chat,C108663,,VA-SW-NX2,Other,Normal,Chat Frontline,A3011,0,4.0,6499.0,CANCEL,N,cancel order ,Refund of Rs 6499 initiated to source. Issue: order cancellation. Cancelled before dispatch.,helpdesk
TK-243260,2025-07-22 11:38,2025-07-22 11:43,2025-07-22 06:26,resolved,chat,C108663,,VA-SW-NX2,Other,Normal,Chat Frontline,A3011,0,4.0,6499.0,CANCEL,N,cancel order ,Refund of Rs 6499 initiated to source. Issue: order cancellation. Cancelled before dispatch.,legacy_fd
TK-243262,2025-07-22 12:49,2025-07-23 07:41,2025-07-23 07:51,resolved,email,C107988,VR900183,VA-SW-FIT,Delivery & Shipping,Normal,Logistics,A3030,0,1.0,,,N,"hello
i haven't received my order","Reported: delivery delayed. Checked AWB with courier. Courier confirmed delivery for 28 Jul, cx informed.",helpdesk
TK-243262,2025-07-22 12:49,2025-07-23 07:41,2025-07-23 02:21,resolved,email,C107988,VR900183,VA-SW-FIT,Delivery & Shipping,Normal,Logistics,A3030,0,1.0,,,N,"hello
i haven't received my order","Reported: delivery delayed. Checked AWB with courier. Courier confirmed delivery for 28 Jul, cx informed.",legacy_fd
TK-243269,2025-07-23 06:00,2025-07-23 06:12,2025-07-23 06:44,closed,chat,C108191,VR897801,VA-EB-PL1,App & Firmware,Normal,Chat Frontline,A3012,0,,,,N,"Hello, the Pulse buds purchased 10 days ago, order VR897801.  App not opening after update. I want my money back. Thanks & regards Lakshmi Sandhu","Cx says app crashing. Asked for phone model + OS. Cleared cache, rslvd. (SOP 2.7)",helpdesk
TK-243269,2025-07-23 06:00,2025-07-23 06:12,2025-07-23 01:14,closed,chat,C108191,VR897801,VA-EB-PL1,App & Firmware,Normal,Chat Frontline,A3012,0,0.0,,,N,"Hello, the Pulse buds purchased 10 days ago, order VR897801.  App not opening after update. I want my money back. Thanks & regards Lakshmi Sandhu","Cx says app crashing. Asked for phone model + OS. Cleared cache, rslvd. (SOP 2.7)",legacy_fd
TK-243274,2025-07-23 09:27,2025-07-23 11:00,2025-07-25 13:29,resolved,email,C107932,VR908714,VA-EB-PL1,Warranty & Repair,Normal,Escalations & Warranty,A3042,0,,,,Y,"Hi team,
Order VR908714 (pulse 1). No update on my repair.
I emailed twice.
Not what I expected from Vireo.
I want a replacement.
Thank you, Nisha Gupta",second contact on same fault. ticket raised for warranty claim status. chk qc report. rplc unit dispatched. will monitor.,helpdesk
TK-243274,2025-07-23 09:27,2025-07-23 11:00,2025-07-25 07:59,resolved,email,C107932,VR908714,VA-EB-PL1,Warranty & Repair,Normal,Escalations & Warranty,A3042,0,0.0,,,Y,"Hi team,
Order VR908714 (pulse 1). No update on my repair.
I emailed twice.
Not what I expected from Vireo.
I want a replacement.
Thank you, Nisha Gupta",second contact on same fault. ticket raised for warranty claim status. chk qc report. rplc unit dispatched. will monitor.,legacy_fd
TK-243277,2025-07-23 10:29,2025-07-23 10:30,2025-07-23 10:48,resolved,chat,C107612,VR887603,VA-EB-PL1,Other,Normal,Chat Frontline,A3011,0,4.0,,,N,"to the vireo cutsomer care team,

i am wirting with reference to my order of the pulse buds (vr887603) placed on 18-07-2025. need to change delivery address. i have tried editing in app. i request you to prvoide a rseolution within 3 workiing days.

yours faithfully,
swati jain
vadodara",closed,helpdesk
TK-243277,2025-07-23 10:29,2025-07-23 10:30,2025-07-23 05:18,resolved,chat,C107612,VR887603,VA-EB-PL1,Other,Normal,Chat Frontline,A3011,0,4.0,,,N,"to the vireo cutsomer care team,

i am wirting with reference to my order of the pulse buds (vr887603) placed on 18-07-2025. need to change delivery address. i have tried editing in app. i request you to prvoide a rseolution within 3 workiing days.

yours faithfully,
swati jain
vadodara",closed,legacy_fd
TK-243289,2025-07-23 17:52,2025-07-23 17:55,2025-07-25 18:06,resolved,chat,C102109,VR888482,VA-EB-PL2,Delivery & Shipping,Normal,Logistics,A3031,0,4.0,,,N,the courier marked it delivered but nobody in my house got anything,RTO conf,helpdesk
TK-243289,2025-07-23 17:52,2025-07-23 17:55,2025-07-25 12:36,resolved,chat,C102109,VR888482,VA-EB-PL2,Delivery & Shipping,Normal,Logistics,A3031,0,4.0,,,N,the courier marked it delivered but nobody in my house got anything,RTO conf,legacy_fd
TK-243294,2025-07-23 21:38,2025-07-23 22:10,2025-07-24 22:32,resolved,chat,C106058,VR896632,VA-SW-NX2,Returns & Refunds,Normal,Returns Desk,A3036,0,1.0,877.0,RETURN-QC-OK,N,still waiting for my refund,Reported: refund delay. Checked reverse pickup QC status. Refund confirmed credited. Closing.,helpdesk
TK-243294,2025-07-23 21:38,2025-07-23 22:10,2025-07-24 17:02,resolved,chat,C106058,VR896632,VA-SW-NX2,Returns & Refunds,Normal,Returns Desk,A3036,0,1.0,877.0,RETURN-QC-OK,N,still waiting for my refund,Reported: refund delay. Checked reverse pickup QC status. Refund confirmed credited. Closing.,legacy_fd
TK-243298,2025-07-24 08:21,2025-07-24 09:03,2025-08-05 11:49,resolved,social,C102660,,VA-HP-ST3,Warranty & Repair,Normal,Escalations & Warranty,A3041,0,,,,N,"HONESTLY REGRETTING THIS PURCHASE. This is regarding my Strata 3 headphones. I sent the unit in 4 days ago and have heard nothing. I already emailed twice. I want a replacement or refund, nothing else.","1. Warranty claim status
2. Checked RMA status
3. Repair completed, shipped back",helpdesk
TK-243298,2025-07-24 08:21,2025-07-24 09:03,2025-08-05 06:19,resolved,social,C102660,,VA-HP-ST3,Warranty & Repair,Normal,Escalations & Warranty,A3041,0,0.0,,,N,"HONESTLY REGRETTING THIS PURCHASE. This is regarding my Strata 3 headphones. I sent the unit in 4 days ago and have heard nothing. I already emailed twice. I want a replacement or refund, nothing else.","1. Warranty claim status
2. Checked RMA status
3. Repair completed, shipped back",legacy_fd
TK-243299,2025-07-24 11:03,2025-07-24 11:21,2025-07-24 11:32,resolved,voice,C105503,VR894872,VA-HP-ST3,Billing & Payments,High,Billing,A3034,0,,,,N,"hii
coupon code not working",Cx reported discount not applied. Checked cart eligibility. Store credit issued. -MM,helpdesk
TK-243299,2025-07-24 11:03,2025-07-24 11:21,2025-07-24 06:02,resolved,voice,C105503,VR894872,VA-HP-ST3,Billing & Payments,High,Billing,A3034,0,0.0,,,N,"hii
coupon code not working",Cx reported discount not applied. Checked cart eligibility. Store credit issued. -MM,legacy_fd
TK-243314,2025-07-25 09:36,2025-07-25 09:37,2025-07-25 10:12,resolved,chat,C105159,VR888321,VA-AC-CH65,Billing & Payments,Normal,Billing,A3034,0,4.0,225.0,DUP-PAYMENT,N,"hello ji
upi shows success, your app shows nothing
bahut pareshan hu
kindly do the needful","Customer reached out - amount deducted without order. Confirmed with payment gateway. Refund approved, Rs 225, 5-7 working days. -MM",helpdesk
TK-243314,2025-07-25 09:36,2025-07-25 09:37,2025-07-25 04:42,resolved,chat,C105159,VR888321,VA-AC-CH65,Billing & Payments,Normal,Billing,A3034,0,4.0,225.0,DUP-PAYMENT,N,"hello ji
upi shows success, your app shows nothing
bahut pareshan hu
kindly do the needful","Customer reached out - amount deducted without order. Confirmed with payment gateway. Refund approved, Rs 225, 5-7 working days. -MM",legacy_fd
TK-243320,2025-07-25 15:55,2025-07-25 16:09,2025-07-25 16:22,resolved,chat,C104390,VR886961,VA-SP-MINI,Other,Normal,Chat Frontline,A3009,0,5.0,,,N,I am losing patience. Bought Orbit Mini around 17 Jul from Flipkart. update my shipping address. I alreaady tried editing in app. Thsi is teh last time I buy from you.,"already dispatched, advised to redirect with courier. issue: address update. updated address with courier.",helpdesk
TK-243320,2025-07-25 15:55,2025-07-25 16:09,2025-07-25 10:52,resolved,chat,C104390,VR886961,VA-SP-MINI,Other,Normal,Chat Frontline,A3009,0,5.0,,,N,I am losing patience. Bought Orbit Mini around 17 Jul from Flipkart. update my shipping address. I alreaady tried editing in app. Thsi is teh last time I buy from you.,"already dispatched, advised to redirect with courier. issue: address update. updated address with courier.",legacy_fd
TK-243321,2025-07-25 17:50,2025-07-25 20:24,2025-07-28 20:38,resolved,email,C102593,VR883177,VA-SW-NX2,Returns & Refunds,High,Returns Desk,A3037,0,,,,N,"hello
i have been sitting at home for 3 days waiting for your courier
??","1. Reverse pickup pending
2. Re-raised pickup w/ crr
3. Pickup done, refund initiated",helpdesk
TK-243321,2025-07-25 17:50,2025-07-25 20:24,2025-07-28 15:08,resolved,email,C102593,VR883177,VA-SW-NX2,Returns & Refunds,High,Returns Desk,A3037,0,0.0,,,N,"hello
i have been sitting at home for 3 days waiting for your courier
??","1. Reverse pickup pending
2. Re-raised pickup w/ crr
3. Pickup done, refund initiated",legacy_fd
TK-243335,2025-07-26 08:25,2025-07-26 08:26,2025-07-26 08:47,resolved,chat,C105700,VR897894,VA-EB-PL1,Other,Normal,Chat Frontline,A3012,0,,2499.0,DUP-PAYMENT,N,"Product: my Pulse
Order: VR897894
Purchased: 14-07-2025
Issue: paid via UPI, amouunt deducted, no order confirmation
Tried: waited 24 hours
Expected: refund",cx states amount deducted without ord. conf w/ payment gateway. Refunded Rs 2499. (SOP 3.1),helpdesk
TK-243335,2025-07-26 08:25,2025-07-26 08:26,2025-07-26 03:17,resolved,chat,C105700,VR897894,VA-EB-PL1,Other,Normal,Chat Frontline,A3012,0,0.0,2499.0,DUP-PAYMENT,N,"Product: my Pulse
Order: VR897894
Purchased: 14-07-2025
Issue: paid via UPI, amouunt deducted, no order confirmation
Tried: waited 24 hours
Expected: refund",cx states amount deducted without ord. conf w/ payment gateway. Refunded Rs 2499. (SOP 3.1),legacy_fd
TK-243340,2025-07-26 10:43,2025-07-26 10:47,2025-07-26 11:13,resolved,chat,C104306,VR894383,VA-EB-PL1,Billing & Payments,High,Billing,A3034,0,,2249.0,DUP-PAYMENT,N,"helo
upi shows success, your app shows nothing
pulse 1 vr894383
help","1. Payment debited, no order
2. Asked for UTR
3. Refunded Rs 2249 -MM",helpdesk
TK-243340,2025-07-26 10:43,2025-07-26 10:47,2025-07-26 05:43,resolved,chat,C104306,VR894383,VA-EB-PL1,Billing & Payments,High,Billing,A3034,0,0.0,2249.0,DUP-PAYMENT,N,"helo
upi shows success, your app shows nothing
pulse 1 vr894383
help","1. Payment debited, no order
2. Asked for UTR
3. Refunded Rs 2249 -MM",legacy_fd
TK-243346,2025-07-26 14:59,2025-07-26 19:26,2025-07-26 19:42,resolved,email,C101839,,VA-SW-NX2,Billing & Payments,Normal,Billing,A3033,0,,,,N,"Product: my Nexa 2 watch
Order: VR880280
Purchased: 13 Jul
Issue: payment was deducted but no order was created
Tried: waited 24 hours
Expected: refund","1. Payment debited, no order
2. Confirmed with payment gateway
3. Auto-refund confirmed within 5-7 days ~Diya",helpdesk
TK-243346,2025-07-26 14:59,2025-07-26 19:26,2025-07-26 14:12,resolved,email,C101839,,VA-SW-NX2,Billing & Payments,Normal,Billing,A3033,0,0.0,,,N,"Product: my Nexa 2 watch
Order: VR880280
Purchased: 13 Jul
Issue: payment was deducted but no order was created
Tried: waited 24 hours
Expected: refund","1. Payment debited, no order
2. Confirmed with payment gateway
3. Auto-refund confirmed within 5-7 days ~Diya",legacy_fd
TK-243349,2025-07-26 18:23,2025-07-27 07:06,2025-07-27 07:28,resolved,email,C106626,,VA-SW-NX2,Billing & Payments,High,Billing,A3035,0,,552.0,PRICE-ADJ,N,"product: nexa 2
order: vr899132
purchased: 12 jul
issue: coupon code not working
tried: tried on app and website
expected: fix",Csutomer reached out - coupon not applied. Checked cart eligibility. Refunded Rs 552. Cx informed.,helpdesk
TK-243349,2025-07-26 18:23,2025-07-27 07:06,2025-07-27 01:58,resolved,email,C106626,,VA-SW-NX2,Billing & Payments,High,Billing,A3035,0,0.0,552.0,PRICE-ADJ,N,"product: nexa 2
order: vr899132
purchased: 12 jul
issue: coupon code not working
tried: tried on app and website
expected: fix",Csutomer reached out - coupon not applied. Checked cart eligibility. Refunded Rs 552. Cx informed.,legacy_fd
TK-243354,2025-07-27 02:47,2025-07-27 04:39,2025-07-27 05:07,resolved,email,C105706,,VA-HP-ST3,Audio Quality,Normal,Email Frontline,A3016,0,,,,N,"Hi there, Your agent saiid it was fixed. It is not. This is regarding my Strata 3 headphones. Mic not working on calls. I tried different apps. Nothing changed. Please resolve asap. Awaiting response Bhaavna",cx says was told fixed last time. as discussed [closed],helpdesk
TK-243354,2025-07-27 02:47,2025-07-27 04:39,2025-07-26 23:37,resolved,email,C105706,,VA-HP-ST3,Audio Quality,Normal,Email Frontline,A3016,0,0.0,,,N,"Hi there, Your agent saiid it was fixed. It is not. This is regarding my Strata 3 headphones. Mic not working on calls. I tried different apps. Nothing changed. Please resolve asap. Awaiting response Bhaavna",cx says was told fixed last time. as discussed [closed],legacy_fd
TK-243361,2025-07-27 16:06,2025-07-27 16:18,2025-07-30 16:37,resolved,chat,C101697,VR880489,VA-SP-ORB,Returns & Refunds,Normal,Returns Desk,A3037,0,2.0,,,N,not acceptable at this price. bought my orbit around 05 jul from flipkart. i have been sitting at home for 3 days waiting for your courier. i already called courier. this is the last time i buy from you.,"1. pkp missed
2. Re-raised pkp with courier
3. pkp rescheduled for 31 Jul",helpdesk
TK-243361,2025-07-27 16:06,2025-07-27 16:18,2025-07-30 11:07,resolved,chat,C101697,VR880489,VA-SP-ORB,Returns & Refunds,Normal,Returns Desk,A3037,0,2.0,,,N,not acceptable at this price. bought my orbit around 05 jul from flipkart. i have been sitting at home for 3 days waiting for your courier. i already called courier. this is the last time i buy from you.,"1. pkp missed
2. Re-raised pkp with courier
3. pkp rescheduled for 31 Jul",legacy_fd
TK-243375,2025-07-28 10:01,2025-07-28 11:30,2025-07-28 11:38,resolved,email,C101515,,VA-EB-PL2,Product Enquiry,Low,Email Frontline,A3020,0,,,,N,"Dear team,
Ordered pulse 2 buds last week. CAN I CONNECT TWO PULSE 2 BUDS TOGETHER.
HOW DO I GET THIS FIXED?
REGARDS, LOBSANG FERNANDES",customer reached out - pre-sales query. shared spec sheet. cx satisfied.,helpdesk
TK-243375,2025-07-28 10:01,2025-07-28 11:30,2025-07-28 06:08,resolved,email,C101515,,VA-EB-PL2,Product Enquiry,Low,Email Frontline,A3020,0,0.0,,,N,"Dear team,
Ordered pulse 2 buds last week. CAN I CONNECT TWO PULSE 2 BUDS TOGETHER.
HOW DO I GET THIS FIXED?
REGARDS, LOBSANG FERNANDES",customer reached out - pre-sales query. shared spec sheet. cx satisfied.,legacy_fd
TK-243381,2025-07-28 13:39,2025-07-28 14:28,2025-07-28 14:43,resolved,voice,C102156,,VA-HP-ST3,Other,Normal,Voice Frontline,A3023,0,3.0,,,N,need to chage delivery address - plesae help,"Already dispatched, advised to redirect with crr. Issue: adress update. Updated address with crr. (SOP 3.1) ~Farah",helpdesk
TK-243381,2025-07-28 13:39,2025-07-28 14:28,2025-07-28 09:13,resolved,voice,C102156,,VA-HP-ST3,Other,Normal,Voice Frontline,A3023,0,3.0,,,N,need to chage delivery address - plesae help,"Already dispatched, advised to redirect with crr. Issue: adress update. Updated address with crr. (SOP 3.1) ~Farah",legacy_fd
TK-243383,2025-07-28 17:02,2025-07-28 17:37,2025-08-07 19:49,resolved,social,C108876,VR885403,VA-HP-ST3,Audio Quality,Normal,Chat Frontline,A3039,1,3.0,,,N,"hey,
this is regarding my strata 3 headphones. there is a frying sound in the background of every song.
can someone fix this?
regards","Customer states static noise in audio. Checked with different source. Transferred to Escalations & Warranty. FW update, cx to monitor. ~Vivaan",helpdesk
TK-243383,2025-07-28 17:02,2025-07-28 17:37,2025-08-07 14:19,resolved,social,C108876,VR885403,VA-HP-ST3,Audio Quality,Normal,Chat Frontline,A3039,1,3.0,,,N,"hey,
this is regarding my strata 3 headphones. there is a frying sound in the background of every song.
can someone fix this?
regards","Customer states static noise in audio. Checked with different source. Transferred to Escalations & Warranty. FW update, cx to monitor. ~Vivaan",legacy_fd
TK-243385,2025-07-28 17:41,2025-07-28 19:18,2025-07-28 19:45,resolved,voice,C107381,VR899200,VA-SP-MINI,Delivery & Shipping,High,Logistics,A3029,0,4.0,2499.0,DOA-REPL,N,"[IVR transcript] hi, bought the mini speaker around 22-07-2025 from vireo.in. there's a dent on the case straight out of the box. i took photos. please help.","cx reported unit rcvd damaged. photos rcvd, damage conf. rplc dispatched. case closed with cx consent. [closed]",helpdesk
TK-243385,2025-07-28 17:41,2025-07-28 19:18,2025-07-28 14:15,resolved,voice,C107381,VR899200,VA-SP-MINI,Delivery & Shipping,High,Logistics,A3029,0,4.0,2499.0,DOA-REPL,N,"[IVR transcript] hi, bought the mini speaker around 22-07-2025 from vireo.in. there's a dent on the case straight out of the box. i took photos. please help.","cx reported unit rcvd damaged. photos rcvd, damage conf. rplc dispatched. case closed with cx consent. [closed]",legacy_fd
TK-243390,2025-07-28 22:24,2025-07-28 22:25,2025-07-28 22:33,closed,chat,C104390,VR886961,VA-SP-MINI,Product Enquiry,Normal,Chat Frontline,A3017,0,5.0,,,N,"Dear Sir/Madam,

I am writing with reference to my order of orbit mini (VR886961) placed on July 17.  Can I connect two orbit miini together. I request you to process a refund to my original payment method.

Yours faithfully,
Yash Jsohi",resolved on call,helpdesk
TK-243390,2025-07-28 22:24,2025-07-28 22:25,2025-07-28 17:03,closed,chat,C104390,VR886961,VA-SP-MINI,Product Enquiry,Normal,Chat Frontline,A3017,0,5.0,,,N,"Dear Sir/Madam,

I am writing with reference to my order of orbit mini (VR886961) placed on July 17.  Can I connect two orbit miini together. I request you to process a refund to my original payment method.

Yours faithfully,
Yash Jsohi",resolved on call,legacy_fd
TK-243396,2025-07-29 09:43,2025-07-29 12:49,2025-07-29 13:16,resolved,voice,C100696,VR881841,VA-HP-ST2,Charging & Battery,Normal,Voice Frontline,A3026,0,,,,N,"hi
battery life has dropped to almost nothing
my strata 2 headphones vr881841
anyone there",resolved on call,helpdesk
TK-243396,2025-07-29 09:43,2025-07-29 12:49,2025-07-29 07:46,resolved,voice,C100696,VR881841,VA-HP-ST2,Charging & Battery,Normal,Voice Frontline,A3026,0,0.0,,,N,"hi
battery life has dropped to almost nothing
my strata 2 headphones vr881841
anyone there",resolved on call,legacy_fd
TK-243416,2025-07-30 06:42,2025-07-30 06:44,2025-08-02 07:14,resolved,chat,C105708,VR894421,VA-EB-PL1,Delivery & Shipping,Normal,Logistics,A3030,0,2.0,,,N,"This is very disappointing. Same issue, third ticket. teh Pulse buds purchased 2 weeks ago, order VR894421. oredr not delivered, tracking not updating. I already checked with neighbours. I want a replacement or refund, nohting else.","cx unhappy, contacted earlier re same. Ticket raised for shipment not received. Checked AWB with courier. Re-shipped from warehouse.",helpdesk
TK-243416,2025-07-30 06:42,2025-07-30 06:44,2025-08-02 01:44,resolved,chat,C105708,VR894421,VA-EB-PL1,Delivery & Shipping,Normal,Logistics,A3030,0,2.0,,,N,"This is very disappointing. Same issue, third ticket. teh Pulse buds purchased 2 weeks ago, order VR894421. oredr not delivered, tracking not updating. I already checked with neighbours. I want a replacement or refund, nohting else.","cx unhappy, contacted earlier re same. Ticket raised for shipment not received. Checked AWB with courier. Re-shipped from warehouse.",legacy_fd
TK-243427,2025-07-30 12:17,2025-07-30 15:07,2025-07-30 15:24,resolved,social,C107814,VR887062,VA-EB-PL2,Product Enquiry,Normal,Chat Frontline,A3009,0,,,,N,"dear sir/madam,

i am writing with reference to my order of pulse 2 buds (vr887062) placed on 26 jul.  will this survive a shower. i request you to provide a resolution within 3 working days.

sincerely,
suresh sen",cx satisfied. issue: pre-sales query. shared spec sheet.,helpdesk
TK-243427,2025-07-30 12:17,2025-07-30 15:07,2025-07-30 09:54,resolved,social,C107814,VR887062,VA-EB-PL2,Product Enquiry,Normal,Chat Frontline,A3009,0,0.0,,,N,"dear sir/madam,

i am writing with reference to my order of pulse 2 buds (vr887062) placed on 26 jul.  will this survive a shower. i request you to provide a resolution within 3 working days.

sincerely,
suresh sen",cx satisfied. issue: pre-sales query. shared spec sheet.,legacy_fd
TK-243431,2025-07-30 14:19,2025-07-30 14:20,,pending,chat,C108851,VR893277,VA-HP-ST3,Audio Quality,Normal,Chat Frontline,A3007,0,1.0,,,N,"I have been a loyal customer and this is how you treat me. Ordered the strata 3 10 days ago. only one side plays sound. I already checked balance settings. I want a replacement or refund, nothing else.",Customer states single side audio only. chk balance settings with cx. esc to warranty.,helpdesk
TK-243431,2025-07-30 14:19,2025-07-30 14:20,,pending,chat,C108851,VR893277,VA-HP-ST3,Audio Quality,Normal,Chat Frontline,A3007,0,1.0,,,N,"I have been a loyal customer and this is how you treat me. Ordered the strata 3 10 days ago. only one side plays sound. I already checked balance settings. I want a replacement or refund, nothing else.",Customer states single side audio only. chk balance settings with cx. esc to warranty.,legacy_fd
TK-243438,2025-07-30 19:59,2025-07-30 20:15,2025-08-01 20:37,resolved,voice,C104724,,VA-EB-PL1,Delivery & Shipping,Normal,Logistics,A3029,0,,,,N,Very poor quality. Bought the Pulse buds around 19/07 from vireo.in. order status stuck on shipped since 19/07. I already checked the tracking page daily. Fix this or I am posting on twitter.,"contact re shipment not rcvd. conf address w/ cx. crr conf delivery for 01 aug, cx informed. cx satisfied on chat.",helpdesk
TK-243438,2025-07-30 19:59,2025-07-30 20:15,2025-08-01 15:07,resolved,voice,C104724,,VA-EB-PL1,Delivery & Shipping,Normal,Logistics,A3029,0,0.0,,,N,Very poor quality. Bought the Pulse buds around 19/07 from vireo.in. order status stuck on shipped since 19/07. I already checked the tracking page daily. Fix this or I am posting on twitter.,"contact re shipment not rcvd. conf address w/ cx. crr conf delivery for 01 aug, cx informed. cx satisfied on chat.",legacy_fd
TK-243445,2025-07-31 05:17,2025-07-31 05:23,2025-08-02 05:44,resolved,chat,C107935,,VA-SP-ORB,Delivery & Shipping,Normal,Logistics,A3035,0,,,,Y,"Writing again because the issue is back., I ordered the Orbit smart speaker and got something else, i want a replacement",cx: incorrect product shipped | raised with warehouse -> new unit shipped under doa,helpdesk
TK-243445,2025-07-31 05:17,2025-07-31 05:23,2025-08-02 00:14,resolved,chat,C107935,,VA-SP-ORB,Delivery & Shipping,Normal,Logistics,A3035,0,0.0,,,Y,"Writing again because the issue is back., I ordered the Orbit smart speaker and got something else, i want a replacement",cx: incorrect product shipped | raised with warehouse -> new unit shipped under doa,legacy_fd
TK-243455,2025-07-31 13:22,2025-07-31 14:51,,open,email,C101339,,VA-SW-NX2,Product Enquiry,Normal,Email Frontline,A3019,0,,,,N,"hi vieo support, this is regarrding my nexa 2 watch. does my nexa 2 watch work with iphone. can soemone fix this? please revert",cx: compatibility query | shared spec sheet -> query answered (sop 4.2) ~Kavya,helpdesk
TK-243455,2025-07-31 13:22,2025-07-31 14:51,,open,email,C101339,,VA-SW-NX2,Product Enquiry,Normal,Email Frontline,A3019,0,0.0,,,N,"hi vieo support, this is regarrding my nexa 2 watch. does my nexa 2 watch work with iphone. can soemone fix this? please revert",cx: compatibility query | shared spec sheet -> query answered (sop 4.2) ~Kavya,legacy_fd
TK-243456,2025-07-31 13:28,2025-07-31 18:04,2025-07-31 18:36,resolved,email,C106058,,VA-SW-NX2,Returns & Refunds,Normal,Returns Desk,A3037,0,,,,N,Got my Nexa 2 wathc from vireo.in 10 days ago.  Stlil waiting for my refund. I emailed twice. Waiting for yoru reply. Thank you Thomas,"1. rfnd pending
2. chk reverse pkp QC status
3. ARN shared with cx",helpdesk
TK-243456,2025-07-31 13:28,2025-07-31 18:04,2025-07-31 13:06,resolved,email,C106058,,VA-SW-NX2,Returns & Refunds,Normal,Returns Desk,A3037,0,0.0,,,N,Got my Nexa 2 wathc from vireo.in 10 days ago.  Stlil waiting for my refund. I emailed twice. Waiting for yoru reply. Thank you Thomas,"1. rfnd pending
2. chk reverse pkp QC status
3. ARN shared with cx",legacy_fd
TK-243473,2025-08-01 02:09,2025-08-01 02:43,2025-08-02 02:54,resolved,social,C108344,VR898367,VA-SW-NX1,Returns & Refunds,High,Returns Desk,A3038,0,,,,N,This is v disappointing. This is regarding my Nexa. nobody came for the pickup. I already called courier. Escalate this to someeone senior.,Contact re pickup not done. Re-raised pickup with courier. Pickup rescheduled for 07 Aug.,helpdesk
TK-243473,2025-08-01 02:09,2025-08-01 02:43,2025-08-01 21:24,resolved,social,C108344,VR898367,VA-SW-NX1,Returns & Refunds,High,Returns Desk,A3038,0,0.0,,,N,This is v disappointing. This is regarding my Nexa. nobody came for the pickup. I already called courier. Escalate this to someeone senior.,Contact re pickup not done. Re-raised pickup with courier. Pickup rescheduled for 07 Aug.,legacy_fd
TK-243477,2025-08-01 13:11,2025-08-01 13:23,2025-08-04 13:47,resolved,voice,C109248,VR909058,VA-EB-PL2,Returns & Refunds,Normal,Returns Desk,A3036,0,,,,N,[IVR transcript] hi sir nobody came for the pickup please jaldi pulse 2 buds VR909058 kindly do the needful,"Cust contacted re reverse pickup pending. Re-raised pickup with courier. Pickup done, refund initiated. Will monitor.",helpdesk
TK-243477,2025-08-01 13:11,2025-08-01 13:23,2025-08-04 08:17,resolved,voice,C109248,VR909058,VA-EB-PL2,Returns & Refunds,Normal,Returns Desk,A3036,0,0.0,,,N,[IVR transcript] hi sir nobody came for the pickup please jaldi pulse 2 buds VR909058 kindly do the needful,"Cust contacted re reverse pickup pending. Re-raised pickup with courier. Pickup done, refund initiated. Will monitor.",legacy_fd
TK-243481,2025-08-01 14:26,2025-08-02 16:00,2025-08-02 16:27,resolved,email,C104092,VR882480,VA-HP-ST3,Returns & Refunds,Normal,Returns Desk,A3037,0,2.0,6299.0,RETURN-QC-OK,N,Honestly regretting this purchase. Oder VR882480 (Strata 3). you piked up the item 21 days ago and my moey hasn't come back. I already checked bank. Fix this or I am posting on twitter,"1. Refund not credited
2. Checked refund status on PG
3. ARN shared w/ cx",helpdesk
TK-243481,2025-08-01 14:26,2025-08-02 16:00,2025-08-02 10:57,resolved,email,C104092,VR882480,VA-HP-ST3,Returns & Refunds,Normal,Returns Desk,A3037,0,2.0,6299.0,RETURN-QC-OK,N,Honestly regretting this purchase. Oder VR882480 (Strata 3). you piked up the item 21 days ago and my moey hasn't come back. I already checked bank. Fix this or I am posting on twitter,"1. Refund not credited
2. Checked refund status on PG
3. ARN shared w/ cx",legacy_fd
TK-243484,2025-08-01 16:06,2025-08-01 16:13,2025-08-03 16:24,resolved,chat,C107737,VR885854,VA-SW-FIT,Delivery & Shipping,Normal,Logistics,A3029,0,2.0,1699.0,LOST-TRANSIT,N,"Hey,
Bought Nexa Fit around 20 May from Flipkart. Package not delivered even after 4 days.
I called the courier. Noting changed.
I want a replacement.
Rgds Komal",ticket raised for order not delivered. conf address w/ cx. full rfnd processed (1699). follow-up not required. [closed],helpdesk
TK-243484,2025-08-01 16:06,2025-08-01 16:13,2025-08-03 10:54,resolved,chat,C107737,VR885854,VA-SW-FIT,Delivery & Shipping,Normal,Logistics,A3029,0,2.0,1699.0,LOST-TRANSIT,N,"Hey,
Bought Nexa Fit around 20 May from Flipkart. Package not delivered even after 4 days.
I called the courier. Noting changed.
I want a replacement.
Rgds Komal",ticket raised for order not delivered. conf address w/ cx. full rfnd processed (1699). follow-up not required. [closed],legacy_fd
TK-243488,2025-08-01 17:46,2025-08-01 18:06,2025-08-01 18:22,resolved,voice,C101904,VR908740,VA-EB-AIR,Billing & Payments,High,Billing,A3033,0,5.0,,,N,"[IVR transcript] Really frustrating. Ordered airlite earbuds around Diwali. invoice not downloading. I already checked orders page. I want a replacement or refund, nothing else.",done ~Diya,helpdesk
TK-243488,2025-08-01 17:46,2025-08-01 18:06,2025-08-01 12:52,resolved,voice,C101904,VR908740,VA-EB-AIR,Billing & Payments,High,Billing,A3033,0,5.0,,,N,"[IVR transcript] Really frustrating. Ordered airlite earbuds around Diwali. invoice not downloading. I already checked orders page. I want a replacement or refund, nothing else.",done ~Diya,legacy_fd
TK-243518,2025-08-03 14:34,2025-08-03 14:51,2025-08-03 15:04,resolved,voice,C103350,VR884123,VA-SW-NX1,Other,Normal,Voice Frontline,A3024,0,5.0,4499.0,CANCEL,N,"NOT WHAT I EXPECTED FROM VIREO. I bought my Nexa on 25 Jul. want to canel my order. I already tried cancel button, greyed out. This is the last tiem I buy from you.","re: cancel ord | cancelled before dispatch -> cancelled, rfnd initiated",helpdesk
TK-243518,2025-08-03 14:34,2025-08-03 14:51,2025-08-03 09:34,resolved,voice,C103350,VR884123,VA-SW-NX1,Other,Normal,Voice Frontline,A3024,0,5.0,4499.0,CANCEL,N,"NOT WHAT I EXPECTED FROM VIREO. I bought my Nexa on 25 Jul. want to canel my order. I already tried cancel button, greyed out. This is the last tiem I buy from you.","re: cancel ord | cancelled before dispatch -> cancelled, rfnd initiated",legacy_fd
TK-243522,2025-08-03 16:02,2025-08-03 19:04,2025-08-03 19:44,resolved,email,C106349,VR890442,VA-SP-MINI,Connectivity,Normal,Email Frontline,A3019,0,5.0,,,N,honestly regretting this purchase. order vr890442 (orbit mini). connection drops constantly. i already kept phone in hand. escalate this to someone senior.,issue: connection dropping | advised to test in different location -> replacement raised ~Kavya,helpdesk
TK-243522,2025-08-03 16:02,2025-08-03 19:04,2025-08-03 14:14,resolved,email,C106349,VR890442,VA-SP-MINI,Connectivity,Normal,Email Frontline,A3019,0,5.0,,,N,honestly regretting this purchase. order vr890442 (orbit mini). connection drops constantly. i already kept phone in hand. escalate this to someone senior.,issue: connection dropping | advised to test in different location -> replacement raised ~Kavya,legacy_fd
TK-243526,2025-08-03 18:37,2025-08-03 22:30,2025-08-03 22:47,resolved,voice,C103569,VR904460,VA-EB-AIR,Connectivity,Normal,Voice Frontline,A3003,0,,,,N,"[IVR transcript] Really frustrating. Order VR904460 (airlite earbuds). pairing is not working. I already restarted the phone. I wannt a replacement or refund, nothing else.","Reported: unable to pair w/ phone. Walked through forget + re-pair. Advised FW update via app, rslvd. Case closed w/ cx consent. //ROH",helpdesk
TK-243526,2025-08-03 18:37,2025-08-03 22:30,2025-08-03 17:17,resolved,voice,C103569,VR904460,VA-EB-AIR,Connectivity,Normal,Voice Frontline,A3003,0,0.0,,,N,"[IVR transcript] Really frustrating. Order VR904460 (airlite earbuds). pairing is not working. I already restarted the phone. I wannt a replacement or refund, nothing else.","Reported: unable to pair w/ phone. Walked through forget + re-pair. Advised FW update via app, rslvd. Case closed w/ cx consent. //ROH",legacy_fd
TK-243537,2025-08-04 09:40,2025-08-04 10:05,2025-08-04 10:22,resolved,chat,C105435,VR889797,VA-SP-MINI,Billing & Payments,High,Billing,A3035,0,,,,N,"hi
promo code shows invalid
the mini speaker",Partial refund of discount amount issued. Issue: coupon not applied. Checked coupon validity.,helpdesk
TK-243537,2025-08-04 09:40,2025-08-04 10:05,2025-08-04 04:52,resolved,chat,C105435,VR889797,VA-SP-MINI,Billing & Payments,High,Billing,A3035,0,0.0,,,N,"hi
promo code shows invalid
the mini speaker",Partial refund of discount amount issued. Issue: coupon not applied. Checked coupon validity.,legacy_fd
TK-243541,2025-08-04 12:57,2025-08-04 12:58,2025-08-07 13:23,resolved,chat,C101339,VR890543,VA-SW-NX2,Returns & Refunds,Normal,Returns Desk,A3038,0,3.0,,,N,"hi vireo support,
ordered the nexa 2 last week.  packed the box a week ago and it's stiill here.
please call me on my registered number.
please revert,","1. Pickup not done
2. Checked pickup AWB
3. Pickup rescheduled for 10 Aug",helpdesk
TK-243541,2025-08-04 12:57,2025-08-04 12:58,2025-08-07 07:53,resolved,chat,C101339,VR890543,VA-SW-NX2,Returns & Refunds,Normal,Returns Desk,A3038,0,3.0,,,N,"hi vireo support,
ordered the nexa 2 last week.  packed the box a week ago and it's stiill here.
please call me on my registered number.
please revert,","1. Pickup not done
2. Checked pickup AWB
3. Pickup rescheduled for 10 Aug",legacy_fd
TK-243542,2025-08-04 13:08,2025-08-04 13:48,2025-08-05 15:55,closed,voice,C107462,VR895237,VA-SP-MINI,Warranty & Repair,Normal,Escalations & Warranty,A3042,0,,,,N,I sent the unit in 17 days ago and have heard nothing - VR895237 - can someone fix this?,"cx reported wty claim status. checked qc report. repair completed, shipped back. closing.",helpdesk
TK-243542,2025-08-04 13:08,2025-08-04 13:48,2025-08-05 10:25,closed,voice,C107462,VR895237,VA-SP-MINI,Warranty & Repair,Normal,Escalations & Warranty,A3042,0,0.0,,,N,I sent the unit in 17 days ago and have heard nothing - VR895237 - can someone fix this?,"cx reported wty claim status. checked qc report. repair completed, shipped back. closing.",legacy_fd
TK-243544,2025-08-04 13:54,2025-08-04 13:56,2025-08-04 14:17,resolved,chat,C105355,VR896227,VA-SW-NX2,Billing & Payments,High,Billing,A3035,0,4.0,,,N,"dear team,
my nexa 2 watch purchased last month, order vr896227.  upi shows success, your app shows nothing.
i checked bank statement.
please help.",cx: amount deducted without order | asked for utr -> order manually created,helpdesk
TK-243544,2025-08-04 13:54,2025-08-04 13:56,2025-08-04 08:47,resolved,chat,C105355,VR896227,VA-SW-NX2,Billing & Payments,High,Billing,A3035,0,4.0,,,N,"dear team,
my nexa 2 watch purchased last month, order vr896227.  upi shows success, your app shows nothing.
i checked bank statement.
please help.",cx: amount deducted without order | asked for utr -> order manually created,legacy_fd
TK-243551,2025-08-04 18:58,2025-08-05 07:26,2025-08-05 07:45,resolved,email,C104724,VR895541,VA-EB-PL1,App & Firmware,Normal,Email Frontline,A3018,0,2.0,,,N,"hi
it's showing a spinning circle for hours
my pulse
anyone there",Replacement raised (bricked). Issue: FW update stuck. Asked cx to keep in case 30 min. (SOP 3.1) ~Sukhwinder,helpdesk
TK-243551,2025-08-04 18:58,2025-08-05 07:26,2025-08-05 02:15,resolved,email,C104724,VR895541,VA-EB-PL1,App & Firmware,Normal,Email Frontline,A3018,0,2.0,,,N,"hi
it's showing a spinning circle for hours
my pulse
anyone there",Replacement raised (bricked). Issue: FW update stuck. Asked cx to keep in case 30 min. (SOP 3.1) ~Sukhwinder,legacy_fd
TK-243564,2025-08-05 12:31,2025-08-05 12:34,2025-08-05 12:51,resolved,chat,C105800,VR907140,VA-EB-AIR,Billing & Payments,Normal,Billing,A3034,0,4.0,,,N,"HELLO
PAYMENT WENT THROUGH BUT I GOT NO ORDER ID","1. Payment debited, no order
2. Checked PG dashboard for txn
3. Refund processed to source -MM",helpdesk
TK-243564,2025-08-05 12:31,2025-08-05 12:34,2025-08-05 07:21,resolved,chat,C105800,VR907140,VA-EB-AIR,Billing & Payments,Normal,Billing,A3034,0,4.0,,,N,"HELLO
PAYMENT WENT THROUGH BUT I GOT NO ORDER ID","1. Payment debited, no order
2. Checked PG dashboard for txn
3. Refund processed to source -MM",legacy_fd
TK-243578,2025-08-05 19:11,2025-08-05 20:09,2025-08-11 00:38,resolved,social,C104968,VR883260,VA-SW-NX2,Warranty & Repair,Normal,Escalations & Warranty,A3040,0,,6499.0,WTY-BUYBACK,N,"Really frustrating.  Fourth time writing about the same thing. the Nexa 2 purchased around Diwali, order VR883260. warranty claim pending for 12 days. I already emailed twice. I want a replacement or refund, nothing else.","prev ticket closed, issue recurred. refund of rs 6499 initiated to source. issue: rma status query. followed up with service centre.",helpdesk
TK-243578,2025-08-05 19:11,2025-08-05 20:09,2025-08-10 19:08,resolved,social,C104968,VR883260,VA-SW-NX2,Warranty & Repair,Normal,Escalations & Warranty,A3040,0,0.0,6499.0,WTY-BUYBACK,N,"Really frustrating.  Fourth time writing about the same thing. the Nexa 2 purchased around Diwali, order VR883260. warranty claim pending for 12 days. I already emailed twice. I want a replacement or refund, nothing else.","prev ticket closed, issue recurred. refund of rs 6499 initiated to source. issue: rma status query. followed up with service centre.",legacy_fd
TK-243579,2025-08-05 20:22,2025-08-05 21:27,2025-08-05 21:58,resolved,email,C100166,,VA-NB-ARC,Audio Quality,Normal,Email Frontline,A3021,0,,,,N,"hey,
bought teh neckband around 20-02-2025 from amazon. callers keep asking me to repat myself since recently.
i tried different apps.
please advise.
thanks in advance,",cx reported low mic pickup. tested on call with cx. fw update advised.,helpdesk
TK-243579,2025-08-05 20:22,2025-08-05 21:27,2025-08-05 16:28,resolved,email,C100166,,VA-NB-ARC,Audio Quality,Normal,Email Frontline,A3021,0,0.0,,,N,"hey,
bought teh neckband around 20-02-2025 from amazon. callers keep asking me to repat myself since recently.
i tried different apps.
please advise.
thanks in advance,",cx reported low mic pickup. tested on call with cx. fw update advised.,legacy_fd
TK-243580,2025-08-05 21:32,2025-08-05 21:46,2025-08-05 22:17,resolved,voice,C104869,VR893827,VA-EB-PL1,Connectivity,Normal,Voice Frontline,A3011,0,3.0,,,N,"hi
third time now.
cannot pair pulse 1 with my laptop
pulse 1 VR893827","cx unhappy, contacted earlier re same. done",helpdesk
TK-243580,2025-08-05 21:32,2025-08-05 21:46,2025-08-05 16:47,resolved,voice,C104869,VR893827,VA-EB-PL1,Connectivity,Normal,Voice Frontline,A3011,0,3.0,,,N,"hi
third time now.
cannot pair pulse 1 with my laptop
pulse 1 VR893827","cx unhappy, contacted earlier re same. done",legacy_fd
TK-243583,2025-08-06 12:20,2025-08-06 12:51,2025-08-06 13:16,resolved,email,C106271,VR908043,VA-SW-NX2,App & Firmware,Normal,Email Frontline,A3022,0,2.0,,,N,"Dear Sir/Madam, Order VR908043 (Nexa 2). The app closes ittself the moment I tap on my device. I clearred cache. How do I get this fixed? Please revert Tenzin Jadhav","customer states app crash on device page. checked app version. advised beta build, resolved. cx satisfied on chat. -YM",helpdesk
TK-243583,2025-08-06 12:20,2025-08-06 12:51,2025-08-06 07:46,resolved,email,C106271,VR908043,VA-SW-NX2,App & Firmware,Normal,Email Frontline,A3022,0,2.0,,,N,"Dear Sir/Madam, Order VR908043 (Nexa 2). The app closes ittself the moment I tap on my device. I clearred cache. How do I get this fixed? Please revert Tenzin Jadhav","customer states app crash on device page. checked app version. advised beta build, resolved. cx satisfied on chat. -YM",legacy_fd
TK-243584,2025-08-06 13:06,2025-08-06 13:12,2025-08-06 13:37,resolved,chat,C107155,VR899759,VA-EB-PL1,Charging & Battery,Normal,Chat Frontline,A3006,0,,,,N,"Hi there, I bought the Pulse buds on 26 Jul. Case wont charge since 2 weeks ago. Please resolve asap.",Ticket raaised for case no LED / no charge. Checked for lit in port. Escalated to warranty. Closing. -TS,helpdesk
TK-243584,2025-08-06 13:06,2025-08-06 13:12,2025-08-06 08:07,resolved,chat,C107155,VR899759,VA-EB-PL1,Charging & Battery,Normal,Chat Frontline,A3006,0,0.0,,,N,"Hi there, I bought the Pulse buds on 26 Jul. Case wont charge since 2 weeks ago. Please resolve asap.",Ticket raaised for case no LED / no charge. Checked for lit in port. Escalated to warranty. Closing. -TS,legacy_fd
TK-243594,2025-08-06 22:17,2025-08-06 23:36,2025-08-06 23:48,resolved,email,C107472,,VA-SP-MINI,Product Enquiry,Normal,Email Frontline,A3016,1,2.0,,,N,can I connect two Orbit Mini together,- [closed],helpdesk
TK-243594,2025-08-06 22:17,2025-08-06 23:36,2025-08-06 18:18,resolved,email,C107472,,VA-SP-MINI,Product Enquiry,Normal,Email Frontline,A3016,1,2.0,,,N,can I connect two Orbit Mini together,- [closed],legacy_fd
TK-243595,2025-08-06 22:44,2025-08-07 06:16,2025-08-07 06:38,closed,email,C105813,,VA-SP-ORB,Delivery & Shipping,Low,Logistics,A3028,0,3.0,,,N,"Hi Vireo support,
This is the second time I am writing about this. I bought the Orbit smart speaker on 05 Jul. Tracking has said out for delivery for a week now.
Can someone fix this?
Regards Nikhil",cx says shipment not received. checked awb w/ courier. rfnd initiated as lost in transit. will monitor.,helpdesk
TK-243595,2025-08-06 22:44,2025-08-07 06:16,2025-08-07 01:08,closed,email,C105813,,VA-SP-ORB,Delivery & Shipping,Low,Logistics,A3028,0,3.0,,,N,"Hi Vireo support,
This is the second time I am writing about this. I bought the Orbit smart speaker on 05 Jul. Tracking has said out for delivery for a week now.
Can someone fix this?
Regards Nikhil",cx says shipment not received. checked awb w/ courier. rfnd initiated as lost in transit. will monitor.,legacy_fd
TK-243618,2025-08-07 23:21,2025-08-07 23:24,2025-08-07 23:32,resolved,chat,C102510,VR903714,VA-EB-PL2,Billing & Payments,High,Billing,A3034,0,4.0,3324.0,PRICE-ADJ,N,"hello
coupon code not workig
the pulse 2 earbuds","1. Promo code invalid
2. Checked cart eligibility
3. Refunded Rs 3324 -MM",helpdesk
TK-243618,2025-08-07 23:21,2025-08-07 23:24,2025-08-07 18:02,resolved,chat,C102510,VR903714,VA-EB-PL2,Billing & Payments,High,Billing,A3034,0,4.0,3324.0,PRICE-ADJ,N,"hello
coupon code not workig
the pulse 2 earbuds","1. Promo code invalid
2. Checked cart eligibility
3. Refunded Rs 3324 -MM",legacy_fd
TK-243621,2025-08-08 09:31,2025-08-08 09:32,2025-08-08 09:45,resolved,chat,C109275,VR905943,VA-HP-ST3,Product Enquiry,Normal,Chat Frontline,A3011,0,4.0,,,N,"does the strata 3 work with iphone, vr905943, need this sorted this week",closed,helpdesk
TK-243621,2025-08-08 09:31,2025-08-08 09:32,2025-08-08 04:15,resolved,chat,C109275,VR905943,VA-HP-ST3,Product Enquiry,Normal,Chat Frontline,A3011,0,4.0,,,N,"does the strata 3 work with iphone, vr905943, need this sorted this week",closed,legacy_fd
TK-243623,2025-08-08 10:39,2025-08-08 16:13,2025-08-10 17:59,resolved,email,C108760,VR907414,VA-HP-ST2,Warranty & Repair,High,Escalations & Warranty,A3044,0,,3999.0,DOA-REPL,N,I have been a loyal customer and this is how u treat me.  Ordered my Strtaa 2 headphones 3 weeks back. product arrived damaged. I alerady refused nothing as I didn't notice till later. Escalate this to someone senior.,"Ticket raised for transit damage. Photos rcvd, damage confirmed. Full rfnd processed (3999).",helpdesk
TK-243623,2025-08-08 10:39,2025-08-08 16:13,2025-08-10 12:29,resolved,email,C108760,VR907414,VA-HP-ST2,Warranty & Repair,High,Escalations & Warranty,A3044,0,0.0,3999.0,DOA-REPL,N,I have been a loyal customer and this is how u treat me.  Ordered my Strtaa 2 headphones 3 weeks back. product arrived damaged. I alerady refused nothing as I didn't notice till later. Escalate this to someone senior.,"Ticket raised for transit damage. Photos rcvd, damage confirmed. Full rfnd processed (3999).",legacy_fd
TK-243626,2025-08-08 11:46,2025-08-08 13:36,2025-08-09 13:46,resolved,voice,C100506,VR888297,VA-SW-NX1,Delivery & Shipping,Normal,Logistics,A3028,0,2.0,,,N,[IVR transcript] I haven't received my order - VR888297 - i want a replacement,ticket raised for order not delivered. raised ticket with crr partner. re-shipped from warehouse. cx satisfied on chat.,helpdesk
TK-243626,2025-08-08 11:46,2025-08-08 13:36,2025-08-09 08:16,resolved,voice,C100506,VR888297,VA-SW-NX1,Delivery & Shipping,Normal,Logistics,A3028,0,2.0,,,N,[IVR transcript] I haven't received my order - VR888297 - i want a replacement,ticket raised for order not delivered. raised ticket with crr partner. re-shipped from warehouse. cx satisfied on chat.,legacy_fd
TK-243627,2025-08-08 13:20,2025-08-08 15:09,2025-08-16 22:09,resolved,email,C109455,VR888823,VA-HP-ST2,Warranty & Repair,Normal,Escalations & Warranty,A3040,0,2.0,,,Y,"Raised this 3 weeks ago and was told it was resolved. Strata 2 purchased around Diwali, order VR888823. I sent the unit in 17 days ago and have heard nothing.
I emailed twice.
Please advise.
Regards Harsh","ticket raised for rma status query. checked rma status. replacement approved, reverse pickup arranged.",helpdesk
TK-243627,2025-08-08 13:20,2025-08-08 15:09,2025-08-16 16:39,resolved,email,C109455,VR888823,VA-HP-ST2,Warranty & Repair,Normal,Escalations & Warranty,A3040,0,2.0,,,Y,"Raised this 3 weeks ago and was told it was resolved. Strata 2 purchased around Diwali, order VR888823. I sent the unit in 17 days ago and have heard nothing.
I emailed twice.
Please advise.
Regards Harsh","ticket raised for rma status query. checked rma status. replacement approved, reverse pickup arranged.",legacy_fd
TK-243634,2025-08-08 16:16,2025-08-09 04:02,2025-08-09 04:41,resolved,email,C107477,VR885086,VA-EB-PL1,Connectivity,Normal,Email Frontline,A3003,0,,,,N,"product: pulse earbuds
order: vr885086
purchased: july 01
issue: bluetooth keeps cutting out
tried: kept phone in hand
expected: rseolution",Cx says intermittent disconnects. chk FW 1.4.10. FW update resolved. Cx informed. //ROH,helpdesk
TK-243634,2025-08-08 16:16,2025-08-09 04:02,2025-08-08 23:11,resolved,email,C107477,VR885086,VA-EB-PL1,Connectivity,Normal,Email Frontline,A3003,0,0.0,,,N,"product: pulse earbuds
order: vr885086
purchased: july 01
issue: bluetooth keeps cutting out
tried: kept phone in hand
expected: rseolution",Cx says intermittent disconnects. chk FW 1.4.10. FW update resolved. Cx informed. //ROH,legacy_fd
TK-243637,2025-08-08 19:07,2025-08-08 20:14,,pending,email,C106389,,VA-EB-PL2,Product Enquiry,Normal,Email Frontline,A3019,0,,,,N,before I buy - will this talk to a 2019 Samsung,re: pre-sales query | shared compatibility info -> query answered (sop 4.2),helpdesk
TK-243637,2025-08-08 19:07,2025-08-08 20:14,,pending,email,C106389,,VA-EB-PL2,Product Enquiry,Normal,Email Frontline,A3019,0,0.0,,,N,before I buy - will this talk to a 2019 Samsung,re: pre-sales query | shared compatibility info -> query answered (sop 4.2),legacy_fd
TK-243654,2025-08-09 16:20,2025-08-09 16:25,2025-08-09 16:41,resolved,chat,C105385,VR890775,VA-SP-MINI,Other,Normal,Chat Frontline,A3005,0,,,,N,"Dear Sir/Madam,

I am writing with reference to my order of orbit mini (VR890775) placed on 27 Jul. Entered wrong pincode. I have tried editing in app. I request you to look into this matter at the earliest.

Yours faithfully,
Simran Bhatia","address update | checked dispatch status -> already dispatched, advised to redirect w/ crr",helpdesk
TK-243654,2025-08-09 16:20,2025-08-09 16:25,2025-08-09 11:11,resolved,chat,C105385,VR890775,VA-SP-MINI,Other,Normal,Chat Frontline,A3005,0,0.0,,,N,"Dear Sir/Madam,

I am writing with reference to my order of orbit mini (VR890775) placed on 27 Jul. Entered wrong pincode. I have tried editing in app. I request you to look into this matter at the earliest.

Yours faithfully,
Simran Bhatia","address update | checked dispatch status -> already dispatched, advised to redirect w/ crr",legacy_fd
TK-243682,2025-08-10 15:40,2025-08-10 15:46,2025-08-10 16:05,closed,chat,C107000,VR887642,VA-EB-PL1,Billing & Payments,High,Billing,A3033,0,3.0,,,N,I have been a loyal customer and this is how you treat me. Order VR887642 (my Pulse). the page failed after I paid and now nothing shows in my account. I already tried logging out and in. Refund. Now.,"Customer reached out - payment debited, no order. Asked for UTR. Order manually created. Cx satisfied on chat. ~Diya",helpdesk
TK-243682,2025-08-10 15:40,2025-08-10 15:46,2025-08-10 10:35,closed,chat,C107000,VR887642,VA-EB-PL1,Billing & Payments,High,Billing,A3033,0,3.0,,,N,I have been a loyal customer and this is how you treat me. Order VR887642 (my Pulse). the page failed after I paid and now nothing shows in my account. I already tried logging out and in. Refund. Now.,"Customer reached out - payment debited, no order. Asked for UTR. Order manually created. Cx satisfied on chat. ~Diya",legacy_fd
TK-243701,2025-08-11 07:34,2025-08-11 07:39,2025-08-14 08:13,closed,chat,C102488,VR889194,VA-SP-ORB,Returns & Refunds,Normal,Returns Desk,A3028,1,2.0,,,N,"Dear Sir/Madam,

Same issue, third ticket. I am writing with reefrence to my order of teh Orbit smart speaker (VR889194) plced on 05/06. Still waiting for my refund. I have chceked bank. I request you to process a refund to my original payment method.

Regards,
Aarav Tiawri",refund reprocessed,helpdesk
TK-243701,2025-08-11 07:34,2025-08-11 07:39,2025-08-14 02:43,closed,chat,C102488,VR889194,VA-SP-ORB,Returns & Refunds,Normal,Returns Desk,A3028,1,2.0,,,N,"Dear Sir/Madam,

Same issue, third ticket. I am writing with reefrence to my order of teh Orbit smart speaker (VR889194) plced on 05/06. Still waiting for my refund. I have chceked bank. I request you to process a refund to my original payment method.

Regards,
Aarav Tiawri",refund reprocessed,legacy_fd
TK-243710,2025-08-11 12:17,2025-08-11 13:32,2025-08-11 13:54,resolved,social,C103819,VR882080,VA-SW-NX2,Billing & Payments,High,Billing,A3035,0,,,,N,"to the vireo customer care team,

i am writing with reference to my order of nexa 2 (vr882080) placed on august 02. i was promised a discount on the call, invoice shows none. i have tried in caps. i request you to provide a resolution within 3 working days.

sincerely,
harpreet srivastava
indore","cx: coupon not applied | checked coupon validity -> advised coupon terms, resolved",helpdesk
TK-243710,2025-08-11 12:17,2025-08-11 13:32,2025-08-11 08:24,resolved,social,C103819,VR882080,VA-SW-NX2,Billing & Payments,High,Billing,A3035,0,0.0,,,N,"to the vireo customer care team,

i am writing with reference to my order of nexa 2 (vr882080) placed on august 02. i was promised a discount on the call, invoice shows none. i have tried in caps. i request you to provide a resolution within 3 working days.

sincerely,
harpreet srivastava
indore","cx: coupon not applied | checked coupon validity -> advised coupon terms, resolved",legacy_fd
TK-243716,2025-08-11 15:32,2025-08-11 15:35,2025-08-11 16:05,resolved,chat,C106958,VR891716,VA-EB-AIR,Connectivity,Normal,Chat Frontline,A3014,0,,,,N,"Hi,
This is regarding AirLite.  Random disconnects during calls.
I turned off wifi. Nothing changed.
This is v disappointing.
Please help.
Thank u",-,helpdesk
TK-243716,2025-08-11 15:32,2025-08-11 15:35,2025-08-11 10:35,resolved,chat,C106958,VR891716,VA-EB-AIR,Connectivity,Normal,Chat Frontline,A3014,0,0.0,,,N,"Hi,
This is regarding AirLite.  Random disconnects during calls.
I turned off wifi. Nothing changed.
This is v disappointing.
Please help.
Thank u",-,legacy_fd
TK-243722,2025-08-11 17:09,2025-08-11 17:14,2025-08-14 17:39,resolved,chat,C101326,VR903649,VA-SP-ORB,Delivery & Shipping,Normal,Logistics,A3031,0,4.0,,,N,"Dear team,
I bought Obrit speaker on 11/08. Package not deliveed even after 4 days.
Need this sorted this week.
Thanks & regards,","1. Shipment not rcvd
2. chk AWB w/ crr
3. Re-shipped from warehouse",helpdesk
TK-243722,2025-08-11 17:09,2025-08-11 17:14,2025-08-14 12:09,resolved,chat,C101326,VR903649,VA-SP-ORB,Delivery & Shipping,Normal,Logistics,A3031,0,4.0,,,N,"Dear team,
I bought Obrit speaker on 11/08. Package not deliveed even after 4 days.
Need this sorted this week.
Thanks & regards,","1. Shipment not rcvd
2. chk AWB w/ crr
3. Re-shipped from warehouse",legacy_fd
TK-243726,2025-08-11 21:02,2025-08-11 21:59,2025-08-11 22:04,resolved,email,C105132,VR897743,VA-EB-PL2,Other,Normal,Email Frontline,A3021,0,4.0,,,N,will this survive a shower - VR897743,query answered,helpdesk
TK-243726,2025-08-11 21:02,2025-08-11 21:59,2025-08-11 16:34,resolved,email,C105132,VR897743,VA-EB-PL2,Other,Normal,Email Frontline,A3021,0,4.0,,,N,will this survive a shower - VR897743,query answered,legacy_fd
TK-243730,2025-08-12 08:43,2025-08-12 08:45,2025-08-12 09:23,resolved,chat,C106946,VR904178,VA-NB-ARC,Connectivity,Normal,Chat Frontline,A3004,0,3.0,,,N,"Daer team, Order VR904178 (the neckband). Pairing is not working. I restarted the phone. Nothnig changed. I want my money back. Please revert, Sheya Ghosh","customer states pairing failure. asked cx to reset the device. re-pair successful, resolved on chat.",helpdesk
TK-243730,2025-08-12 08:43,2025-08-12 08:45,2025-08-12 03:53,resolved,chat,C106946,VR904178,VA-NB-ARC,Connectivity,Normal,Chat Frontline,A3004,0,3.0,,,N,"Daer team, Order VR904178 (the neckband). Pairing is not working. I restarted the phone. Nothnig changed. I want my money back. Please revert, Sheya Ghosh","customer states pairing failure. asked cx to reset the device. re-pair successful, resolved on chat.",legacy_fd
TK-243733,2025-08-12 10:48,2025-08-12 16:13,2025-08-12 16:36,resolved,social,C108283,VR887372,VA-HP-ST2,App & Firmware,Normal,Chat Frontline,A3008,0,2.0,,,N,"Dear Sir/Madam,

I am writing with reference to my order of Strata 2 (VR887372) placed on 10-07-2025. Since the last update the app just shows a white screen. I have cleared cache. I request you to look into this matter at the earliest.

Yours faithfully,
Shreya Patil","cust contacted re app not opening. chk app version. bug logged, workaround shared. cx informed.",helpdesk
TK-243733,2025-08-12 10:48,2025-08-12 16:13,2025-08-12 11:06,resolved,social,C108283,VR887372,VA-HP-ST2,App & Firmware,Normal,Chat Frontline,A3008,0,2.0,,,N,"Dear Sir/Madam,

I am writing with reference to my order of Strata 2 (VR887372) placed on 10-07-2025. Since the last update the app just shows a white screen. I have cleared cache. I request you to look into this matter at the earliest.

Yours faithfully,
Shreya Patil","cust contacted re app not opening. chk app version. bug logged, workaround shared. cx informed.",legacy_fd
TK-243737,2025-08-12 11:42,2025-08-12 11:43,,open,chat,C105244,VR902636,VA-EB-PL2,Other,Normal,Chat Frontline,A3012,0,,6998.0,CANCEL,N,"Dear Sir/Madam,

I am writing w/ reference to my order of my Pulse 2 placed on 29 Jul. Cancle order. I have tried cancel button, greyed out. I request you to kindly arrange a replacement.

Yours faithfully,
Rameesh Bhatia",Ticket raised for cancellation request. Cancelled before dispatch. Full rfnd processed (6998). (SOP 5.4),helpdesk
TK-243737,2025-08-12 11:42,2025-08-12 11:43,,open,chat,C105244,VR902636,VA-EB-PL2,Other,Normal,Chat Frontline,A3012,0,0.0,6998.0,CANCEL,N,"Dear Sir/Madam,

I am writing w/ reference to my order of my Pulse 2 placed on 29 Jul. Cancle order. I have tried cancel button, greyed out. I request you to kindly arrange a replacement.

Yours faithfully,
Rameesh Bhatia",Ticket raised for cancellation request. Cancelled before dispatch. Full rfnd processed (6998). (SOP 5.4),legacy_fd
TK-243756,2025-08-13 09:40,2025-08-13 09:40,2025-08-13 09:57,resolved,chat,C108384,VR895559,VA-HP-ST3,Account & Login,Low,Chat Frontline,A3006,0,4.0,,,N,"hi, i bought the strata 3 on 12/03.  your site keeps saying it sent me a code & my phone disagrees. please help.",Account unlocked. Issue: unable to log in. Checked number on account. -TS,helpdesk
TK-243756,2025-08-13 09:40,2025-08-13 09:40,2025-08-13 04:27,resolved,chat,C108384,VR895559,VA-HP-ST3,Account & Login,Low,Chat Frontline,A3006,0,4.0,,,N,"hi, i bought the strata 3 on 12/03.  your site keeps saying it sent me a code & my phone disagrees. please help.",Account unlocked. Issue: unable to log in. Checked number on account. -TS,legacy_fd
TK-243761,2025-08-13 13:53,2025-08-13 13:56,2025-08-13 14:15,resolved,chat,C102455,,VA-SW-NX2,Other,Normal,Chat Frontline,A3027,0,3.0,,,N,it connects for a second and then vanishes from the device list,"Reported: pairing failure. Asked cx to reset the device. adv FW update via app, rslvd.",helpdesk
TK-243761,2025-08-13 13:53,2025-08-13 13:56,2025-08-13 08:45,resolved,chat,C102455,,VA-SW-NX2,Other,Normal,Chat Frontline,A3027,0,3.0,,,N,it connects for a second and then vanishes from the device list,"Reported: pairing failure. Asked cx to reset the device. adv FW update via app, rslvd.",legacy_fd
TK-243764,2025-08-13 14:44,2025-08-13 14:47,2025-08-13 15:21,resolved,chat,C102909,VR902874,VA-SW-FIT,Charging & Battery,Normal,Chat Frontline,A3005,0,3.0,,,N,"hello ji
the promised 24 hours is nowhere close, i get maybe 2
kuch karo
nexa fit VR902874
hello??",re: battery draining fast | chk fw 1.6.9 -> rplc raised after test,helpdesk
TK-243764,2025-08-13 14:44,2025-08-13 14:47,2025-08-13 09:51,resolved,chat,C102909,VR902874,VA-SW-FIT,Charging & Battery,Normal,Chat Frontline,A3005,0,3.0,,,N,"hello ji
the promised 24 hours is nowhere close, i get maybe 2
kuch karo
nexa fit VR902874
hello??",re: battery draining fast | chk fw 1.6.9 -> rplc raised after test,legacy_fd
TK-243765,2025-08-13 15:49,2025-08-13 16:49,2025-08-13 17:03,resolved,voice,C100259,VR883769,VA-EB-PL2,Delivery & Shipping,High,Logistics,A3029,0,4.0,,,N,"Hi there,
Ordered my Pulse 2 recently.  Package not delivered even after 13 days.
I called the courier.
Honestly regretting this purchase.
Please advise.
Please revert, Faisal Verma",cx says ord not delivered. conf address w/ cx. rfnd initiated as lost in transit. cx informed. [closed],helpdesk
TK-243765,2025-08-13 15:49,2025-08-13 16:49,2025-08-13 11:33,resolved,voice,C100259,VR883769,VA-EB-PL2,Delivery & Shipping,High,Logistics,A3029,0,4.0,,,N,"Hi there,
Ordered my Pulse 2 recently.  Package not delivered even after 13 days.
I called the courier.
Honestly regretting this purchase.
Please advise.
Please revert, Faisal Verma",cx says ord not delivered. conf address w/ cx. rfnd initiated as lost in transit. cx informed. [closed],legacy_fd
TK-243767,2025-08-13 16:28,2025-08-13 16:47,2025-08-13 17:15,resolved,voice,C102413,,VA-SP-ORB,Delivery & Shipping,Low,Logistics,A3029,0,5.0,,,N,"Got my Orbit from vireo.in 3 weeks back. Paid on 03/08, still waiting for something to show up. I checked the tracking page daily. What do I do now?","cx states dlvry delayed. conf address w/ cx. rto conf, reshipped. will monitor. [closed]",helpdesk
TK-243767,2025-08-13 16:28,2025-08-13 16:47,2025-08-13 11:45,resolved,voice,C102413,,VA-SP-ORB,Delivery & Shipping,Low,Logistics,A3029,0,5.0,,,N,"Got my Orbit from vireo.in 3 weeks back. Paid on 03/08, still waiting for something to show up. I checked the tracking page daily. What do I do now?","cx states dlvry delayed. conf address w/ cx. rto conf, reshipped. will monitor. [closed]",legacy_fd
TK-243773,2025-08-13 20:19,2025-08-13 20:23,2025-08-15 23:15,resolved,chat,C101634,VR889646,VA-EB-AIR,Warranty & Repair,Normal,Escalations & Warranty,A3040,0,,,,Y,"namaste, got airlite from vireo.in 2 weeks ago. only one side plays sound. i checked balance settings. nothing changed. need this sorted this week. thank you","replacement raised, rma shared with cx. issue: single side audio only. wlked through reset.",helpdesk
TK-243773,2025-08-13 20:19,2025-08-13 20:23,2025-08-15 17:45,resolved,chat,C101634,VR889646,VA-EB-AIR,Warranty & Repair,Normal,Escalations & Warranty,A3040,0,0.0,,,Y,"namaste, got airlite from vireo.in 2 weeks ago. only one side plays sound. i checked balance settings. nothing changed. need this sorted this week. thank you","replacement raised, rma shared with cx. issue: single side audio only. wlked through reset.",legacy_fd
TK-243779,2025-08-13 21:06,2025-08-13 22:35,2025-08-13 22:45,resolved,email,C105925,VR903591,VA-SP-MINI,Account & Login,Low,Email Frontline,A3002,0,4.0,,,N,"Product: orbit mini
Order: VR903591
Purchased: 11-04-2025
Issue: not receiving OTP to login
Tried: tried 5 times
Expected: replacement","cx reported login issue. checked number on account. number updated, resolved.",helpdesk
TK-243779,2025-08-13 21:06,2025-08-13 22:35,2025-08-13 17:15,resolved,email,C105925,VR903591,VA-SP-MINI,Account & Login,Low,Email Frontline,A3002,0,4.0,,,N,"Product: orbit mini
Order: VR903591
Purchased: 11-04-2025
Issue: not receiving OTP to login
Tried: tried 5 times
Expected: replacement","cx reported login issue. checked number on account. number updated, resolved.",legacy_fd
TK-243798,2025-08-14 11:44,2025-08-14 12:07,2025-08-14 12:55,resolved,social,C102958,VR884781,VA-EB-PL2,Other,Low,Chat Frontline,A3037,1,,,,N,"not acceptable at this price. bought pulse 2 around 28/07 from vireo.in. left earbud not charging, right one is fine. i already tried a different cable. escalate this to someone senior.","1. Left bud not charging
2. conf FW 2.3.8
3. Transferred to Returns Desk
4. adv to observe for 48h and revert",helpdesk
TK-243798,2025-08-14 11:44,2025-08-14 12:07,2025-08-14 07:25,resolved,social,C102958,VR884781,VA-EB-PL2,Other,Low,Chat Frontline,A3037,1,0.0,,,N,"not acceptable at this price. bought pulse 2 around 28/07 from vireo.in. left earbud not charging, right one is fine. i already tried a different cable. escalate this to someone senior.","1. Left bud not charging
2. conf FW 2.3.8
3. Transferred to Returns Desk
4. adv to observe for 48h and revert",legacy_fd
TK-243801,2025-08-14 12:49,2025-08-14 12:56,2025-08-14 13:24,resolved,chat,C104445,VR880906,VA-AC-CH65,Returns & Refunds,Normal,Returns Desk,A3036,0,3.0,1499.0,RETURN-QC-OK,N,"Product: 65W charger
Order: VR880906
Purchased: 19 Jul
Issue: the return was accepted but the amount is nowhere in my account
Tried: checked bank
Expected: callback",Customer reached out - refund pending. Checked reverse pickup QC status. Refund confirmed credited. Cx informed.,helpdesk
TK-243801,2025-08-14 12:49,2025-08-14 12:56,2025-08-14 07:54,resolved,chat,C104445,VR880906,VA-AC-CH65,Returns & Refunds,Normal,Returns Desk,A3036,0,3.0,1499.0,RETURN-QC-OK,N,"Product: 65W charger
Order: VR880906
Purchased: 19 Jul
Issue: the return was accepted but the amount is nowhere in my account
Tried: checked bank
Expected: callback",Customer reached out - refund pending. Checked reverse pickup QC status. Refund confirmed credited. Cx informed.,legacy_fd
TK-243802,2025-08-14 13:16,2025-08-14 13:22,2025-08-14 13:41,resolved,chat,C109145,VR900852,VA-EB-AIR,App & Firmware,Normal,Chat Frontline,A3012,0,4.0,,,N,"Product: AirLite
Order: VR900852
Purchased: 13 May
Issue: it's showing a spinning circle for hourrs
Tried: restarted the app
Expected: resolution",Cust contacted re fw update failed. Walked through recovery mode. rplc raised (bricked).,helpdesk
TK-243802,2025-08-14 13:16,2025-08-14 13:22,2025-08-14 08:11,resolved,chat,C109145,VR900852,VA-EB-AIR,App & Firmware,Normal,Chat Frontline,A3012,0,4.0,,,N,"Product: AirLite
Order: VR900852
Purchased: 13 May
Issue: it's showing a spinning circle for hourrs
Tried: restarted the app
Expected: resolution",Cust contacted re fw update failed. Walked through recovery mode. rplc raised (bricked).,legacy_fd
TK-243811,2025-08-14 19:46,2025-08-14 23:53,2025-08-15 00:19,resolved,email,C107719,VR882903,VA-NB-ARC,Charging & Battery,Normal,Email Frontline,A3017,0,4.0,,,N,"Namaste,
Got the neckband from vireo.in last week. Goes from full to empty during one commute.
I updated the app. Nothing changed.
What do I do now?",escaalted to warranty ~Kabir,helpdesk
TK-243811,2025-08-14 19:46,2025-08-14 23:53,2025-08-14 18:49,resolved,email,C107719,VR882903,VA-NB-ARC,Charging & Battery,Normal,Email Frontline,A3017,0,4.0,,,N,"Namaste,
Got the neckband from vireo.in last week. Goes from full to empty during one commute.
I updated the app. Nothing changed.
What do I do now?",escaalted to warranty ~Kabir,legacy_fd
TK-243816,2025-08-14 20:23,2025-08-14 20:36,2025-08-14 21:04,resolved,chat,C109444,VR899856,VA-SW-NX1,App & Firmware,Normal,Chat Frontline,A3007,0,3.0,,,N,Pathetic experience honestly. I bought Nexa wach on August 19. the Vireo app keeeps crashing. I already rinstalled the app. Escalate this to someone senior.,"re: app crashing | asked for phone model + os -> bug logged, workaround shared (SOP 4.2)",helpdesk
TK-243816,2025-08-14 20:23,2025-08-14 20:36,2025-08-14 15:34,resolved,chat,C109444,VR899856,VA-SW-NX1,App & Firmware,Normal,Chat Frontline,A3007,0,3.0,,,N,Pathetic experience honestly. I bought Nexa wach on August 19. the Vireo app keeeps crashing. I already rinstalled the app. Escalate this to someone senior.,"re: app crashing | asked for phone model + os -> bug logged, workaround shared (SOP 4.2)",legacy_fd
TK-243819,2025-08-14 21:13,2025-08-14 21:36,2025-08-14 22:01,resolved,voice,C100986,VR889959,VA-EB-PL2,Account & Login,Normal,Voice Frontline,A3025,0,3.0,,,N,"sir ji
cannot logn to my account",cust contacted re otp not received. checked number on account. account unlocked. cx satisfied on chat.,helpdesk
TK-243819,2025-08-14 21:13,2025-08-14 21:36,2025-08-14 16:31,resolved,voice,C100986,VR889959,VA-EB-PL2,Account & Login,Normal,Voice Frontline,A3025,0,3.0,,,N,"sir ji
cannot logn to my account",cust contacted re otp not received. checked number on account. account unlocked. cx satisfied on chat.,legacy_fd
TK-243825,2025-08-15 08:37,2025-08-15 08:50,2025-08-16 09:15,resolved,voice,C101199,VR901857,VA-SW-NX2,Returns & Refunds,Normal,Returns Desk,A3036,0,2.0,6499.0,RETURN-QC-OK,N,"hello
where is the money for the return",Customer reached out - refund delay. Checked reverse pickup QC status. Refund confirmed credited. Closing.,helpdesk
TK-243825,2025-08-15 08:37,2025-08-15 08:50,2025-08-16 03:45,resolved,voice,C101199,VR901857,VA-SW-NX2,Returns & Refunds,Normal,Returns Desk,A3036,0,2.0,6499.0,RETURN-QC-OK,N,"hello
where is the money for the return",Customer reached out - refund delay. Checked reverse pickup QC status. Refund confirmed credited. Closing.,legacy_fd
TK-243836,2025-08-15 15:22,2025-08-15 16:07,2025-08-15 16:19,resolved,voice,C103296,VR891397,VA-NB-ARC,Product Enquiry,Normal,Voice Frontline,A3026,0,3.0,,,N,[IVR transcript] is arc neckband compatible with my tv vr891397,cx reported product enquiry. shared compatibility info. cx satisfied. ~Vihaan,helpdesk
TK-243836,2025-08-15 15:22,2025-08-15 16:07,2025-08-15 10:49,resolved,voice,C103296,VR891397,VA-NB-ARC,Product Enquiry,Normal,Voice Frontline,A3026,0,3.0,,,N,[IVR transcript] is arc neckband compatible with my tv vr891397,cx reported product enquiry. shared compatibility info. cx satisfied. ~Vihaan,legacy_fd
TK-243840,2025-08-15 16:35,2025-08-15 19:03,2025-08-15 19:48,resolved,voice,C107111,VR894080,VA-HP-ST3,App & Firmware,Normal,Voice Frontline,A3023,0,,,,N,[IVR transcript] after the update prompt it went dark and never came back - VR894080,rplc raised (bricked). Issue: FW update stuck. Asked cx to keep in case 30 min. (SOP 3.1),helpdesk
TK-243840,2025-08-15 16:35,2025-08-15 19:03,2025-08-15 14:18,resolved,voice,C107111,VR894080,VA-HP-ST3,App & Firmware,Normal,Voice Frontline,A3023,0,0.0,,,N,[IVR transcript] after the update prompt it went dark and never came back - VR894080,rplc raised (bricked). Issue: FW update stuck. Asked cx to keep in case 30 min. (SOP 3.1),legacy_fd
TK-243856,2025-08-16 11:09,2025-08-16 11:20,2025-08-16 11:40,resolved,chat,C106253,VR899639,VA-AC-CASE,Billing & Payments,High,Billing,A3035,0,5.0,260.0,DUP-PAYMENT,N,"UPI shows success, your app shows nothing. VR899639","1. Payment debited, no order
2. Asked for UTR
3. Full refund processed (260)",helpdesk
TK-243856,2025-08-16 11:09,2025-08-16 11:20,2025-08-16 06:10,resolved,chat,C106253,VR899639,VA-AC-CASE,Billing & Payments,High,Billing,A3035,0,5.0,260.0,DUP-PAYMENT,N,"UPI shows success, your app shows nothing. VR899639","1. Payment debited, no order
2. Asked for UTR
3. Full refund processed (260)",legacy_fd
TK-243858,2025-08-16 11:57,2025-08-16 12:06,2025-08-16 12:24,resolved,chat,C107983,,VA-EB-PL2,Billing & Payments,High,Billing,A3034,0,,,,N,really frustrating. this is regarding my pulse 2. my company accounts team is asking for the tax bill. i already checked orders page. escalate this to someone senior.,Invoice emailed. Issue: invoice query. Updated GSTIN on order. -MM,helpdesk
TK-243858,2025-08-16 11:57,2025-08-16 12:06,2025-08-16 06:54,resolved,chat,C107983,,VA-EB-PL2,Billing & Payments,High,Billing,A3034,0,0.0,,,N,really frustrating. this is regarding my pulse 2. my company accounts team is asking for the tax bill. i already checked orders page. escalate this to someone senior.,Invoice emailed. Issue: invoice query. Updated GSTIN on order. -MM,legacy_fd
TK-243865,2025-08-16 16:24,2025-08-16 18:40,2025-08-16 19:05,resolved,voice,C101228,VR883670,VA-HP-ST3,Audio Quality,Normal,Voice Frontline,A3024,0,,,,N,"[IVR transcript] Very poor quality. the strrata 3 purchased 2 weeks ago, oredr VR883670. only one side plays sound. I ALREDY REET THE BUDS. I want a replacemment or refund, nothing else.",cx: right side silent | chk balance settings with cx -> esc to wty,helpdesk
TK-243865,2025-08-16 16:24,2025-08-16 18:40,2025-08-16 13:35,resolved,voice,C101228,VR883670,VA-HP-ST3,Audio Quality,Normal,Voice Frontline,A3024,0,0.0,,,N,"[IVR transcript] Very poor quality. the strrata 3 purchased 2 weeks ago, oredr VR883670. only one side plays sound. I ALREDY REET THE BUDS. I want a replacemment or refund, nothing else.",cx: right side silent | chk balance settings with cx -> esc to wty,legacy_fd
TK-243875,2025-08-16 22:58,2025-08-17 09:32,2025-08-17 09:47,resolved,email,C107420,,VA-EB-PL2,Delivery & Shipping,Normal,Logistics,A3027,0,3.0,,,N,"Hello Vireo, Got my Pulse 2 from Amazon 2 weeks ago. Package not delivered even after 14 days. I checcked with neighbours. Please resolve asap. Thank you","Contact re shipment not received. chk AWB with crr. crr conf dlvry for 21 Aug, cx informed.",helpdesk
TK-243875,2025-08-16 22:58,2025-08-17 09:32,2025-08-17 04:17,resolved,email,C107420,,VA-EB-PL2,Delivery & Shipping,Normal,Logistics,A3027,0,3.0,,,N,"Hello Vireo, Got my Pulse 2 from Amazon 2 weeks ago. Package not delivered even after 14 days. I checcked with neighbours. Please resolve asap. Thank you","Contact re shipment not received. chk AWB with crr. crr conf dlvry for 21 Aug, cx informed.",legacy_fd
TK-243876,2025-08-17 04:26,2025-08-17 04:27,2025-08-17 04:42,resolved,chat,C105380,VR896784,VA-NB-ARC,Audio Quality,Normal,Chat Frontline,A3016,0,,,,Y,"Product: my Arc
Order: VR896784
Purchased: March 13
Issue: right earbud completely silent
Tried: checked balance settings
Expected: refund",repeat contact - previous fix did not hold. -,helpdesk
TK-243876,2025-08-17 04:26,2025-08-17 04:27,2025-08-16 23:12,resolved,chat,C105380,VR896784,VA-NB-ARC,Audio Quality,Normal,Chat Frontline,A3016,0,0.0,,,Y,"Product: my Arc
Order: VR896784
Purchased: March 13
Issue: right earbud completely silent
Tried: checked balance settings
Expected: refund",repeat contact - previous fix did not hold. -,legacy_fd
TK-243886,2025-08-17 11:45,2025-08-17 12:04,2025-08-17 12:37,resolved,chat,C106053,,VA-EB-PL2,Billing & Payments,High,Billing,A3035,0,,,,N,"Hello, This is regarding Pulse 2.  UPI shows success, your app shows nothing. I checked baank statement. How do I get this fixed? Thanks in advance Krishna Singh",re: amount deducted without order | confirmed with payment gateway -> refund processed to source,helpdesk
TK-243886,2025-08-17 11:45,2025-08-17 12:04,2025-08-17 07:07,resolved,chat,C106053,,VA-EB-PL2,Billing & Payments,High,Billing,A3035,0,0.0,,,N,"Hello, This is regarding Pulse 2.  UPI shows success, your app shows nothing. I checked baank statement. How do I get this fixed? Thanks in advance Krishna Singh",re: amount deducted without order | confirmed with payment gateway -> refund processed to source,legacy_fd
TK-243909,2025-08-17 18:44,2025-08-18 22:24,2025-08-18 23:03,resolved,email,C107314,,VA-SP-MINI,Audio Quality,Normal,Email Frontline,A3017,0,2.0,,,N,"honestly regretting tis purchase.  ordered orbit mini last month. crackling sound in the left side. i already tried different apps. i want a replacement or refund, nothing else.",sorted ~Kabir,helpdesk
TK-243909,2025-08-17 18:44,2025-08-18 22:24,2025-08-18 17:33,resolved,email,C107314,,VA-SP-MINI,Audio Quality,Normal,Email Frontline,A3017,0,2.0,,,N,"honestly regretting tis purchase.  ordered orbit mini last month. crackling sound in the left side. i already tried different apps. i want a replacement or refund, nothing else.",sorted ~Kabir,legacy_fd
TK-243917,2025-08-17 22:31,2025-08-17 22:48,2025-08-17 22:59,resolved,chat,C105178,VR908659,VA-AC-CASE,Billing & Payments,Normal,Billing,A3034,0,,,,N,"To the Vireo Customer Care Team,

I am writing with reference to my order of the charging case I ordered placed on 04/08. Promo code shows invalid. I haev tried on app and website. I reqquest you to look into this matter at the earliest.

Yours faithfully,
Sunita Malhotra","1. Discount not applied
2. Checked coupon validity
3. Store credit issued -MM",helpdesk
TK-243917,2025-08-17 22:31,2025-08-17 22:48,2025-08-17 17:29,resolved,chat,C105178,VR908659,VA-AC-CASE,Billing & Payments,Normal,Billing,A3034,0,0.0,,,N,"To the Vireo Customer Care Team,

I am writing with reference to my order of the charging case I ordered placed on 04/08. Promo code shows invalid. I haev tried on app and website. I reqquest you to look into this matter at the earliest.

Yours faithfully,
Sunita Malhotra","1. Discount not applied
2. Checked coupon validity
3. Store credit issued -MM",legacy_fd
TK-243925,2025-08-18 11:45,2025-08-18 11:47,2025-08-18 11:55,resolved,chat,C107708,,VA-SW-NX1,Product Enquiry,Normal,Chat Frontline,A3004,0,,,,N,"Dear Sir/Madam,

I am writing with reference to my order of my Nexa placed on 19 Aug. Can I connect two my Nexa together. I request you to provide a resolution within 3 working days.

Yours faithfully,
Jaspreet Deshpande
Surat",contact re cmopatibility query. shared compatibility info. query answered.,helpdesk
TK-243925,2025-08-18 11:45,2025-08-18 11:47,2025-08-18 06:25,resolved,chat,C107708,,VA-SW-NX1,Product Enquiry,Normal,Chat Frontline,A3004,0,0.0,,,N,"Dear Sir/Madam,

I am writing with reference to my order of my Nexa placed on 19 Aug. Can I connect two my Nexa together. I request you to provide a resolution within 3 working days.

Yours faithfully,
Jaspreet Deshpande
Surat",contact re cmopatibility query. shared compatibility info. query answered.,legacy_fd
TK-243934,2025-08-18 17:04,2025-08-18 17:18,2025-08-18 17:30,resolved,chat,C106036,,VA-SW-NX2,Delivery & Shipping,Normal,Logistics,A3031,0,,,,N,This is regarding my Nexa 2 watch. My order has not been delivered yet. I called the courier. Really frustrating. I want my money back.,"1. dlvry delayed
2. conf address w/ cx
3. Refund initiated as lost in trasnit",helpdesk
TK-243934,2025-08-18 17:04,2025-08-18 17:18,2025-08-18 12:00,resolved,chat,C106036,,VA-SW-NX2,Delivery & Shipping,Normal,Logistics,A3031,0,0.0,,,N,This is regarding my Nexa 2 watch. My order has not been delivered yet. I called the courier. Really frustrating. I want my money back.,"1. dlvry delayed
2. conf address w/ cx
3. Refund initiated as lost in trasnit",legacy_fd
TK-243939,2025-08-18 18:38,2025-08-18 23:54,2025-08-19 00:25,resolved,email,C109013,VR883298,VA-SW-FIT,Connectivity,Normal,Email Frontline,A3028,2,,,,N,"hey
bluetooth pairing faisl every time
urgent","ticket raised for pairing failure. asked cx to reset the device. transferred to logistics. advised fw update via app, resolved. will monitor.",helpdesk
TK-243939,2025-08-18 18:38,2025-08-18 23:54,2025-08-18 18:55,resolved,email,C109013,VR883298,VA-SW-FIT,Connectivity,Normal,Email Frontline,A3028,2,0.0,,,N,"hey
bluetooth pairing faisl every time
urgent","ticket raised for pairing failure. asked cx to reset the device. transferred to logistics. advised fw update via app, resolved. will monitor.",legacy_fd
TK-243951,2025-08-19 12:59,2025-08-19 13:29,2025-08-19 13:46,resolved,chat,C108876,VR885403,VA-HP-ST3,App & Firmware,High,Chat Frontline,A3006,0,5.0,,,N,"hey, ordered strata 3 recently.  battery draining even when not in use. please help. regards,","FW update pushed, advised to monitor. Issue: poor battery backup. Checked usage pattern with cx. -TS",helpdesk
TK-243951,2025-08-19 12:59,2025-08-19 13:29,2025-08-19 08:16,resolved,chat,C108876,VR885403,VA-HP-ST3,App & Firmware,High,Chat Frontline,A3006,0,5.0,,,N,"hey, ordered strata 3 recently.  battery draining even when not in use. please help. regards,","FW update pushed, advised to monitor. Issue: poor battery backup. Checked usage pattern with cx. -TS",legacy_fd
TK-243957,2025-08-19 17:42,2025-08-19 18:01,2025-08-19 18:23,closed,voice,C104761,VR908640,VA-SW-FIT,Other,Low,Voice Frontline,A3026,0,2.0,,,N,[IVR transcript] hello ji discount was not applied at checkout,"1. coupon not applied
2. chk cart eligibility
3. store credit issued",helpdesk
TK-243957,2025-08-19 17:42,2025-08-19 18:01,2025-08-19 12:53,closed,voice,C104761,VR908640,VA-SW-FIT,Other,Low,Voice Frontline,A3026,0,2.0,,,N,[IVR transcript] hello ji discount was not applied at checkout,"1. coupon not applied
2. chk cart eligibility
3. store credit issued",legacy_fd
TK-243961,2025-08-19 21:35,2025-08-19 21:37,2025-08-22 21:58,resolved,chat,C101387,VR884610,VA-HP-ST2,Returns & Refunds,Normal,Returns Desk,A3037,0,4.0,,,N,"Hello, I bought my Strata 2 headphones on 05/08. Still waiting for my refund. Need this sorted this week. Please revert, Rahul","1. Refund delay
2. chk reverse pickup QC status
3. Refund confirmed credited",helpdesk
TK-243961,2025-08-19 21:35,2025-08-19 21:37,2025-08-22 16:28,resolved,chat,C101387,VR884610,VA-HP-ST2,Returns & Refunds,Normal,Returns Desk,A3037,0,4.0,,,N,"Hello, I bought my Strata 2 headphones on 05/08. Still waiting for my refund. Need this sorted this week. Please revert, Rahul","1. Refund delay
2. chk reverse pickup QC status
3. Refund confirmed credited",legacy_fd
TK-243963,2025-08-20 08:03,2025-08-20 11:39,2025-08-21 12:10,resolved,email,C108976,VR898282,VA-HP-ST3,Returns & Refunds,Normal,Returns Desk,A3036,0,,5949.0,RETURN-QC-OK,N,Got my Strata 3 headphones from vireo.in a month ago. Refund not received yet. I emailed twice. Nothing changed. Kindly look into it.,"Cx reported refund not credited. Checked reverse pickup QC status. Refund approved, Rs 5949, 5-7 working days. Follow-up not required.",helpdesk
TK-243963,2025-08-20 08:03,2025-08-20 11:39,2025-08-21 06:40,resolved,email,C108976,VR898282,VA-HP-ST3,Returns & Refunds,Normal,Returns Desk,A3036,0,0.0,5949.0,RETURN-QC-OK,N,Got my Strata 3 headphones from vireo.in a month ago. Refund not received yet. I emailed twice. Nothing changed. Kindly look into it.,"Cx reported refund not credited. Checked reverse pickup QC status. Refund approved, Rs 5949, 5-7 working days. Follow-up not required.",legacy_fd
TK-243967,2025-08-20 09:05,2025-08-20 09:12,2025-08-20 09:31,closed,chat,C100939,VR908217,VA-EB-PL2,Product Enquiry,Normal,Chat Frontline,A3004,0,,,,N,"product: the pulse 2 earbuds
order: vr908217
purchased: 08-08-2025
issue: will this survive a shower
expected: callback",cx says pre-sales query. shared compatibility info. query answered.,helpdesk
TK-243967,2025-08-20 09:05,2025-08-20 09:12,2025-08-20 04:01,closed,chat,C100939,VR908217,VA-EB-PL2,Product Enquiry,Normal,Chat Frontline,A3004,0,0.0,,,N,"product: the pulse 2 earbuds
order: vr908217
purchased: 08-08-2025
issue: will this survive a shower
expected: callback",cx says pre-sales query. shared compatibility info. query answered.,legacy_fd
TK-243971,2025-08-20 10:22,2025-08-20 10:34,2025-08-20 10:44,closed,chat,C103123,,VA-HP-ST3,Other,Normal,Chat Frontline,A3006,0,,,,N,"pathetic expreience honestly. bought strata 3 around 07-08-2025 from amazon. please cancel, ordered by mistake. i already tried cancle button, greyed out. escalate this to someone senior.","Cancelled, refund initiated. Issue: cancel order. Cancelled before dispatch. -TS",helpdesk
TK-243971,2025-08-20 10:22,2025-08-20 10:34,2025-08-20 05:14,closed,chat,C103123,,VA-HP-ST3,Other,Normal,Chat Frontline,A3006,0,0.0,,,N,"pathetic expreience honestly. bought strata 3 around 07-08-2025 from amazon. please cancel, ordered by mistake. i already tried cancle button, greyed out. escalate this to someone senior.","Cancelled, refund initiated. Issue: cancel order. Cancelled before dispatch. -TS",legacy_fd
TK-243977,2025-08-20 13:18,2025-08-20 13:20,2025-08-20 13:31,closed,chat,C103655,,VA-EB-PL2,Billing & Payments,High,Billing,A3035,0,,,,N,need GST invoice for my ordr,see prev,helpdesk
TK-243977,2025-08-20 13:18,2025-08-20 13:20,2025-08-20 08:01,closed,chat,C103655,,VA-EB-PL2,Billing & Payments,High,Billing,A3035,0,0.0,,,N,need GST invoice for my ordr,see prev,legacy_fd
TK-243982,2025-08-20 17:07,2025-08-20 20:20,2025-08-20 20:44,closed,email,C106725,VR903556,VA-AC-CASE,Other,Normal,Email Frontline,A3021,0,,,,N,payment was deducted but no order was created.  i want a replacement,ticket raised for amount deducted without order. asked for utr. order manually created.,helpdesk
TK-243982,2025-08-20 17:07,2025-08-20 20:20,2025-08-20 15:14,closed,email,C106725,VR903556,VA-AC-CASE,Other,Normal,Email Frontline,A3021,0,0.0,,,N,payment was deducted but no order was created.  i want a replacement,ticket raised for amount deducted without order. asked for utr. order manually created.,legacy_fd
TK-243992,2025-08-21 00:07,2025-08-21 00:18,2025-08-21 00:44,resolved,chat,C108058,VR908461,VA-SW-NX2,Billing & Payments,Normal,Billing,A3010,0,,,,N,"Dear Sir/Madam, Following up on my earlier complaint - nothing has changed. Nexa 2 purchased last week, order VR908461. Money debited but order not showing. I checked bank statement. Can someone fix this? Thanks in advance Rajat",closed,helpdesk
TK-243992,2025-08-21 00:07,2025-08-21 00:18,2025-08-20 19:14,resolved,chat,C108058,VR908461,VA-SW-NX2,Billing & Payments,Normal,Billing,A3010,0,0.0,,,N,"Dear Sir/Madam, Following up on my earlier complaint - nothing has changed. Nexa 2 purchased last week, order VR908461. Money debited but order not showing. I checked bank statement. Can someone fix this? Thanks in advance Rajat",closed,legacy_fd
TK-244012,2025-08-21 18:25,2025-08-21 18:52,2025-08-21 19:21,resolved,email,C103885,VR904293,VA-EB-PL2,Billing & Payments,High,Billing,A3033,0,,,,N,two entries of Rs 1799 on my statement for one pair of earbuds - please resolve aap,"1. Double charge
2. Confirmed UTRs
3. Duplicate refunded to source ~Diya",helpdesk
TK-244012,2025-08-21 18:25,2025-08-21 18:52,2025-08-21 13:51,resolved,email,C103885,VR904293,VA-EB-PL2,Billing & Payments,High,Billing,A3033,0,0.0,,,N,two entries of Rs 1799 on my statement for one pair of earbuds - please resolve aap,"1. Double charge
2. Confirmed UTRs
3. Duplicate refunded to source ~Diya",legacy_fd
TK-244035,2025-08-22 15:16,2025-08-22 16:09,2025-08-23 16:34,resolved,email,C107641,VR900646,VA-EB-PL1,Delivery & Shipping,Normal,Logistics,A3029,0,,,,N,"Really frustrating.  Order VR900646 (pulse 1). order not delivered, tracking not updating. I already checked the tracking page daily. THIS IS THE LAST TIME I BUY FROM U.",cust contacted re shipment not received. chk awb w/ crr. rfnd initiated as lost in transit. case closed w/ cx consent. [closed],helpdesk
TK-244035,2025-08-22 15:16,2025-08-22 16:09,2025-08-23 11:04,resolved,email,C107641,VR900646,VA-EB-PL1,Delivery & Shipping,Normal,Logistics,A3029,0,0.0,,,N,"Really frustrating.  Order VR900646 (pulse 1). order not delivered, tracking not updating. I already checked the tracking page daily. THIS IS THE LAST TIME I BUY FROM U.",cust contacted re shipment not received. chk awb w/ crr. rfnd initiated as lost in transit. case closed w/ cx consent. [closed],legacy_fd
TK-244049,2025-08-22 19:57,2025-08-23 00:14,2025-08-23 00:51,resolved,email,C100145,,VA-EB-AIR,Connectivity,Normal,Email Frontline,A3034,1,3.0,,,N,IT GOES SILENT FOR A SECOND EVERY FEW MINUETS AND COMES BACK,sorted (SOP 5.4) -MM,helpdesk
TK-244049,2025-08-22 19:57,2025-08-23 00:14,2025-08-22 19:21,resolved,email,C100145,,VA-EB-AIR,Connectivity,Normal,Email Frontline,A3034,1,3.0,,,N,IT GOES SILENT FOR A SECOND EVERY FEW MINUETS AND COMES BACK,sorted (SOP 5.4) -MM,legacy_fd
TK-244057,2025-08-22 21:34,2025-08-23 01:03,2025-08-26 03:22,resolved,email,C101721,VR882511,VA-EB-PL1,Warranty & Repair,Normal,Escalations & Warranty,A3030,1,3.0,,,N,"hi
one of them is jut decoration at this point",Reset resolved. Issue: single side audio only. Walked through reset. Via Logistics.,helpdesk
TK-244057,2025-08-22 21:34,2025-08-23 01:03,2025-08-25 21:52,resolved,email,C101721,VR882511,VA-EB-PL1,Warranty & Repair,Normal,Escalations & Warranty,A3030,1,3.0,,,N,"hi
one of them is jut decoration at this point",Reset resolved. Issue: single side audio only. Walked through reset. Via Logistics.,legacy_fd
TK-244062,2025-08-23 09:25,2025-08-23 09:27,2025-08-26 10:01,resolved,chat,C100708,VR887468,VA-SW-NX2,Returns & Refunds,Normal,Returns Desk,A3038,0,4.0,5524.0,RETURN-QC-OK,N,"hey
refund was promised 16 days ago & nothing
the nexa 2",Reported: refund delay. Checked reverse pickup QC status. Refund reprocessed.,helpdesk
TK-244062,2025-08-23 09:25,2025-08-23 09:27,2025-08-26 04:31,resolved,chat,C100708,VR887468,VA-SW-NX2,Returns & Refunds,Normal,Returns Desk,A3038,0,4.0,5524.0,RETURN-QC-OK,N,"hey
refund was promised 16 days ago & nothing
the nexa 2",Reported: refund delay. Checked reverse pickup QC status. Refund reprocessed.,legacy_fd
TK-244066,2025-08-23 10:40,2025-08-23 12:06,2025-08-25 12:18,resolved,voice,C104433,VR896672,VA-EB-PL2,Delivery & Shipping,Low,Logistics,A3027,0,4.0,,,N,"[IVR transcript] hello vireo, pulse2 purchased in august, order vr896672. package not delivered even after 13 days. i checked with neighbours. nothing changed. very poor quality. how do i get this fixed? regards, suresh sheikh",cx states ord not delivered. chk AWB w/ crr. Re-shipped from warehouse.,helpdesk
TK-244066,2025-08-23 10:40,2025-08-23 12:06,2025-08-25 06:48,resolved,voice,C104433,VR896672,VA-EB-PL2,Delivery & Shipping,Low,Logistics,A3027,0,4.0,,,N,"[IVR transcript] hello vireo, pulse2 purchased in august, order vr896672. package not delivered even after 13 days. i checked with neighbours. nothing changed. very poor quality. how do i get this fixed? regards, suresh sheikh",cx states ord not delivered. chk AWB w/ crr. Re-shipped from warehouse.,legacy_fd
TK-244077,2025-08-23 16:37,2025-08-23 16:51,2025-08-23 17:16,closed,voice,C106946,VR904178,VA-NB-ARC,Connectivity,Low,Voice Frontline,A3024,0,,,,N,"[IVR transcript] Dear team, Arc neckband purchased 10 dayys ago, ordr VR904178. Bluetooth pairing fails every time. I forgot the deviec and trried again. Nothing changed. I have been a loyal customer and this is how you treat me. Please advise. Please revert,","repeat contact - previous fix did not hold. cx: unable to pair w/ phone | asked cx to reset the device -> adv fw update via app, rslvd",helpdesk
TK-244077,2025-08-23 16:37,2025-08-23 16:51,2025-08-23 11:46,closed,voice,C106946,VR904178,VA-NB-ARC,Connectivity,Low,Voice Frontline,A3024,0,0.0,,,N,"[IVR transcript] Dear team, Arc neckband purchased 10 dayys ago, ordr VR904178. Bluetooth pairing fails every time. I forgot the deviec and trried again. Nothing changed. I have been a loyal customer and this is how you treat me. Please advise. Please revert,","repeat contact - previous fix did not hold. cx: unable to pair w/ phone | asked cx to reset the device -> adv fw update via app, rslvd",legacy_fd
TK-244080,2025-08-23 18:40,2025-08-23 19:35,2025-08-23 20:01,resolved,email,C101471,VR905213,VA-SW-FIT,Billing & Payments,High,Billing,A3033,0,2.0,190.0,DUP-PAYMENT,N,"Dear Sir/Madam,

I am writing with reference to my order of Nexa Fit placed on 18 Aug. My bank says Rs 2499 went to you but your site says I have no orders. I have checked bank statement. I request you to kindly arrange a replacement.

Sincerely,
Aishwarya Bose",closed ~Diya,helpdesk
TK-244080,2025-08-23 18:40,2025-08-23 19:35,2025-08-23 14:31,resolved,email,C101471,VR905213,VA-SW-FIT,Billing & Payments,High,Billing,A3033,0,2.0,190.0,DUP-PAYMENT,N,"Dear Sir/Madam,

I am writing with reference to my order of Nexa Fit placed on 18 Aug. My bank says Rs 2499 went to you but your site says I have no orders. I have checked bank statement. I request you to kindly arrange a replacement.

Sincerely,
Aishwarya Bose",closed ~Diya,legacy_fd
TK-244099,2025-08-24 20:17,2025-08-24 20:47,2025-08-24 21:16,resolved,email,C105280,VR889644,VA-SP-MINI,Delivery & Shipping,Normal,Logistics,A3029,0,,,,N,return pickup has not happened,"cx states pkp not done. chk pkp awb. pkp done, rfnd initiated. cx satisfied on chat. [closed]",helpdesk
TK-244099,2025-08-24 20:17,2025-08-24 20:47,2025-08-24 15:46,resolved,email,C105280,VR889644,VA-SP-MINI,Delivery & Shipping,Normal,Logistics,A3029,0,0.0,,,N,return pickup has not happened,"cx states pkp not done. chk pkp awb. pkp done, rfnd initiated. cx satisfied on chat. [closed]",legacy_fd
TK-244100,2025-08-24 20:21,2025-08-24 20:21,2025-08-24 20:42,resolved,chat,C108474,VR883596,VA-EB-AIR,Billing & Payments,Normal,Billing,A3033,0,2.0,1529.0,DUP-PAYMENT,N,"Dear Sir/Madam,
Got the AirLite buds from vireo.in last month. Paid via UPI, amount deducted, no order confirmation.
I waited 24 hours.
I want my money back.
Thanks","refund approved, Rs 1529, 5-7 working days ~Diya",helpdesk
TK-244100,2025-08-24 20:21,2025-08-24 20:21,2025-08-24 15:12,resolved,chat,C108474,VR883596,VA-EB-AIR,Billing & Payments,Normal,Billing,A3033,0,2.0,1529.0,DUP-PAYMENT,N,"Dear Sir/Madam,
Got the AirLite buds from vireo.in last month. Paid via UPI, amount deducted, no order confirmation.
I waited 24 hours.
I want my money back.
Thanks","refund approved, Rs 1529, 5-7 working days ~Diya",legacy_fd
TK-244111,2025-08-25 10:21,2025-08-25 10:24,2025-08-25 10:42,resolved,chat,C107865,,VA-SW-FIT,Charging & Battery,Normal,Chat Frontline,A3004,0,,,,N,"To the Viroe Customer Care Team,

I am writing with refeernce to my order of the fit band plced on 04/08. Battery backup is terrible now. I have fully charged and discharged twice. I request you to provide a resolution within 3 working days.

Yours faithfully,
Neha Saxena",contact re battery draining fast. checked usage pattern with cx. escalated to wty. [closed],helpdesk
TK-244111,2025-08-25 10:21,2025-08-25 10:24,2025-08-25 05:12,resolved,chat,C107865,,VA-SW-FIT,Charging & Battery,Normal,Chat Frontline,A3004,0,0.0,,,N,"To the Viroe Customer Care Team,

I am writing with refeernce to my order of the fit band plced on 04/08. Battery backup is terrible now. I have fully charged and discharged twice. I request you to provide a resolution within 3 working days.

Yours faithfully,
Neha Saxena",contact re battery draining fast. checked usage pattern with cx. escalated to wty. [closed],legacy_fd
TK-244116,2025-08-25 11:40,2025-08-25 11:42,2025-08-25 12:16,resolved,chat,C100340,,VA-SP-MINI,Connectivity,Low,Chat Frontline,A3004,0,3.0,,,N,"Dear team,
I bought orbit mini on 20 Jul. The sound stutters whenever my phone is in my pocket.
I turned off wifi.
I want a replacement.
Tanks",cust contacted re intermittent disconnects. advised to test in different location. fw update resolved. [closed],helpdesk
TK-244116,2025-08-25 11:40,2025-08-25 11:42,2025-08-25 06:46,resolved,chat,C100340,,VA-SP-MINI,Connectivity,Low,Chat Frontline,A3004,0,3.0,,,N,"Dear team,
I bought orbit mini on 20 Jul. The sound stutters whenever my phone is in my pocket.
I turned off wifi.
I want a replacement.
Tanks",cust contacted re intermittent disconnects. advised to test in different location. fw update resolved. [closed],legacy_fd
TK-244125,2025-08-25 16:28,2025-08-25 20:11,2025-08-25 20:24,resolved,social,C103890,VR897611,VA-EB-PL1,Connectivity,Normal,Chat Frontline,A3007,0,,,,N,"Dear Sir/Madam,

I am writing with reference to my order of the Pulse buds (VR897611) placed on 14 Aug. Bluetooth pairing fails every time. I have tried on another phone. I request you to provide a reesolution within 3 working days.

Sincerely,
Vikram Kapoor
Nagpur","device not discoverable | checked phone os version -> re-pair successful, rslvd on chat (SOP 2.7)",helpdesk
TK-244125,2025-08-25 16:28,2025-08-25 20:11,2025-08-25 14:54,resolved,social,C103890,VR897611,VA-EB-PL1,Connectivity,Normal,Chat Frontline,A3007,0,0.0,,,N,"Dear Sir/Madam,

I am writing with reference to my order of the Pulse buds (VR897611) placed on 14 Aug. Bluetooth pairing fails every time. I have tried on another phone. I request you to provide a reesolution within 3 working days.

Sincerely,
Vikram Kapoor
Nagpur","device not discoverable | checked phone os version -> re-pair successful, rslvd on chat (SOP 2.7)",legacy_fd
TK-244137,2025-08-25 21:37,2025-08-25 22:05,2025-08-25 22:40,resolved,chat,C105810,VR899630,VA-EB-AIR,App & Firmware,Normal,Chat Frontline,A3002,0,3.0,,,N,"Dear Sir/Madam,

I am writing w/ reference to my oredr of the AirLte bus (VR899630) placed on Februry 21.  The app closes itself the moment I tap on my device. I have cleared cache. I request u to provdie a resolution within 3 working days.

Sincerely,
Aadhya Bhatia","cust contacted re app not opening. asked for phone model + os. bug logged, workaround shared.",helpdesk
TK-244137,2025-08-25 21:37,2025-08-25 22:05,2025-08-25 17:10,resolved,chat,C105810,VR899630,VA-EB-AIR,App & Firmware,Normal,Chat Frontline,A3002,0,3.0,,,N,"Dear Sir/Madam,

I am writing w/ reference to my oredr of the AirLte bus (VR899630) placed on Februry 21.  The app closes itself the moment I tap on my device. I have cleared cache. I request u to provdie a resolution within 3 working days.

Sincerely,
Aadhya Bhatia","cust contacted re app not opening. asked for phone model + os. bug logged, workaround shared.",legacy_fd
TK-244148,2025-08-26 17:46,2025-08-26 18:48,2025-08-26 19:04,resolved,social,C104249,,VA-EB-PL2,Product Enquiry,Normal,Chat Frontline,A3014,0,,,,N,pathetic experience honestly. i bought the pulse 2 earbuds on 13/08. does the pulse 2 earbuds work w/ iphone. this is the last time i buy from you.,re: product enquiry | shared spec sheet -> cx satisfied -MI,helpdesk
TK-244148,2025-08-26 17:46,2025-08-26 18:48,2025-08-26 13:34,resolved,social,C104249,,VA-EB-PL2,Product Enquiry,Normal,Chat Frontline,A3014,0,0.0,,,N,pathetic experience honestly. i bought the pulse 2 earbuds on 13/08. does the pulse 2 earbuds work w/ iphone. this is the last time i buy from you.,re: product enquiry | shared spec sheet -> cx satisfied -MI,legacy_fd
TK-244171,2025-08-27 11:39,2025-08-27 11:41,2025-08-27 11:58,resolved,chat,C108569,VR880935,VA-EB-PL2,Delivery & Shipping,Normal,Logistics,A3028,0,3.0,,,N,order status stuck on shipped since August 17 - VR880935,cx says delivery delayed. raised ticket with crr partner. re-shipped from warehouse. cx satisfied on chat.,helpdesk
TK-244171,2025-08-27 11:39,2025-08-27 11:41,2025-08-27 06:28,resolved,chat,C108569,VR880935,VA-EB-PL2,Delivery & Shipping,Normal,Logistics,A3028,0,3.0,,,N,order status stuck on shipped since August 17 - VR880935,cx says delivery delayed. raised ticket with crr partner. re-shipped from warehouse. cx satisfied on chat.,legacy_fd
TK-244177,2025-08-27 13:59,2025-08-27 14:14,2025-08-27 14:32,resolved,email,C108946,VR887009,VA-EB-PL2,Other,Normal,Email Frontline,A3019,0,,,,N,"Dear Sir/Madam,

I am writing with reference to my order of pulse 2 buds (VR887009) placed on 25-08-2025. Please cancel, ordered by mistake. I have tried cancel button, greyed out. I request you to process a rfeund to my original payment method.

Regards,
Jaspreet Bansal
Ranchi","cancelled, refund initiated. issue: cancel order. cancelled before dispatch. ~Kavya",helpdesk
TK-244177,2025-08-27 13:59,2025-08-27 14:14,2025-08-27 09:02,resolved,email,C108946,VR887009,VA-EB-PL2,Other,Normal,Email Frontline,A3019,0,0.0,,,N,"Dear Sir/Madam,

I am writing with reference to my order of pulse 2 buds (VR887009) placed on 25-08-2025. Please cancel, ordered by mistake. I have tried cancel button, greyed out. I request you to process a rfeund to my original payment method.

Regards,
Jaspreet Bansal
Ranchi","cancelled, refund initiated. issue: cancel order. cancelled before dispatch. ~Kavya",legacy_fd
TK-244186,2025-08-27 18:15,2025-08-27 19:46,2025-08-27 20:05,resolved,social,C109282,VR880624,VA-SW-FIT,Connectivity,Normal,Chat Frontline,A3005,0,,,,N,"hello ji
the pairing light blinks but nothing ever shows up on my samsung
abhi tak kuch nahi hua","device not discoverable | chk phone os version -> reset done, paired ok (sop 2.7)",helpdesk
TK-244186,2025-08-27 18:15,2025-08-27 19:46,2025-08-27 14:35,resolved,social,C109282,VR880624,VA-SW-FIT,Connectivity,Normal,Chat Frontline,A3005,0,0.0,,,N,"hello ji
the pairing light blinks but nothing ever shows up on my samsung
abhi tak kuch nahi hua","device not discoverable | chk phone os version -> reset done, paired ok (sop 2.7)",legacy_fd
TK-244188,2025-08-27 18:27,2025-08-27 18:32,2025-08-27 19:00,resolved,chat,C105555,,VA-SW-NX2,Billing & Payments,High,Billing,A3033,0,,5524.0,DUP-PAYMENT,N,"Very poor quality. Thiis is regarding Nexa 2. double payment deducted. I already checked with bank. I want a replacement or refund, nothing else.",refund processed ~Diya,helpdesk
TK-244188,2025-08-27 18:27,2025-08-27 18:32,2025-08-27 13:30,resolved,chat,C105555,,VA-SW-NX2,Billing & Payments,High,Billing,A3033,0,0.0,5524.0,DUP-PAYMENT,N,"Very poor quality. Thiis is regarding Nexa 2. double payment deducted. I already checked with bank. I want a replacement or refund, nothing else.",refund processed ~Diya,legacy_fd
TK-244189,2025-08-27 18:51,2025-08-27 19:29,2025-08-27 19:45,resolved,chat,C106800,,VA-EB-AIR,Connectivity,Normal,Chat Frontline,A3015,0,,,,N,"this is regarding airlite. not pairing with my phone.
i forgot the device and tried again. nothing changed.
please resolve asap.
rgds","1. device not discoverable
2. chk phone os version
3. re-pair successful, resolved on chat",helpdesk
TK-244189,2025-08-27 18:51,2025-08-27 19:29,2025-08-27 14:15,resolved,chat,C106800,,VA-EB-AIR,Connectivity,Normal,Chat Frontline,A3015,0,0.0,,,N,"this is regarding airlite. not pairing with my phone.
i forgot the device and tried again. nothing changed.
please resolve asap.
rgds","1. device not discoverable
2. chk phone os version
3. re-pair successful, resolved on chat",legacy_fd
TK-244196,2025-08-28 00:21,2025-08-28 03:13,2025-08-30 08:28,resolved,email,C108719,VR889015,VA-EB-PL1,Warranty & Repair,Normal,Escalations & Warranty,A3042,0,,,,Y,"Helo Vireo, Order VR889015 (pulse 1).  I sent the unit in 9 days ago and have heard nothing. Waiting for your reply.","cx states wty claim status. chk qc report. rplc approved, reverse pkp arranged. cx satisfied on chat.",helpdesk
TK-244196,2025-08-28 00:21,2025-08-28 03:13,2025-08-30 02:58,resolved,email,C108719,VR889015,VA-EB-PL1,Warranty & Repair,Normal,Escalations & Warranty,A3042,0,0.0,,,Y,"Helo Vireo, Order VR889015 (pulse 1).  I sent the unit in 9 days ago and have heard nothing. Waiting for your reply.","cx states wty claim status. chk qc report. rplc approved, reverse pkp arranged. cx satisfied on chat.",legacy_fd
TK-244200,2025-08-28 08:22,2025-08-28 08:26,2025-08-28 08:38,resolved,chat,C103775,,VA-EB-AIR,Billing & Payments,High,Billing,A3022,2,4.0,,,N,need the bill w/ my firm's GSTIN on it,cx says invoice not downloading. regenerated invoice. transferred to email frontline. gst invoice regenerated and shared. closing. -YM,helpdesk
TK-244200,2025-08-28 08:22,2025-08-28 08:26,2025-08-28 03:08,resolved,chat,C103775,,VA-EB-AIR,Billing & Payments,High,Billing,A3022,2,4.0,,,N,need the bill w/ my firm's GSTIN on it,cx says invoice not downloading. regenerated invoice. transferred to email frontline. gst invoice regenerated and shared. closing. -YM,legacy_fd
TK-244224,2025-08-29 01:01,2025-08-29 05:34,2025-08-30 05:44,resolved,email,C107324,VR885162,VA-EB-PL1,Returns & Refunds,Normal,Returns Desk,A3036,0,,,,N,"Product: my Pulse
Order: VR885162
Purchased: 17-07-2025
Issue: pickup scheduled but no one showed up
Tried: rescheduled pickpu twice
Expected: replacement",repeat contact - previous fix did not hold. Ticket raised for pickup missed. Checked pickup AWB. Pickup rescheduled for 03 Sep. Closing.,helpdesk
TK-244224,2025-08-29 01:01,2025-08-29 05:34,2025-08-30 00:14,resolved,email,C107324,VR885162,VA-EB-PL1,Returns & Refunds,Normal,Returns Desk,A3036,0,0.0,,,N,"Product: my Pulse
Order: VR885162
Purchased: 17-07-2025
Issue: pickup scheduled but no one showed up
Tried: rescheduled pickpu twice
Expected: replacement",repeat contact - previous fix did not hold. Ticket raised for pickup missed. Checked pickup AWB. Pickup rescheduled for 03 Sep. Closing.,legacy_fd
TK-244228,2025-08-29 10:24,2025-08-29 15:34,2025-08-29 15:52,closed,email,C100650,VR889717,VA-AC-CASE,Returns & Refunds,Normal,Returns Desk,A3037,0,3.0,1039.0,RETURN-QC-OK,N,"nobody cmae for the pickup, VR889717, whhat do i do now?","1. Reverse pkp pending
2. Checked pkp AWB
3. Refund processed without pkp as goodwill",helpdesk
TK-244228,2025-08-29 10:24,2025-08-29 15:34,2025-08-29 10:22,closed,email,C100650,VR889717,VA-AC-CASE,Returns & Refunds,Normal,Returns Desk,A3037,0,3.0,1039.0,RETURN-QC-OK,N,"nobody cmae for the pickup, VR889717, whhat do i do now?","1. Reverse pkp pending
2. Checked pkp AWB
3. Refund processed without pkp as goodwill",legacy_fd
TK-244235,2025-08-29 13:30,2025-08-29 22:39,2025-08-29 23:08,resolved,email,C101414,,VA-SW-NX2,App & Firmware,Low,Email Frontline,A3002,0,5.0,,,N,"Got my Nexa 2 watch from Amazon 10 days ago.  Firmware update is stuck at 99%. I kept phhone nearby. Please resolve asap. Please revert, Lobsang",reported: update hang. walked through recovery mode. recovery successful.,helpdesk
TK-244235,2025-08-29 13:30,2025-08-29 22:39,2025-08-29 17:38,resolved,email,C101414,,VA-SW-NX2,App & Firmware,Low,Email Frontline,A3002,0,5.0,,,N,"Got my Nexa 2 watch from Amazon 10 days ago.  Firmware update is stuck at 99%. I kept phhone nearby. Please resolve asap. Please revert, Lobsang",reported: update hang. walked through recovery mode. recovery successful.,legacy_fd
TK-244258,2025-08-30 05:47,2025-08-30 05:49,2025-08-30 06:13,resolved,chat,C100862,,VA-HP-ST3,Audio Quality,Normal,Chat Frontline,A3003,0,,,,N,"mic not working on calls
need this sorted thhis week",FW update advised. Issue: mic issue. Tested on call with cx. //ROH,helpdesk
TK-244258,2025-08-30 05:47,2025-08-30 05:49,2025-08-30 00:43,resolved,chat,C100862,,VA-HP-ST3,Audio Quality,Normal,Chat Frontline,A3003,0,0.0,,,N,"mic not working on calls
need this sorted thhis week",FW update advised. Issue: mic issue. Tested on call with cx. //ROH,legacy_fd
TK-244264,2025-08-30 12:11,2025-08-30 12:15,2025-08-31 12:32,resolved,chat,C107564,VR901969,VA-HP-ST3,Returns & Refunds,Low,Returns Desk,A3035,1,3.0,,,N,i have been sitting at home for 3 dyas waiting for your courier.  vr901969,"issue: pickup not done | checked pickup awb -> pickup done, refund initiated | xfer billing",helpdesk
TK-244264,2025-08-30 12:11,2025-08-30 12:15,2025-08-31 07:02,resolved,chat,C107564,VR901969,VA-HP-ST3,Returns & Refunds,Low,Returns Desk,A3035,1,3.0,,,N,i have been sitting at home for 3 dyas waiting for your courier.  vr901969,"issue: pickup not done | checked pickup awb -> pickup done, refund initiated | xfer billing",legacy_fd
TK-244270,2025-08-30 16:43,2025-08-30 17:23,2025-08-30 17:33,resolved,email,C103109,VR880351,VA-HP-ST2,Delivery & Shipping,Normal,Logistics,A3016,1,,,,N,"helo
typo in the flat number, courier will never find it
strata 2",sorted [closed],helpdesk
TK-244270,2025-08-30 16:43,2025-08-30 17:23,2025-08-30 12:03,resolved,email,C103109,VR880351,VA-HP-ST2,Delivery & Shipping,Normal,Logistics,A3016,1,0.0,,,N,"helo
typo in the flat number, courier will never find it
strata 2",sorted [closed],legacy_fd
TK-244287,2025-08-31 07:22,2025-08-31 07:28,2025-08-31 08:01,resolved,chat,C102525,VR881286,VA-EB-AIR,Returns & Refunds,Normal,Returns Desk,A3036,1,,,,N,"hi sir
refund not received yet
pls help karo
the airlite buds VR881286
anyone there",Contact re refund not credited. Checked reverse pickup QC status. Refund confirmed credited. Case closed with cx consent.,helpdesk
TK-244287,2025-08-31 07:22,2025-08-31 07:28,2025-08-31 02:31,resolved,chat,C102525,VR881286,VA-EB-AIR,Returns & Refunds,Normal,Returns Desk,A3036,1,0.0,,,N,"hi sir
refund not received yet
pls help karo
the airlite buds VR881286
anyone there",Contact re refund not credited. Checked reverse pickup QC status. Refund confirmed credited. Case closed with cx consent.,legacy_fd
TK-244289,2025-08-31 08:48,2025-08-31 11:08,2025-08-31 11:34,resolved,email,C104148,,VA-EB-PL2,Charging & Battery,Low,Email Frontline,A3022,0,,,,N,"dear sir/madam, this is regarding pulse2. goes from full to empty during one commute. kindy look into it.",replacement raised after test. issue: rapid battery drain. checked usage pattern with cx. -YM,helpdesk
TK-244289,2025-08-31 08:48,2025-08-31 11:08,2025-08-31 06:04,resolved,email,C104148,,VA-EB-PL2,Charging & Battery,Low,Email Frontline,A3022,0,0.0,,,N,"dear sir/madam, this is regarding pulse2. goes from full to empty during one commute. kindy look into it.",replacement raised after test. issue: rapid battery drain. checked usage pattern with cx. -YM,legacy_fd
TK-244293,2025-08-31 10:53,2025-08-31 15:47,2025-09-01 16:02,resolved,email,C102062,,VA-EB-PL2,Returns & Refunds,High,Returns Desk,A3037,0,3.0,,,N,"Hi team, Bought Pulse 2 around 09 Aug from Amazon. Return pickup has not happened. I rescheduled pickup twice. Nothing changed. How do I get this fixed? Thanks Siddharth","1. pkp missed
2. chk pkp AWB
3. rfnd processed without pkp as goodwill",helpdesk
TK-244293,2025-08-31 10:53,2025-08-31 15:47,2025-09-01 10:32,resolved,email,C102062,,VA-EB-PL2,Returns & Refunds,High,Returns Desk,A3037,0,3.0,,,N,"Hi team, Bought Pulse 2 around 09 Aug from Amazon. Return pickup has not happened. I rescheduled pickup twice. Nothing changed. How do I get this fixed? Thanks Siddharth","1. pkp missed
2. chk pkp AWB
3. rfnd processed without pkp as goodwill",legacy_fd
TK-244296,2025-08-31 13:12,2025-08-31 13:16,2025-08-31 13:33,resolved,chat,C106128,VR884762,VA-EB-PL1,Connectivity,Normal,Chat Frontline,A3012,0,,,,N,"hi team, ordered pulse 1 around diwali.  not pairing with my phone. i restarted the phone. nothing changed. please resolve asap. rgds ramesh patil","Contact re pairing failure. chk phone OS version. Advised FW update via app, resolved.",helpdesk
TK-244296,2025-08-31 13:12,2025-08-31 13:16,2025-08-31 08:03,resolved,chat,C106128,VR884762,VA-EB-PL1,Connectivity,Normal,Chat Frontline,A3012,0,0.0,,,N,"hi team, ordered pulse 1 around diwali.  not pairing with my phone. i restarted the phone. nothing changed. please resolve asap. rgds ramesh patil","Contact re pairing failure. chk phone OS version. Advised FW update via app, resolved.",legacy_fd
TK-244311,2025-08-31 22:49,2025-08-31 22:53,2025-09-02 23:06,resolved,chat,C103890,VR908291,VA-EB-PL2,Delivery & Shipping,Normal,Logistics,A3030,0,,,,N,"Dear Sir/Madam,

I am writing with reference to my ordeer of Pulse2 (VR908291) placed on 04-08-2025. Tracking has said out for delivery for a week now. I have checked the tracking page daily. I request you to provide a resolution within 3 working days.

Sincerely,
Vikram Kapoor
Nagpur","Ticket raised for delivery delayed. Raised ticket with courier partner. RTO confirmed, reshipped.",helpdesk
TK-244311,2025-08-31 22:49,2025-08-31 22:53,2025-09-02 17:36,resolved,chat,C103890,VR908291,VA-EB-PL2,Delivery & Shipping,Normal,Logistics,A3030,0,0.0,,,N,"Dear Sir/Madam,

I am writing with reference to my ordeer of Pulse2 (VR908291) placed on 04-08-2025. Tracking has said out for delivery for a week now. I have checked the tracking page daily. I request you to provide a resolution within 3 working days.

Sincerely,
Vikram Kapoor
Nagpur","Ticket raised for delivery delayed. Raised ticket with courier partner. RTO confirmed, reshipped.",legacy_fd
TK-244313,2025-08-31 22:58,2025-08-31 22:59,2025-08-31 23:35,resolved,chat,C100614,VR891078,VA-HP-ST3,Other,Normal,Chat Frontline,A3003,1,,,,N,"dear sir/madam,

i am writing w/ reference to my order of the strata 3 (vr891078) placed on 21/06. battery drains v fast, barely lasts 2 hours. i have turned off always-on display. i request you to process a refund to my original payment method.

yours faithfully,
sukhwinder ansari","FW update pushed, advised to monitor. Issue: rapid battery drain. Advised disabling ANC/AOD to test. //ROH",helpdesk
TK-244313,2025-08-31 22:58,2025-08-31 22:59,2025-08-31 18:05,resolved,chat,C100614,VR891078,VA-HP-ST3,Other,Normal,Chat Frontline,A3003,1,0.0,,,N,"dear sir/madam,

i am writing w/ reference to my order of the strata 3 (vr891078) placed on 21/06. battery drains v fast, barely lasts 2 hours. i have turned off always-on display. i request you to process a refund to my original payment method.

yours faithfully,
sukhwinder ansari","FW update pushed, advised to monitor. Issue: rapid battery drain. Advised disabling ANC/AOD to test. //ROH",legacy_fd
TK-244328,2025-09-01 12:56,2025-09-01 15:00,2025-09-01 15:19,resolved,email,C105193,VR891517,VA-EB-PL1,Other,Low,Email Frontline,A3021,0,3.0,,,N,"dear sir/madam,

i am writing with reference to my order of pulse earbuds (vr891517) placed on 29-08-2025. entered wrong pincode. i have tried editing in app. i request you to kiindly ararnge a replacement.

sincerely,
sneha naidu
bhubaneswar",resolved on call,helpdesk
TK-244328,2025-09-01 12:56,2025-09-01 15:00,2025-09-01 09:49,resolved,email,C105193,VR891517,VA-EB-PL1,Other,Low,Email Frontline,A3021,0,3.0,,,N,"dear sir/madam,

i am writing with reference to my order of pulse earbuds (vr891517) placed on 29-08-2025. entered wrong pincode. i have tried editing in app. i request you to kiindly ararnge a replacement.

sincerely,
sneha naidu
bhubaneswar",resolved on call,legacy_fd
TK-244344,2025-09-01 18:59,2025-09-01 19:36,2025-09-07 02:19,resolved,voice,C101239,VR907833,VA-HP-ST3,Warranty & Repair,Low,Escalations & Warranty,A3044,0,,,,N,"hii
i sent teh unit in 11 days ago and have heard nothing
the strata 3
urgent",Reported: repair status follow-up. Followed up with service centre. rplc approved and dispatched.,helpdesk
TK-244344,2025-09-01 18:59,2025-09-01 19:36,2025-09-06 20:49,resolved,voice,C101239,VR907833,VA-HP-ST3,Warranty & Repair,Low,Escalations & Warranty,A3044,0,0.0,,,N,"hii
i sent teh unit in 11 days ago and have heard nothing
the strata 3
urgent",Reported: repair status follow-up. Followed up with service centre. rplc approved and dispatched.,legacy_fd
TK-244346,2025-09-01 19:20,2025-09-01 19:51,,pending,voice,C100647,VR897014,VA-EB-PL2,Delivery & Shipping,High,Logistics,A3029,0,2.0,,,Y,"bhai
product arrived damaged
bahut pareshan hu
kindly do the needful",cx states transit damage. chk w/ courier for damage claim. reverse pkp arranged. cx informed. [closed],helpdesk
TK-244346,2025-09-01 19:20,2025-09-01 19:51,,pending,voice,C100647,VR897014,VA-EB-PL2,Delivery & Shipping,High,Logistics,A3029,0,2.0,,,Y,"bhai
product arrived damaged
bahut pareshan hu
kindly do the needful",cx states transit damage. chk w/ courier for damage claim. reverse pkp arranged. cx informed. [closed],legacy_fd
TK-244352,2025-09-01 23:11,2025-09-01 23:12,2025-09-01 23:51,resolved,chat,C109355,VR885873,VA-HP-ST3,Connectivity,Normal,Chat Frontline,A3001,0,,,,N,"product: my strata 3 headphones
order: vr885873
purchased: 14/12
issue: the pairing light blinks but nothing ever shows up on my oneplus
tried: forgot the device and tried again
expected: refund","re: device not discoverable | asked cx to reset the device -> advised fw update via app, resolved -SK",helpdesk
TK-244352,2025-09-01 23:11,2025-09-01 23:12,2025-09-01 18:21,resolved,chat,C109355,VR885873,VA-HP-ST3,Connectivity,Normal,Chat Frontline,A3001,0,0.0,,,N,"product: my strata 3 headphones
order: vr885873
purchased: 14/12
issue: the pairing light blinks but nothing ever shows up on my oneplus
tried: forgot the device and tried again
expected: refund","re: device not discoverable | asked cx to reset the device -> advised fw update via app, resolved -SK",legacy_fd
TK-244353,2025-09-01 23:16,2025-09-02 01:44,2025-09-02 02:02,resolved,email,C104094,VR902325,VA-EB-PL2,Account & Login,High,Email Frontline,A3016,0,,,,N,"Hi Vireo support, I bought Pusle 2 on 21-08-2025.  Your site kepes saying it snet me a code and my phne disagrees. I tried on another browser. Plase call me on my registerd number. Rgds,",see prev,helpdesk
TK-244353,2025-09-01 23:16,2025-09-02 01:44,2025-09-01 20:32,resolved,email,C104094,VR902325,VA-EB-PL2,Account & Login,High,Email Frontline,A3016,0,0.0,,,N,"Hi Vireo support, I bought Pusle 2 on 21-08-2025.  Your site kepes saying it snet me a code and my phne disagrees. I tried on another browser. Plase call me on my registerd number. Rgds,",see prev,legacy_fd
TK-244363,2025-09-02 10:11,2025-09-02 12:29,2025-09-02 12:42,resolved,email,C104501,,VA-EB-PL1,App & Firmware,Normal,Email Frontline,A3018,0,,,,Y,"Dear Sir/Madam,

I am writing with reference to my order of pulse 1 placed on 12-08-2025. The app closes itself the moment I tap on my device. I have cleared cache. I request u to process a refund to my original payment method.

Sincerely,
Simran Chauhan","Cx reported app not opening. Asked for phone model + OS. Replacement raised, RMA shared w/ cx. (SOP 3.1) ~Sukhwinder",helpdesk
TK-244363,2025-09-02 10:11,2025-09-02 12:29,2025-09-02 07:12,resolved,email,C104501,,VA-EB-PL1,App & Firmware,Normal,Email Frontline,A3018,0,0.0,,,Y,"Dear Sir/Madam,

I am writing with reference to my order of pulse 1 placed on 12-08-2025. The app closes itself the moment I tap on my device. I have cleared cache. I request u to process a refund to my original payment method.

Sincerely,
Simran Chauhan","Cx reported app not opening. Asked for phone model + OS. Replacement raised, RMA shared w/ cx. (SOP 3.1) ~Sukhwinder",legacy_fd
TK-244366,2025-09-02 10:55,2025-09-02 11:43,2025-09-02 12:21,resolved,voice,C103884,,VA-EB-PL1,Connectivity,Normal,Voice Frontline,A3024,0,,,,N,[IVR transcript] hi blluetooth keesp cutting out pulse 1 urgent,bt dropouts | chk interference sources -> replacement raised,helpdesk
TK-244366,2025-09-02 10:55,2025-09-02 11:43,2025-09-02 06:51,resolved,voice,C103884,,VA-EB-PL1,Connectivity,Normal,Voice Frontline,A3024,0,0.0,,,N,[IVR transcript] hi blluetooth keesp cutting out pulse 1 urgent,bt dropouts | chk interference sources -> replacement raised,legacy_fd
TK-244373,2025-09-02 15:07,2025-09-02 17:15,2025-09-02 17:49,resolved,email,C107528,VR901923,VA-EB-PL2,Audio Quality,Normal,Email Frontline,A3019,0,,,,N,"Hello,
This is regarding my Pulse 2.  Everyone on my calls says I sound like I'm underwater.
I want a replacement.
Awaiting response Kabir",cx: low mic pickup | tested on call with cx -> fw update advised ~Kavya,helpdesk
TK-244373,2025-09-02 15:07,2025-09-02 17:15,2025-09-02 12:19,resolved,email,C107528,VR901923,VA-EB-PL2,Audio Quality,Normal,Email Frontline,A3019,0,0.0,,,N,"Hello,
This is regarding my Pulse 2.  Everyone on my calls says I sound like I'm underwater.
I want a replacement.
Awaiting response Kabir",cx: low mic pickup | tested on call with cx -> fw update advised ~Kavya,legacy_fd
TK-244377,2025-09-02 16:35,2025-09-02 16:58,2025-09-02 17:17,resolved,voice,C105620,VR881793,VA-HP-ST3,Other,Normal,Voice Frontline,A3005,1,,,,N,not acceptable at this price.  bought strata 3 around 16 jul from vireo.in. random disconnects during calls. i already turned off wifi. refund. now.,"issue: intermittent disconnects | adv to test in different location -> adv, cx will monitor | xfer chat frontline",helpdesk
TK-244377,2025-09-02 16:35,2025-09-02 16:58,2025-09-02 11:47,resolved,voice,C105620,VR881793,VA-HP-ST3,Other,Normal,Voice Frontline,A3005,1,0.0,,,N,not acceptable at this price.  bought strata 3 around 16 jul from vireo.in. random disconnects during calls. i already turned off wifi. refund. now.,"issue: intermittent disconnects | adv to test in different location -> adv, cx will monitor | xfer chat frontline",legacy_fd
TK-244381,2025-09-02 19:30,2025-09-02 19:34,2025-09-07 19:50,resolved,chat,C109399,,VA-SP-ORB,Delivery & Shipping,Low,Logistics,A3029,0,,,,N,"Still not fixed after your last 'resolution'.
Product: my Orbit
Purchased: 05-08-2025
Issue: my order has not been delivered yet
Tried: checked with neighbours
Expected: resolution","contact re dlvry delayed. raised ticket w/ crr partner. rto conf, reshipped. cx informed. [closed]",helpdesk
TK-244381,2025-09-02 19:30,2025-09-02 19:34,2025-09-07 14:20,resolved,chat,C109399,,VA-SP-ORB,Delivery & Shipping,Low,Logistics,A3029,0,0.0,,,N,"Still not fixed after your last 'resolution'.
Product: my Orbit
Purchased: 05-08-2025
Issue: my order has not been delivered yet
Tried: checked with neighbours
Expected: resolution","contact re dlvry delayed. raised ticket w/ crr partner. rto conf, reshipped. cx informed. [closed]",legacy_fd
TK-244385,2025-09-02 20:56,2025-09-02 23:42,2025-09-03 00:07,resolved,email,C100574,VR888315,VA-SW-FIT,Connectivity,Normal,Email Frontline,A3003,0,3.0,,,N,"the pairing light blinks but nothing ever shows up on my OnePlus, VR888315, please help","cx states prior ticket for same issue. Cx reported unable to pair w/ phone. Asked cx to reset the device. Reset done, paired ok. Closing. //ROH",helpdesk
TK-244385,2025-09-02 20:56,2025-09-02 23:42,2025-09-02 18:37,resolved,email,C100574,VR888315,VA-SW-FIT,Connectivity,Normal,Email Frontline,A3003,0,3.0,,,N,"the pairing light blinks but nothing ever shows up on my OnePlus, VR888315, please help","cx states prior ticket for same issue. Cx reported unable to pair w/ phone. Asked cx to reset the device. Reset done, paired ok. Closing. //ROH",legacy_fd
TK-244391,2025-09-03 07:22,2025-09-03 10:01,2025-09-03 10:34,resolved,social,C103474,,VA-EB-AIR,Charging & Battery,High,Chat Frontline,A3012,0,,,,N,baattery draining even wen not in use. please call me on my registered number,"Cust contacted re battery draining fast. Advised disabling ANC/AOD to test. Advised settings change, cx satisfied.",helpdesk
TK-244391,2025-09-03 07:22,2025-09-03 10:01,2025-09-03 05:04,resolved,social,C103474,,VA-EB-AIR,Charging & Battery,High,Chat Frontline,A3012,0,0.0,,,N,baattery draining even wen not in use. please call me on my registered number,"Cust contacted re battery draining fast. Advised disabling ANC/AOD to test. Advised settings change, cx satisfied.",legacy_fd
TK-244394,2025-09-03 09:35,2025-09-03 10:10,2025-09-03 10:28,resolved,email,C101142,,VA-SW-NX2,Charging & Battery,Normal,Email Frontline,A3022,0,3.0,,,N,"bhai
i have to charge it twice a day now, it used to last days
please help karo","contact re battery draining fast. advised disabling anc/aod to test. advised settings change, cx satisfied. case closed with cx consent. -YM",helpdesk
TK-244394,2025-09-03 09:35,2025-09-03 10:10,2025-09-03 04:58,resolved,email,C101142,,VA-SW-NX2,Charging & Battery,Normal,Email Frontline,A3022,0,3.0,,,N,"bhai
i have to charge it twice a day now, it used to last days
please help karo","contact re battery draining fast. advised disabling anc/aod to test. advised settings change, cx satisfied. case closed with cx consent. -YM",legacy_fd
TK-244395,2025-09-03 10:27,2025-09-03 10:30,2025-09-03 10:40,resolved,chat,C101000,VR886450,VA-EB-PL2,Other,Normal,Chat Frontline,A3004,0,5.0,,,N,"Dear Sir/Madam,

I am writing with reference to my order of Pulse2 (VR886450) placed on August 27. Entered wrong pincode. I have tried editing in app. I request you to kindly arrange a replacement.

Regards,
Arjun D'Souza",customer reached out - address change request. updated address with courier. address updated. [closed],helpdesk
TK-244395,2025-09-03 10:27,2025-09-03 10:30,2025-09-03 05:10,resolved,chat,C101000,VR886450,VA-EB-PL2,Other,Normal,Chat Frontline,A3004,0,5.0,,,N,"Dear Sir/Madam,

I am writing with reference to my order of Pulse2 (VR886450) placed on August 27. Entered wrong pincode. I have tried editing in app. I request you to kindly arrange a replacement.

Regards,
Arjun D'Souza",customer reached out - address change request. updated address with courier. address updated. [closed],legacy_fd
TK-244398,2025-09-03 13:42,2025-09-03 13:45,2025-09-03 14:01,resolved,chat,C106432,,VA-EB-PL2,Billing & Payments,High,Billing,A3034,0,5.0,,,N,"hi
need the bill w/ my firm's gstin on it
pls reply","1. Invoice query
2. Regenerated invoice
3. Invoice emailed -MM",helpdesk
TK-244398,2025-09-03 13:42,2025-09-03 13:45,2025-09-03 08:31,resolved,chat,C106432,,VA-EB-PL2,Billing & Payments,High,Billing,A3034,0,5.0,,,N,"hi
need the bill w/ my firm's gstin on it
pls reply","1. Invoice query
2. Regenerated invoice
3. Invoice emailed -MM",legacy_fd
TK-244405,2025-09-03 18:13,2025-09-03 18:40,2025-09-03 19:03,resolved,chat,C108830,,VA-SW-NX2,Billing & Payments,High,Billing,A3033,0,,,,N,"hello vireo, got the nexa 2 from vireo.in last week. my company accounts team is asking for the tax bill. i want a replacement. thanks & regards faisal",GST invoice regenerated and shared. Issue: GST invoice request. Updated GSTIN on order. ~Diya,helpdesk
TK-244405,2025-09-03 18:13,2025-09-03 18:40,2025-09-03 13:33,resolved,chat,C108830,,VA-SW-NX2,Billing & Payments,High,Billing,A3033,0,0.0,,,N,"hello vireo, got the nexa 2 from vireo.in last week. my company accounts team is asking for the tax bill. i want a replacement. thanks & regards faisal",GST invoice regenerated and shared. Issue: GST invoice request. Updated GSTIN on order. ~Diya,legacy_fd
TK-244408,2025-09-03 19:30,2025-09-03 19:32,2025-09-04 20:01,resolved,chat,C104071,VR898009,VA-HP-ST3,Returns & Refunds,Normal,Returns Desk,A3037,0,,1190.0,RETURN-QC-OK,N,"hey
fouurth time writing about teh same thing.
refund not received yet
pls rply","1. Refund pending
2. chk refund status on PG
3. Refund conf credited",helpdesk
TK-244408,2025-09-03 19:30,2025-09-03 19:32,2025-09-04 14:31,resolved,chat,C104071,VR898009,VA-HP-ST3,Returns & Refunds,Normal,Returns Desk,A3037,0,0.0,1190.0,RETURN-QC-OK,N,"hey
fouurth time writing about teh same thing.
refund not received yet
pls rply","1. Refund pending
2. chk refund status on PG
3. Refund conf credited",legacy_fd
TK-244419,2025-09-04 02:12,2025-09-04 06:01,2025-09-05 06:28,resolved,email,C109067,VR898732,VA-SP-MINI,Delivery & Shipping,Normal,Logistics,A3030,0,3.0,,,N,"Thiis is regarding orbit mini. Packkage not delivered even after 21 days.
I checked the tracking page daily.
I want my money back.",Reported: delivery delayed. Raied ticket with courier partner. Refund initiated as lost in transit.,helpdesk
TK-244419,2025-09-04 02:12,2025-09-04 06:01,2025-09-05 00:58,resolved,email,C109067,VR898732,VA-SP-MINI,Delivery & Shipping,Normal,Logistics,A3030,0,3.0,,,N,"Thiis is regarding orbit mini. Packkage not delivered even after 21 days.
I checked the tracking page daily.
I want my money back.",Reported: delivery delayed. Raied ticket with courier partner. Refund initiated as lost in transit.,legacy_fd
TK-244432,2025-09-04 16:38,2025-09-04 16:45,2025-09-06 16:55,resolved,chat,C106950,VR903805,VA-EB-PL2,Delivery & Shipping,Normal,Logistics,A3031,0,,,,N,"my order has not been delivered yet
VR903805","1. dlvry delayed
2. chk AWB w/ crr
3. crr conf dlvry for 08 Sep, cx informed",helpdesk
TK-244432,2025-09-04 16:38,2025-09-04 16:45,2025-09-06 11:25,resolved,chat,C106950,VR903805,VA-EB-PL2,Delivery & Shipping,Normal,Logistics,A3031,0,0.0,,,N,"my order has not been delivered yet
VR903805","1. dlvry delayed
2. chk AWB w/ crr
3. crr conf dlvry for 08 Sep, cx informed",legacy_fd
TK-244436,2025-09-04 20:17,2025-09-04 20:27,2025-09-04 21:04,resolved,chat,C108464,VR907271,VA-SP-ORB,Connectivity,Normal,Chat Frontline,A3009,0,,600.0,DOA-REPL,N,"hello vireo, order vr907271 (the orbit smart speaker). it conects for a second and then vanishes from the device list. can someone fix this? awaiting response, aarav shnde",full refund processed (600). issue: unable to pair with phone. checked phone os version.,helpdesk
TK-244436,2025-09-04 20:17,2025-09-04 20:27,2025-09-04 15:34,resolved,chat,C108464,VR907271,VA-SP-ORB,Connectivity,Normal,Chat Frontline,A3009,0,0.0,600.0,DOA-REPL,N,"hello vireo, order vr907271 (the orbit smart speaker). it conects for a second and then vanishes from the device list. can someone fix this? awaiting response, aarav shnde",full refund processed (600). issue: unable to pair with phone. checked phone os version.,legacy_fd
TK-244445,2025-09-05 09:25,2025-09-05 09:55,2025-09-05 10:28,closed,voice,C106064,,VA-EB-PL2,Connectivity,Normal,Voice Frontline,A3024,0,,,,N,[IVR transcript] Not what I expected from Vireo. I bought Pulse 2 on 29-08-2025. bluetooth keeps cutting out. I already kept phone in hand. This is the last time I buy from you.,intermittent disconnects | adv to test in different location -> rplc raised,helpdesk
TK-244445,2025-09-05 09:25,2025-09-05 09:55,2025-09-05 04:58,closed,voice,C106064,,VA-EB-PL2,Connectivity,Normal,Voice Frontline,A3024,0,0.0,,,N,[IVR transcript] Not what I expected from Vireo. I bought Pulse 2 on 29-08-2025. bluetooth keeps cutting out. I already kept phone in hand. This is the last time I buy from you.,intermittent disconnects | adv to test in different location -> rplc raised,legacy_fd
TK-244449,2025-09-05 12:51,2025-09-05 13:35,2025-09-10 14:07,closed,email,C100606,VR909434,VA-EB-PL2,Delivery & Shipping,Normal,Logistics,A3028,0,4.0,,,N,"PRODUCT: PULSE 2
ORDER: VR909434
PURCHASED: 22/08
ISSUE: THE BOX SAYS PULSE 2 BUT WHAT'S INSIDE IS NOT WHAT I PAID FOR
TRIED: RECHECKED MY ORDER
EXPECTED: RESOLUTION",cx says wrong item delivered. verified order vs delivered item photos. replacement dispatched. follow-up not required.,helpdesk
TK-244449,2025-09-05 12:51,2025-09-05 13:35,2025-09-10 08:37,closed,email,C100606,VR909434,VA-EB-PL2,Delivery & Shipping,Normal,Logistics,A3028,0,4.0,,,N,"PRODUCT: PULSE 2
ORDER: VR909434
PURCHASED: 22/08
ISSUE: THE BOX SAYS PULSE 2 BUT WHAT'S INSIDE IS NOT WHAT I PAID FOR
TRIED: RECHECKED MY ORDER
EXPECTED: RESOLUTION",cx says wrong item delivered. verified order vs delivered item photos. replacement dispatched. follow-up not required.,legacy_fd
TK-244452,2025-09-05 13:31,2025-09-05 13:33,2025-09-05 14:00,resolved,chat,C101538,VR902981,VA-EB-PL2,Delivery & Shipping,High,Logistics,A3030,0,,,,Y,"product arrived damaged, vr902981, i waant my money back","Cusst contacted re unit received damaged. Photos received, damage confirmed. Reverse pickup arranged.",helpdesk
TK-244452,2025-09-05 13:31,2025-09-05 13:33,2025-09-05 08:30,resolved,chat,C101538,VR902981,VA-EB-PL2,Delivery & Shipping,High,Logistics,A3030,0,0.0,,,Y,"product arrived damaged, vr902981, i waant my money back","Cusst contacted re unit received damaged. Photos received, damage confirmed. Reverse pickup arranged.",legacy_fd
TK-244490,2025-09-06 14:08,2025-09-06 14:10,2025-09-06 14:21,resolved,chat,C106223,VR903059,VA-SW-NX2,Other,Normal,Chat Frontline,A3014,0,5.0,,,N,"Hi there, Got my Nexa 2 watch from Amazon 10 days ago. Cancel order VR903059. I tried cancel button, greyed out. Nothing changed. Waiting for your reply.","ticket raised for cancellation request. checked shipment status. cancelled, refund initiated. -MI",helpdesk
TK-244490,2025-09-06 14:08,2025-09-06 14:10,2025-09-06 08:51,resolved,chat,C106223,VR903059,VA-SW-NX2,Other,Normal,Chat Frontline,A3014,0,5.0,,,N,"Hi there, Got my Nexa 2 watch from Amazon 10 days ago. Cancel order VR903059. I tried cancel button, greyed out. Nothing changed. Waiting for your reply.","ticket raised for cancellation request. checked shipment status. cancelled, refund initiated. -MI",legacy_fd
TK-244495,2025-09-06 15:34,2025-09-06 15:39,2025-09-06 15:56,resolved,chat,C107025,VR885862,VA-EB-PL2,Other,Normal,Chat Frontline,A3007,0,3.0,,,N,update my shipping address.  VR885862,Address updated. Issue: address change request. Updated address with courier.,helpdesk
TK-244495,2025-09-06 15:34,2025-09-06 15:39,2025-09-06 10:26,resolved,chat,C107025,VR885862,VA-EB-PL2,Other,Normal,Chat Frontline,A3007,0,3.0,,,N,update my shipping address.  VR885862,Address updated. Issue: address change request. Updated address with courier.,legacy_fd
TK-244499,2025-09-06 17:13,2025-09-06 18:16,2025-09-06 18:45,resolved,email,C107192,,VA-SW-FIT,Billing & Payments,Normal,Billing,A3033,0,3.0,1999.0,DUP-PAYMENT,N,"my bank says Rs 1799 went to you but your ste says I have no orders
can someone fix this?","1. Failed order after payment
2. Checked PG dashboard for txn
3. Refund processed to source ~Diya",helpdesk
TK-244499,2025-09-06 17:13,2025-09-06 18:16,2025-09-06 13:15,resolved,email,C107192,,VA-SW-FIT,Billing & Payments,Normal,Billing,A3033,0,3.0,1999.0,DUP-PAYMENT,N,"my bank says Rs 1799 went to you but your ste says I have no orders
can someone fix this?","1. Failed order after payment
2. Checked PG dashboard for txn
3. Refund processed to source ~Diya",legacy_fd
TK-244506,2025-09-06 20:31,2025-09-06 21:00,2025-09-06 21:14,resolved,voice,C102085,VR883975,VA-EB-PL1,Other,Normal,Voice Frontline,A3016,2,5.0,,,N,"dear sir/madam, got my pulse from vireo.in recently. want to cancel my order. i tried cancel button, greyed out. nothing changed. what do i do now?",- [closed],helpdesk
TK-244506,2025-09-06 20:31,2025-09-06 21:00,2025-09-06 15:44,resolved,voice,C102085,VR883975,VA-EB-PL1,Other,Normal,Voice Frontline,A3016,2,5.0,,,N,"dear sir/madam, got my pulse from vireo.in recently. want to cancel my order. i tried cancel button, greyed out. nothing changed. what do i do now?",- [closed],legacy_fd
TK-244508,2025-09-06 20:56,2025-09-06 21:18,2025-09-06 21:55,resolved,email,C101713,VR901902,VA-EB-PL2,Other,Normal,Email Frontline,A3021,0,3.0,,,N,"not pairing with my phone, VR901902","1. pairing failure
2. checked phone os version
3. reset done, paired ok",helpdesk
TK-244508,2025-09-06 20:56,2025-09-06 21:18,2025-09-06 16:25,resolved,email,C101713,VR901902,VA-EB-PL2,Other,Normal,Email Frontline,A3021,0,3.0,,,N,"not pairing with my phone, VR901902","1. pairing failure
2. checked phone os version
3. reset done, paired ok",legacy_fd
TK-244519,2025-09-06 22:31,2025-09-06 22:33,2025-09-07 22:55,resolved,chat,C108290,VR903983,VA-SW-NX1,Returns & Refunds,Low,Returns Desk,A3038,0,,4999.0,RETURN-QC-OK,N,"Hi Vireo support,
I bought my Nexa on 19/07.  I have been sitting at home for 3 days waiting for your courier.
I called courier. Nothing changed.
Please advise.",recontact. Cx reported pickup missed. Re-raised pickup with courier. Full refund processed (4999).,helpdesk
TK-244519,2025-09-06 22:31,2025-09-06 22:33,2025-09-07 17:25,resolved,chat,C108290,VR903983,VA-SW-NX1,Returns & Refunds,Low,Returns Desk,A3038,0,0.0,4999.0,RETURN-QC-OK,N,"Hi Vireo support,
I bought my Nexa on 19/07.  I have been sitting at home for 3 days waiting for your courier.
I called courier. Nothing changed.
Please advise.",recontact. Cx reported pickup missed. Re-raised pickup with courier. Full refund processed (4999).,legacy_fd
TK-244520,2025-09-07 01:44,2025-09-07 01:50,2025-09-07 02:21,resolved,chat,C104359,VR903518,VA-EB-PL1,Connectivity,Normal,Chat Frontline,A3003,0,,,,N,cannot pair my Pulse w/ my laptop,"Ticket raised for device not discoverable. Walked through forget + re-pair. Reset done, paired ok. Will monitor.",helpdesk
TK-244520,2025-09-07 01:44,2025-09-07 01:50,2025-09-06 20:51,resolved,chat,C104359,VR903518,VA-EB-PL1,Connectivity,Normal,Chat Frontline,A3003,0,0.0,,,N,cannot pair my Pulse w/ my laptop,"Ticket raised for device not discoverable. Walked through forget + re-pair. Reset done, paired ok. Will monitor.",legacy_fd
TK-244524,2025-09-07 10:03,2025-09-07 10:23,2025-09-09 10:38,resolved,social,C107013,,VA-SP-MINI,Delivery & Shipping,Normal,Logistics,A3030,0,4.0,,,Y,"hello, got orbit mini from amaazon a month ago.  received teh wrong item. i rechecked my order. nothnig changed. waiting for your reply. thanks nikhil",Cust contacted re inncorrect product shipped. Raised wtih warehouse. Replacement unit dispatched.,helpdesk
TK-244524,2025-09-07 10:03,2025-09-07 10:23,2025-09-09 05:08,resolved,social,C107013,,VA-SP-MINI,Delivery & Shipping,Normal,Logistics,A3030,0,4.0,,,Y,"hello, got orbit mini from amaazon a month ago.  received teh wrong item. i rechecked my order. nothnig changed. waiting for your reply. thanks nikhil",Cust contacted re inncorrect product shipped. Raised wtih warehouse. Replacement unit dispatched.,legacy_fd
TK-244526,2025-09-07 10:29,2025-09-07 14:19,2025-09-10 14:44,resolved,email,C103443,VR893445,VA-SW-NX2,Delivery & Shipping,Normal,Logistics,A3031,0,4.0,,,N,"Hi, I bought my Nexa 2 watch on 03 Sep. Package not delivered even after 10 days. I checked the tracking page daily. Really frustrating. Please call me on my registered number. Thanks & regards","1. Delivery delayed
2. conf adress w/ cx
3. Re-shipped from warehouse",helpdesk
TK-244526,2025-09-07 10:29,2025-09-07 14:19,2025-09-10 09:14,resolved,email,C103443,VR893445,VA-SW-NX2,Delivery & Shipping,Normal,Logistics,A3031,0,4.0,,,N,"Hi, I bought my Nexa 2 watch on 03 Sep. Package not delivered even after 10 days. I checked the tracking page daily. Really frustrating. Please call me on my registered number. Thanks & regards","1. Delivery delayed
2. conf adress w/ cx
3. Re-shipped from warehouse",legacy_fd
TK-244531,2025-09-07 12:19,2025-09-07 12:20,2025-09-07 12:39,resolved,chat,C108231,,VA-HP-ST3,Billing & Payments,Low,Billing,A3032,0,3.0,,,N,This is v disappointing.  Got the strata 3 from Amazon in August. need GST invoice for my order. I already checked orders page. FIX THIS OR I AM POSTING ON TWITTER.,reported: invoice query. regenerated invoice. gst invoice regenerated and shared.,helpdesk
TK-244531,2025-09-07 12:19,2025-09-07 12:20,2025-09-07 07:09,resolved,chat,C108231,,VA-HP-ST3,Billing & Payments,Low,Billing,A3032,0,3.0,,,N,This is v disappointing.  Got the strata 3 from Amazon in August. need GST invoice for my order. I already checked orders page. FIX THIS OR I AM POSTING ON TWITTER.,reported: invoice query. regenerated invoice. gst invoice regenerated and shared.,legacy_fd
TK-244533,2025-09-07 13:40,2025-09-07 13:50,2025-09-09 14:13,resolved,chat,C108968,VR889087,VA-EB-PL2,Other,Normal,Chat Frontline,A3012,0,4.0,,,N,order status stuck on shipped siince 06 Sep,Ticket raised for shipment not received. Checked AWB with crr. Refund initiated as lost in transit.,helpdesk
TK-244533,2025-09-07 13:40,2025-09-07 13:50,2025-09-09 08:43,resolved,chat,C108968,VR889087,VA-EB-PL2,Other,Normal,Chat Frontline,A3012,0,4.0,,,N,order status stuck on shipped siince 06 Sep,Ticket raised for shipment not received. Checked AWB with crr. Refund initiated as lost in transit.,legacy_fd
TK-244535,2025-09-07 13:51,2025-09-07 13:51,2025-09-09 14:12,closed,chat,C104889,,VA-HP-ST2,Delivery & Shipping,High,Logistics,A3030,0,2.0,,,N,"hi
this is teh second time i am writing about this.
wrong product delivered
anyone there",Customer reached out - wrong item delivered. Raised with warehouse. Replacement dispatched.,helpdesk
TK-244535,2025-09-07 13:51,2025-09-07 13:51,2025-09-09 08:42,closed,chat,C104889,,VA-HP-ST2,Delivery & Shipping,High,Logistics,A3030,0,2.0,,,N,"hi
this is teh second time i am writing about this.
wrong product delivered
anyone there",Customer reached out - wrong item delivered. Raised with warehouse. Replacement dispatched.,legacy_fd
TK-244555,2025-09-08 09:49,2025-09-08 13:18,2025-09-09 13:40,resolved,email,C102262,VR896534,VA-NB-ARC,Returns & Refunds,Normal,Returns Desk,A3038,0,,,,N,"Hey, This is regarding Arc neckband.  Still waiting for my refund. I emailed twice. Nothing changed. Please help. Regards",Contact re refund pending. Checked reverse pickup QC status. ARN shared with cx.,helpdesk
TK-244555,2025-09-08 09:49,2025-09-08 13:18,2025-09-09 08:10,resolved,email,C102262,VR896534,VA-NB-ARC,Returns & Refunds,Normal,Returns Desk,A3038,0,0.0,,,N,"Hey, This is regarding Arc neckband.  Still waiting for my refund. I emailed twice. Nothing changed. Please help. Regards",Contact re refund pending. Checked reverse pickup QC status. ARN shared with cx.,legacy_fd
TK-244556,2025-09-08 09:53,2025-09-08 09:55,2025-09-08 10:27,resolved,chat,C101246,VR900859,VA-EB-PL2,Billing & Payments,High,Billing,A3035,0,,3149.0,DUP-PAYMENT,N,"Dear Sir/Madam,
Got my Pulse 2 form Amazon 2 weeks ago.  Double payment deducted.
I waited a week. Nothing changed.
Please resolve asap.
Regards Zoya Verma","1. Charged twice
2. Checked PG for duplicate txn
3. Refund approved, Rs 3149, 5-7 working days",helpdesk
TK-244556,2025-09-08 09:53,2025-09-08 09:55,2025-09-08 04:57,resolved,chat,C101246,VR900859,VA-EB-PL2,Billing & Payments,High,Billing,A3035,0,0.0,3149.0,DUP-PAYMENT,N,"Dear Sir/Madam,
Got my Pulse 2 form Amazon 2 weeks ago.  Double payment deducted.
I waited a week. Nothing changed.
Please resolve asap.
Regards Zoya Verma","1. Charged twice
2. Checked PG for duplicate txn
3. Refund approved, Rs 3149, 5-7 working days",legacy_fd
TK-244559,2025-09-08 10:17,2025-09-08 11:19,2025-09-08 11:37,closed,voice,C105179,VR884995,VA-SW-NX2,Other,Normal,Voice Frontline,A3023,2,4.0,,,N,[IVR transcript] update my shipping address,"Already dispatched, advised to redirect with courier. Issue: wrong pincode. Updated address with courier. (SOP 4.2) ~Farah",helpdesk
TK-244559,2025-09-08 10:17,2025-09-08 11:19,2025-09-08 06:07,closed,voice,C105179,VR884995,VA-SW-NX2,Other,Normal,Voice Frontline,A3023,2,4.0,,,N,[IVR transcript] update my shipping address,"Already dispatched, advised to redirect with courier. Issue: wrong pincode. Updated address with courier. (SOP 4.2) ~Farah",legacy_fd
TK-244562,2025-09-08 11:32,2025-09-08 11:42,2025-09-08 12:05,resolved,voice,C108530,VR908452,VA-SP-ORB,Connectivity,Normal,Voice Frontline,A3023,0,3.0,,,N,"[IVR transcript] the vireo app keeps crashing, please call me on my registered number","Cleared cache, rslvd. Issue: app crashing. Chcked app version. (SOP 4.2) ~Farah",helpdesk
TK-244562,2025-09-08 11:32,2025-09-08 11:42,2025-09-08 06:35,resolved,voice,C108530,VR908452,VA-SP-ORB,Connectivity,Normal,Voice Frontline,A3023,0,3.0,,,N,"[IVR transcript] the vireo app keeps crashing, please call me on my registered number","Cleared cache, rslvd. Issue: app crashing. Chcked app version. (SOP 4.2) ~Farah",legacy_fd
TK-244572,2025-09-08 14:39,2025-09-08 15:43,2025-09-13 16:31,resolved,social,C105952,VR893923,VA-SW-NX2,Warranty & Repair,Normal,Escalations & Warranty,A3044,0,,,,N,"hello vireo, the nexa 2 purchased last week, order vr893923. the strap is tearing. i bought a third-party strap. nothing changed. waiting for your reply. thanks in advance abhishek",Contact re strap pin issue. chk wty eligibility. Advised paid strap purchase.,helpdesk
TK-244572,2025-09-08 14:39,2025-09-08 15:43,2025-09-13 11:01,resolved,social,C105952,VR893923,VA-SW-NX2,Warranty & Repair,Normal,Escalations & Warranty,A3044,0,0.0,,,N,"hello vireo, the nexa 2 purchased last week, order vr893923. the strap is tearing. i bought a third-party strap. nothing changed. waiting for your reply. thanks in advance abhishek",Contact re strap pin issue. chk wty eligibility. Advised paid strap purchase.,legacy_fd
TK-244575,2025-09-08 17:32,2025-09-08 19:24,2025-09-08 19:50,resolved,email,C107770,VR903361,VA-EB-PL2,Connectivity,Normal,Email Frontline,A3019,0,5.0,,,N,"Dear Sir/Madam,

I am writig with reference to my order of pulse 2 buds (VR903361) placed on 11/08.  Not pairing with my phone. I have tried on annother phone. I request you to process a refund to my original payment method.

Regards,
Komal Sharma
Ahmedabad","re-pair successful, resolved on chat ~Kavya",helpdesk
TK-244575,2025-09-08 17:32,2025-09-08 19:24,2025-09-08 14:20,resolved,email,C107770,VR903361,VA-EB-PL2,Connectivity,Normal,Email Frontline,A3019,0,5.0,,,N,"Dear Sir/Madam,

I am writig with reference to my order of pulse 2 buds (VR903361) placed on 11/08.  Not pairing with my phone. I have tried on annother phone. I request you to process a refund to my original payment method.

Regards,
Komal Sharma
Ahmedabad","re-pair successful, resolved on chat ~Kavya",legacy_fd
TK-244577,2025-09-08 18:07,2025-09-08 18:09,2025-09-10 22:54,resolved,chat,C101649,VR898868,VA-SW-NX2,Warranty & Repair,Normal,Escalations & Warranty,A3044,0,,,,N,"Product: the Nexa 2
Order: VR898868
Purchased: 01-06-2025
Issue: claim number RMA94577, anyone alive there?
Tried: called service centre
Expected: fix","Cx updated, ETA shared. Issue: repair status follow-up. Followed up w/ service centre.",helpdesk
TK-244577,2025-09-08 18:07,2025-09-08 18:09,2025-09-10 17:24,resolved,chat,C101649,VR898868,VA-SW-NX2,Warranty & Repair,Normal,Escalations & Warranty,A3044,0,0.0,,,N,"Product: the Nexa 2
Order: VR898868
Purchased: 01-06-2025
Issue: claim number RMA94577, anyone alive there?
Tried: called service centre
Expected: fix","Cx updated, ETA shared. Issue: repair status follow-up. Followed up w/ service centre.",legacy_fd
TK-244594,2025-09-09 11:15,2025-09-09 11:34,2025-09-09 11:46,resolved,voice,C101892,VR882202,VA-SW-NX2,Other,Normal,Voice Frontline,A3026,0,,,,N,"[IVR transcript] is the Nexa 2 compatible with my TV, VR882202",cx satisfied. issue: compatibility query. shared spec sheet. ~Vihaan,helpdesk
TK-244594,2025-09-09 11:15,2025-09-09 11:34,2025-09-09 06:16,resolved,voice,C101892,VR882202,VA-SW-NX2,Other,Normal,Voice Frontline,A3026,0,0.0,,,N,"[IVR transcript] is the Nexa 2 compatible with my TV, VR882202",cx satisfied. issue: compatibility query. shared spec sheet. ~Vihaan,legacy_fd
TK-244596,2025-09-09 12:29,2025-09-09 12:41,2025-09-09 12:59,resolved,voice,C100198,VR882206,VA-SW-FIT,Product Enquiry,High,Voice Frontline,A3025,0,,,,N,"[IVR transcript] Hi, Bought Nexa Fit around 16-09-2025 from vireo.in. Will this survive a shower. PLEASE HELP. Rgds",ticket raised for product enquiry. shared spec sheet. query answered. closing. //RIY,helpdesk
TK-244596,2025-09-09 12:29,2025-09-09 12:41,2025-09-09 07:29,resolved,voice,C100198,VR882206,VA-SW-FIT,Product Enquiry,High,Voice Frontline,A3025,0,0.0,,,N,"[IVR transcript] Hi, Bought Nexa Fit around 16-09-2025 from vireo.in. Will this survive a shower. PLEASE HELP. Rgds",ticket raised for product enquiry. shared spec sheet. query answered. closing. //RIY,legacy_fd
TK-244603,2025-09-09 19:14,2025-09-09 20:23,2025-09-09 20:46,resolved,email,C103474,,VA-EB-AIR,Charging & Battery,Normal,Email Frontline,A3019,0,,,,N,left side not charging in the case,"cx: left bud not charging | tested with cx on call -> advised pin cleaning, cx confirmed ok (sop 3.1) ~Kavya",helpdesk
TK-244603,2025-09-09 19:14,2025-09-09 20:23,2025-09-09 15:16,resolved,email,C103474,,VA-EB-AIR,Charging & Battery,Normal,Email Frontline,A3019,0,0.0,,,N,left side not charging in the case,"cx: left bud not charging | tested with cx on call -> advised pin cleaning, cx confirmed ok (sop 3.1) ~Kavya",legacy_fd
TK-244618,2025-09-10 06:02,2025-09-10 06:19,2025-09-10 06:30,resolved,chat,C101555,VR893548,VA-HP-ST3,Account & Login,Normal,Chat Frontline,A3006,0,,,,N,"hi there, order vr893548 (the strata 3).  locked out of my own account since around diwali. can someone fix this? thanks & regards,","OTP resent, cx logged in. Issue: login issue. Checked number on account. -TS",helpdesk
TK-244618,2025-09-10 06:02,2025-09-10 06:19,2025-09-10 01:00,resolved,chat,C101555,VR893548,VA-HP-ST3,Account & Login,Normal,Chat Frontline,A3006,0,0.0,,,N,"hi there, order vr893548 (the strata 3).  locked out of my own account since around diwali. can someone fix this? thanks & regards,","OTP resent, cx logged in. Issue: login issue. Checked number on account. -TS",legacy_fd
TK-244621,2025-09-10 09:00,2025-09-10 15:04,2025-09-10 15:38,resolved,email,C108688,VR889773,VA-EB-PL1,Other,Normal,Email Frontline,A3021,0,3.0,,,N,not pairing with my phone - please help,"contact re unable to pair with phone. walked through forget + re-pair. reset done, paired ok.",helpdesk
TK-244621,2025-09-10 09:00,2025-09-10 15:04,2025-09-10 10:08,resolved,email,C108688,VR889773,VA-EB-PL1,Other,Normal,Email Frontline,A3021,0,3.0,,,N,not pairing with my phone - please help,"contact re unable to pair with phone. walked through forget + re-pair. reset done, paired ok.",legacy_fd
TK-244629,2025-09-10 13:45,2025-09-10 14:50,2025-09-18 17:27,resolved,email,C108679,VR904476,VA-SW-FIT,Warranty & Repair,Normal,Escalations & Warranty,A3044,0,,,,N,"Hello, Bought Nexa Fit around July 14 from Amazon. Touch screen not responding. I restarted. I want a replacement. Awaiting response, Kunal",Customer states touch not responding. chk FW version. Hard reset resolved.,helpdesk
TK-244629,2025-09-10 13:45,2025-09-10 14:50,2025-09-18 11:57,resolved,email,C108679,VR904476,VA-SW-FIT,Warranty & Repair,Normal,Escalations & Warranty,A3044,0,0.0,,,N,"Hello, Bought Nexa Fit around July 14 from Amazon. Touch screen not responding. I restarted. I want a replacement. Awaiting response, Kunal",Customer states touch not responding. chk FW version. Hard reset resolved.,legacy_fd
TK-244631,2025-09-10 15:16,2025-09-10 15:24,2025-09-10 15:47,resolved,chat,C107017,VR908725,VA-EB-PL2,Other,Normal,Chat Frontline,A3005,0,4.0,,,N,not pairing w/ my phone. VR908725. please help,"1. pairing failure
2. walked through forget + re-pair
3. re-pair successful, rslvd on chat",helpdesk
TK-244631,2025-09-10 15:16,2025-09-10 15:24,2025-09-10 10:17,resolved,chat,C107017,VR908725,VA-EB-PL2,Other,Normal,Chat Frontline,A3005,0,4.0,,,N,not pairing w/ my phone. VR908725. please help,"1. pairing failure
2. walked through forget + re-pair
3. re-pair successful, rslvd on chat",legacy_fd
TK-244632,2025-09-10 15:20,2025-09-10 15:34,2025-09-10 15:55,resolved,social,C105998,VR882058,VA-EB-PL1,Billing & Payments,High,Billing,A3033,0,,2124.0,DUP-PAYMENT,N,"Hey,
I bought Pulse earbus on 29-08-2025.  Payment went through but I got no order id.
I want my money back.",see prev,helpdesk
TK-244632,2025-09-10 15:20,2025-09-10 15:34,2025-09-10 10:25,resolved,social,C105998,VR882058,VA-EB-PL1,Billing & Payments,High,Billing,A3033,0,0.0,2124.0,DUP-PAYMENT,N,"Hey,
I bought Pulse earbus on 29-08-2025.  Payment went through but I got no order id.
I want my money back.",see prev,legacy_fd
TK-244659,2025-09-11 16:41,2025-09-11 16:42,2025-09-11 17:13,resolved,chat,C100870,,VA-EB-AIR,Other,High,Chat Frontline,A3014,0,,,,N,"product: the airlite buds
order: vr908379
purchased: 06/06
issue: crackling sound in the right side
tried: tried wired mode
expected: callback","reported: audio distortion. chk fw. advised eq reset, rslvd. -MI",helpdesk
TK-244659,2025-09-11 16:41,2025-09-11 16:42,2025-09-11 11:43,resolved,chat,C100870,,VA-EB-AIR,Other,High,Chat Frontline,A3014,0,0.0,,,N,"product: the airlite buds
order: vr908379
purchased: 06/06
issue: crackling sound in the right side
tried: tried wired mode
expected: callback","reported: audio distortion. chk fw. advised eq reset, rslvd. -MI",legacy_fd
TK-244665,2025-09-11 18:21,2025-09-11 20:48,2025-09-11 21:10,resolved,email,C109000,VR900739,VA-SW-NX2,Delivery & Shipping,Low,Logistics,A3029,0,,,,N,"order not delivered, tracking not updating. please call me on my registered number",sorted,helpdesk
TK-244665,2025-09-11 18:21,2025-09-11 20:48,2025-09-11 15:40,resolved,email,C109000,VR900739,VA-SW-NX2,Delivery & Shipping,Low,Logistics,A3029,0,0.0,,,N,"order not delivered, tracking not updating. please call me on my registered number",sorted,legacy_fd
TK-244674,2025-09-12 10:59,2025-09-12 11:01,,open,chat,C109067,VR898732,VA-SP-MINI,Other,Normal,Chat Frontline,A3012,0,,2499.0,CANCEL,N,"Product: Orbit Mini
Order: VR898732
Purchased: 03 Sep
Issue: cancel order VR898732
Tried: tried cancel button, gryed out
Expected: refund","cx reached out - ord cancellation. chk shipment status. Cancelled, rfnd initiated. (SOP 5.4)",helpdesk
TK-244674,2025-09-12 10:59,2025-09-12 11:01,,open,chat,C109067,VR898732,VA-SP-MINI,Other,Normal,Chat Frontline,A3012,0,0.0,2499.0,CANCEL,N,"Product: Orbit Mini
Order: VR898732
Purchased: 03 Sep
Issue: cancel order VR898732
Tried: tried cancel button, gryed out
Expected: refund","cx reached out - ord cancellation. chk shipment status. Cancelled, rfnd initiated. (SOP 5.4)",legacy_fd
TK-244677,2025-09-12 14:15,2025-09-12 14:30,2025-09-12 14:44,resolved,chat,C107899,VR907341,VA-EB-PL1,Delivery & Shipping,Normal,Logistics,A3031,0,3.0,,,N,"Product: the Pulse buds
Order: VR907341
Purchased: 07/09
Issue: entered wrong pincode
Tried: tried editing in app
Expected: callback",Cx reported wrong pincode. Updated address with crr. Address updated.,helpdesk
TK-244677,2025-09-12 14:15,2025-09-12 14:30,2025-09-12 09:14,resolved,chat,C107899,VR907341,VA-EB-PL1,Delivery & Shipping,Normal,Logistics,A3031,0,3.0,,,N,"Product: the Pulse buds
Order: VR907341
Purchased: 07/09
Issue: entered wrong pincode
Tried: tried editing in app
Expected: callback",Cx reported wrong pincode. Updated address with crr. Address updated.,legacy_fd
TK-244686,2025-09-12 17:39,2025-09-12 17:46,2025-09-13 22:09,resolved,chat,C102311,VR903454,VA-EB-AIR,Warranty & Repair,Normal,Escalations & Warranty,A3040,0,4.0,,,Y,"I have been a loal customer and this is how you treat me. Order VR903454 (the AirLite buds). NO UPDATE ON MY REPAIR. I already called service centre. I wat a replacement or refund, nothing else","repair completed, shipped back. issue: repari staus follow-up. followed up with service centre.",helpdesk
TK-244686,2025-09-12 17:39,2025-09-12 17:46,2025-09-13 16:39,resolved,chat,C102311,VR903454,VA-EB-AIR,Warranty & Repair,Normal,Escalations & Warranty,A3040,0,4.0,,,Y,"I have been a loal customer and this is how you treat me. Order VR903454 (the AirLite buds). NO UPDATE ON MY REPAIR. I already called service centre. I wat a replacement or refund, nothing else","repair completed, shipped back. issue: repari staus follow-up. followed up with service centre.",legacy_fd
TK-244721,2025-09-13 19:23,2025-09-13 22:12,2025-09-13 22:38,resolved,email,C107325,VR881878,VA-SW-NX2,App & Firmware,Normal,Email Frontline,A3021,0,2.0,,,N,"Still not fixed after your last 'resolution'.
the progress bar has not moved since morning",ticket raised for update hang. asked cx to keep in case 30 min. recovery successful.,helpdesk
TK-244721,2025-09-13 19:23,2025-09-13 22:12,2025-09-13 17:08,resolved,email,C107325,VR881878,VA-SW-NX2,App & Firmware,Normal,Email Frontline,A3021,0,2.0,,,N,"Still not fixed after your last 'resolution'.
the progress bar has not moved since morning",ticket raised for update hang. asked cx to keep in case 30 min. recovery successful.,legacy_fd
TK-244726,2025-09-13 21:38,2025-09-14 01:07,2025-09-14 01:19,resolved,email,C108060,VR884018,VA-EB-PL2,Connectivity,Normal,Email Frontline,A3017,0,4.0,,,N,"dear sir/madam,

i am writing with reference to my order of pulse 2 (vr884018) placed on 22 jul.  the app closes itself the moment i tap on my device. i have updated phone. i request you to process a refund to my original payment method.

sincerely,
bhavna boe","cx: app not opening | known issue on ios 18 - bug logged -> cleared cache, resolved ~Kabir",helpdesk
TK-244726,2025-09-13 21:38,2025-09-14 01:07,2025-09-13 19:49,resolved,email,C108060,VR884018,VA-EB-PL2,Connectivity,Normal,Email Frontline,A3017,0,4.0,,,N,"dear sir/madam,

i am writing with reference to my order of pulse 2 (vr884018) placed on 22 jul.  the app closes itself the moment i tap on my device. i have updated phone. i request you to process a refund to my original payment method.

sincerely,
bhavna boe","cx: app not opening | known issue on ios 18 - bug logged -> cleared cache, resolved ~Kabir",legacy_fd
TK-244730,2025-09-14 01:49,2025-09-14 01:55,2025-09-14 02:15,resolved,chat,C102807,VR880954,VA-SW-FIT,Account & Login,Normal,Chat Frontline,A3017,0,,,,N,"hi, bought my neexa fit band around july 17 from amazon.  your site keeps saying it sent me a code and my phone disagrees. i triied 5 times. nothing changed. please advise. thanks,",-,helpdesk
TK-244730,2025-09-14 01:49,2025-09-14 01:55,2025-09-13 20:45,resolved,chat,C102807,VR880954,VA-SW-FIT,Account & Login,Normal,Chat Frontline,A3017,0,0.0,,,N,"hi, bought my neexa fit band around july 17 from amazon.  your site keeps saying it sent me a code and my phone disagrees. i triied 5 times. nothing changed. please advise. thanks,",-,legacy_fd
TK-244731,2025-09-14 04:23,2025-09-14 04:28,2025-09-17 04:44,resolved,chat,C104935,,VA-EB-PL2,Returns & Refunds,Normal,Returns Desk,A3038,0,2.0,525.0,RETURN-QC-OK,N,"Dear Sir/Madam,

This is the second time I am writing about this. I am writing with reference to my order of pulse 2 buds placed on 03 Aug. Pickup scheduled but no one showed up. I have called courier. I request you to look into this matter at the earliest.

Yours faithfully,
Ritika Mukherjee",recontact. Cx reported pickup missed. Re-raised pickup with courier. Refund of Rs 525 initiated to source.,helpdesk
TK-244731,2025-09-14 04:23,2025-09-14 04:28,2025-09-16 23:14,resolved,chat,C104935,,VA-EB-PL2,Returns & Refunds,Normal,Returns Desk,A3038,0,2.0,525.0,RETURN-QC-OK,N,"Dear Sir/Madam,

This is the second time I am writing about this. I am writing with reference to my order of pulse 2 buds placed on 03 Aug. Pickup scheduled but no one showed up. I have called courier. I request you to look into this matter at the earliest.

Yours faithfully,
Ritika Mukherjee",recontact. Cx reported pickup missed. Re-raised pickup with courier. Refund of Rs 525 initiated to source.,legacy_fd
